Date,Price,Open,High,Low,Change %
2019/5/16,2.402,2.404,2.422,2.402,-0.12%
2019/5/15,2.405,2.41,2.417,2.402,-0.11%
2019/5/14,2.407,2.41,2.415,2.407,-0.11%
2019/5/13,2.41,2.422,2.447,2.406,-0.59%
2019/5/12,2.424,2.424,2.424,2.424,-0.19%
2019/5/10,2.429,2.425,2.427,2.422,-0.21%
2019/5/9,2.434,2.428,2.428,2.422,0.00%
2019/5/8,2.434,2.425,2.438,2.422,0.08%
2019/5/7,2.432,2.43,2.433,2.425,0.25%
2019/5/6,2.426,2.422,2.422,2.417,-0.04%
2019/5/5,2.427,2.427,2.427,2.427,-0.16%
2019/5/3,2.431,2.432,2.432,2.422,-0.25%
2019/5/2,2.437,2.42,2.51,2.417,0.41%
2019/5/1,2.427,2.441,2.471,2.402,-0.21%
2019/4/30,2.432,2.438,2.441,2.425,0.37%
2019/4/29,2.423,2.419,2.422,2.417,0.00%
2019/4/26,2.423,2.422,2.422,2.414,-0.25%
2019/4/25,2.429,2.43,2.43,2.417,-0.21%
2019/4/24,2.434,2.438,2.474,2.422,-0.65%
2019/4/23,2.45,2.474,2.556,2.441,0.37%
2019/4/22,2.441,2.427,2.437,2.427,0.58%
2019/4/21,2.427,2.427,2.427,2.427,-0.08%
2019/4/18,2.429,2.437,2.44,2.422,-0.41%
2019/4/17,2.439,2.433,2.461,2.43,-0.12%
2019/4/16,2.442,2.433,2.435,2.428,0.78%
2019/4/15,2.423,2.427,2.432,2.411,-0.37%
2019/4/14,2.432,2.432,2.432,2.432,-0.36%
2019/4/12,2.441,2.422,2.435,2.419,0.49%
2019/4/11,2.429,2.42,2.438,2.417,0.08%
2019/4/10,2.427,2.43,2.435,2.417,-0.08%
2019/4/9,2.429,2.415,2.435,2.415,0.00%
2019/4/8,2.429,2.427,2.427,2.422,-0.03%
2019/4/7,2.43,2.43,2.43,2.43,-0.18%
2019/4/5,2.434,2.433,2.433,2.427,0.00%
2019/4/4,2.434,2.428,2.435,2.428,-0.12%
2019/4/3,2.437,2.428,2.433,2.428,0.12%
2019/4/2,2.434,2.413,2.436,2.413,1.76%
2019/4/1,2.392,2.417,2.417,2.383,-0.39%
2019/3/31,2.401,2.401,2.401,2.401,0.06%
2019/3/29,2.4,2.432,2.432,2.391,-1.52%
2019/3/28,2.437,2.44,2.44,2.428,-0.20%
2019/3/27,2.442,2.458,2.461,2.428,-1.13%
2019/3/26,2.47,2.459,2.464,2.459,0.65%
2019/3/25,2.454,2.453,2.46,2.447,0.05%
2019/3/24,2.453,2.453,2.453,2.453,-0.38%
2019/3/22,2.462,2.466,2.466,2.453,-0.44%
2019/3/21,2.473,2.492,2.492,2.461,0.00%
2019/3/20,2.473,2.466,2.474,2.456,0.12%
2019/3/19,2.47,2.466,2.466,2.456,0.98%
2019/3/18,2.446,2.442,2.447,2.44,0.15%
2019/3/17,2.442,2.442,2.442,2.442,-0.39%
2019/3/15,2.452,2.447,2.447,2.442,0.00%
2019/3/14,2.452,2.448,2.448,2.443,0.00%
2019/3/13,2.452,2.451,2.458,2.446,-0.33%
2019/3/12,2.46,2.433,2.454,2.433,0.65%
2019/3/11,2.444,2.453,2.453,2.437,-0.35%
2019/3/10,2.453,2.453,2.453,2.453,-0.05%
2019/3/8,2.454,2.453,2.471,2.447,-0.24%
2019/3/7,2.46,2.458,2.463,2.453,-0.20%
2019/3/6,2.465,2.456,2.461,2.453,0.00%
2019/3/5,2.465,2.464,2.466,2.456,1.36%
2019/3/4,2.432,2.44,2.442,2.432,-0.32%
2019/3/3,2.44,2.44,2.44,2.44,0.20%
2019/3/1,2.435,2.44,2.445,2.435,-0.20%
2019/2/28,2.44,2.445,2.448,2.438,-0.45%
2019/2/27,2.451,2.459,2.461,2.443,-0.28%
2019/2/26,2.458,2.443,2.464,2.443,0.33%
2019/2/25,2.45,2.45,2.455,2.445,0.00%
2019/2/24,2.45,2.45,2.45,2.45,0.00%
2019/2/22,2.45,2.45,2.453,2.445,0.08%
2019/2/21,2.448,2.456,2.461,2.433,0.08%
2019/2/20,2.446,2.428,2.456,2.428,0.70%
2019/2/19,2.429,2.429,2.442,2.422,0.00%
2019/2/18,2.429,2.429,2.429,2.429,0.10%
2019/2/15,2.427,2.442,2.442,2.424,-0.12%
2019/2/14,2.43,2.443,2.443,2.425,0.00%
2019/2/13,2.43,2.438,2.448,2.428,-0.21%
2019/2/12,2.435,2.454,2.454,2.435,0.12%
2019/2/11,2.432,2.427,2.44,2.419,0.42%
2019/2/10,2.422,2.422,2.422,2.422,0.00%
2019/2/8,2.422,2.424,2.424,2.409,0.41%
2019/2/7,2.412,2.425,2.425,2.404,-0.21%
2019/2/6,2.417,2.428,2.433,2.412,0.00%
2019/2/5,2.417,2.428,2.433,2.418,1.09%
2019/2/4,2.391,2.396,2.396,2.381,-0.22%
2019/2/3,2.396,2.396,2.396,2.396,0.00%
2019/2/1,2.396,2.401,2.404,2.396,-0.04%
2019/1/31,2.397,2.425,2.433,2.397,-0.83%
2019/1/30,2.417,2.422,2.43,2.417,-0.25%
2019/1/29,2.423,2.425,2.43,2.42,1.47%
2019/1/28,2.388,2.383,2.394,2.383,0.19%
2019/1/27,2.383,2.383,2.383,2.383,0.00%
2019/1/25,2.383,2.371,2.389,2.368,0.59%
2019/1/24,2.369,2.44,2.445,2.363,-1.70%
2019/1/23,2.41,2.441,2.446,2.405,0.37%
2019/1/22,2.401,2.406,2.411,2.398,-0.22%
2019/1/21,2.406,2.406,2.406,2.406,0.10%
2019/1/18,2.404,2.411,2.411,2.401,-0.25%
2019/1/17,2.41,2.42,2.435,2.404,-0.41%
2019/1/16,2.42,2.451,2.464,2.412,-1.26%
2019/1/15,2.451,2.451,2.456,2.448,1.41%
2019/1/14,2.417,2.427,2.427,2.414,-0.20%
2019/1/13,2.422,2.422,2.422,2.422,-0.09%
2019/1/11,2.424,2.43,2.432,2.422,-0.37%
2019/1/10,2.433,2.445,2.448,2.43,-0.41%
2019/1/9,2.443,2.459,2.474,2.441,-0.61%
2019/1/8,2.458,2.456,2.471,2.446,2.03%
2019/1/7,2.409,2.424,2.427,2.409,-0.64%
2019/1/6,2.424,2.424,2.424,2.424,0.43%
2019/1/4,2.414,2.437,2.437,2.409,0.08%
2019/1/3,2.412,2.422,2.471,2.407,-0.21%
2019/1/2,2.417,2.469,2.469,2.415,-2.00%
2019/1/1,2.466,2.466,2.466,2.466,3.58%
2018/12/31,2.381,2.388,2.48,2.373,-0.21%
2018/12/30,2.386,2.386,2.386,2.386,0.13%
2018/12/28,2.383,2.412,2.417,2.378,-1.12%
2018/12/27,2.41,2.446,2.453,2.407,-1.03%
2018/12/26,2.435,2.443,2.453,2.428,-0.34%
2018/12/25,2.443,2.443,2.443,2.443,2.31%
2018/12/24,2.388,2.391,2.398,2.386,0.08%
2018/12/23,2.386,2.386,2.386,2.386,0.00%
2018/12/21,2.386,2.386,2.407,2.373,-0.25%
2018/12/20,2.392,2.438,2.438,2.386,-0.08%
2018/12/19,2.394,2.384,2.407,2.382,0.42%
2018/12/18,2.384,2.4,2.43,2.382,-0.42%
2018/12/17,2.394,2.427,2.427,2.388,-0.94%
2018/12/16,2.417,2.417,2.417,2.417,-0.30%
2018/12/14,2.424,2.427,2.427,2.409,0.17%
2018/12/13,2.42,2.428,2.433,2.415,-0.33%
2018/12/12,2.428,2.438,2.446,2.428,0.00%
2018/12/11,2.428,2.438,2.438,2.425,1.76%
2018/12/10,2.386,2.396,2.396,2.376,-0.43%
2018/12/9,2.396,2.396,2.396,2.396,0.00%
2018/12/7,2.396,2.409,2.414,2.394,-0.58%
2018/12/6,2.41,2.417,2.42,2.407,-0.52%
2018/12/5,2.422,2.422,2.422,2.422,-0.02%
2018/12/4,2.423,2.397,2.428,2.389,3.46%
2018/12/3,2.342,2.358,2.371,2.34,-0.56%
2018/12/2,2.355,2.355,2.355,2.355,-0.33%
2018/11/30,2.363,2.371,2.373,2.353,-0.13%
2018/11/29,2.366,2.392,2.392,2.358,-0.88%
2018/11/28,2.387,2.405,2.407,2.382,-0.75%
2018/11/27,2.405,2.405,2.425,2.402,0.25%
2018/11/26,2.399,2.404,2.414,2.399,-0.31%
2018/11/25,2.407,2.407,2.407,2.407,0.10%
2018/11/23,2.404,2.404,2.407,2.404,0.09%
2018/11/22,2.402,2.402,2.402,2.402,-0.22%
2018/11/21,2.407,2.397,2.409,2.386,0.63%
2018/11/20,2.392,2.387,2.395,2.376,1.57%
2018/11/19,2.355,2.352,2.365,2.352,0.10%
2018/11/18,2.353,2.353,2.353,2.353,-0.10%
2018/11/16,2.355,2.376,2.378,2.348,-0.46%
2018/11/15,2.366,2.381,2.399,2.366,-0.42%
2018/11/14,2.376,2.382,2.402,2.374,1.11%
2018/11/13,2.35,2.35,2.355,2.345,-0.22%
2018/11/12,2.355,2.355,2.355,2.355,0.00%
2018/11/9,2.355,2.35,2.355,2.35,-0.13%
2018/11/8,2.358,2.366,2.366,2.353,-0.13%
2018/11/7,2.361,2.376,2.405,2.356,-0.21%
2018/11/6,2.366,2.361,2.405,2.351,1.89%
2018/11/5,2.322,2.332,2.332,2.319,-0.11%
2018/11/4,2.325,2.325,2.325,2.325,-0.11%
2018/11/2,2.327,2.319,2.355,2.319,0.09%
2018/11/1,2.325,2.33,2.333,2.322,-0.34%
2018/10/31,2.333,2.341,2.346,2.33,-0.21%
2018/10/30,2.338,2.33,2.351,2.33,1.04%
2018/10/29,2.314,2.329,2.337,2.312,-0.67%
2018/10/28,2.33,2.327,2.33,2.327,0.11%
2018/10/26,2.327,2.33,2.33,2.325,-0.34%
2018/10/25,2.335,2.33,2.34,2.33,-0.21%
2018/10/24,2.34,2.341,2.366,2.33,0.00%
2018/10/23,2.34,2.341,2.346,2.336,1.21%
2018/10/22,2.312,2.314,2.314,2.309,0.13%
2018/10/21,2.309,2.309,2.309,2.309,0.00%
2018/10/19,2.309,2.314,2.314,2.306,-0.04%
2018/10/18,2.31,2.315,2.315,2.309,0.00%
2018/10/17,2.31,2.31,2.32,2.31,0.00%
2018/10/16,2.31,2.305,2.318,2.305,1.18%
2018/10/15,2.283,2.265,2.286,2.265,0.54%
2018/10/14,2.271,2.271,2.271,2.271,0.00%
2018/10/12,2.271,2.266,2.273,2.266,0.22%
2018/10/11,2.266,2.269,2.274,2.263,-0.35%
2018/10/10,2.274,2.263,2.305,2.263,1.65%
2018/10/9,2.237,2.222,2.247,2.222,0.92%
2018/10/8,2.217,2.217,2.217,2.217,0.00%
2018/10/5,2.217,2.222,2.222,2.214,-0.23%
2018/10/4,2.222,2.23,2.348,2.222,-0.04%
2018/10/3,2.223,2.346,2.346,2.217,0.00%
2018/10/2,2.223,2.346,2.346,2.217,0.77%
2018/10/1,2.206,2.201,2.214,2.201,0.09%
2018/9/30,2.204,2.204,2.204,2.204,0.23%
2018/9/28,2.199,2.196,2.207,2.184,0.32%
2018/9/27,2.192,2.202,2.204,2.184,-0.90%
2018/9/26,2.212,2.217,2.217,2.197,-0.14%
2018/9/25,2.215,2.218,2.223,2.212,1.93%
2018/9/24,2.173,2.181,2.186,2.173,0.00%
2018/9/23,2.173,2.173,2.173,2.173,0.00%
2018/9/21,2.173,2.171,2.186,2.171,0.18%
2018/9/20,2.169,2.181,2.181,2.166,0.14%
2018/9/19,2.166,2.179,2.187,2.166,-0.37%
2018/9/18,2.174,2.171,2.184,2.166,0.74%
2018/9/17,2.158,2.15,2.16,2.145,0.24%
2018/9/16,2.153,2.153,2.153,2.153,0.00%
2018/9/14,2.153,2.155,2.155,2.14,0.47%
2018/9/13,2.143,2.156,2.156,2.14,-0.37%
2018/9/12,2.151,2.151,2.151,2.151,-0.09%
2018/9/11,2.153,2.151,2.156,2.151,0.98%
2018/9/10,2.132,2.14,2.142,2.132,-0.37%
2018/9/9,2.14,2.14,2.14,2.14,0.14%
2018/9/7,2.137,2.14,2.143,2.13,0.33%
2018/9/6,2.13,2.14,2.145,2.128,-0.23%
2018/9/5,2.135,2.13,2.135,2.13,0.85%
2018/9/4,2.117,2.112,2.127,2.096,0.74%
2018/9/3,2.102,2.102,2.102,2.102,-0.12%
2018/8/31,2.104,2.099,2.119,2.097,-0.05%
2018/8/30,2.105,2.128,2.128,2.102,-0.94%
2018/8/29,2.125,2.125,2.13,2.125,-0.14%
2018/8/28,2.128,2.125,2.128,2.12,0.90%
2018/8/27,2.109,2.096,2.109,2.096,0.47%
2018/8/26,2.099,2.099,2.099,2.099,0.25%
2018/8/24,2.094,2.079,2.102,2.079,0.72%
2018/8/23,2.079,2.079,2.107,2.074,-0.24%
2018/8/22,2.084,2.079,2.084,2.079,0.24%
2018/8/21,2.079,2.077,2.079,2.074,1.91%
2018/8/20,2.04,2.058,2.058,2.04,-0.13%
2018/8/19,2.043,2.043,2.043,2.043,0.00%
2018/8/17,2.043,2.058,2.063,2.04,-1.02%
2018/8/16,2.064,2.074,2.079,2.053,-0.24%
2018/8/15,2.069,2.069,2.084,2.069,-0.62%
2018/8/14,2.082,2.069,2.082,2.069,1.91%
2018/8/13,2.043,2.053,2.06,2.043,-0.36%
2018/8/12,2.05,2.05,2.05,2.05,0.26%
2018/8/10,2.045,2.053,2.084,2.043,-0.29%
2018/8/9,2.051,2.053,2.074,2.048,-0.24%
2018/8/8,2.056,2.048,2.061,2.048,0.00%
2018/8/7,2.056,2.056,2.061,2.048,2.09%
2018/8/6,2.014,2.007,2.02,2.007,0.35%
2018/8/5,2.007,2.007,2.007,2.007,0.00%
2018/8/3,2.007,2.007,2.012,2.004,0.00%
2018/8/2,2.007,2.028,2.028,2,-0.89%
2018/8/1,2.025,2.033,2.033,2.025,-0.39%
2018/7/31,2.033,2.038,2.043,2.028,2.11%
2018/7/30,1.991,1.992,2.004,1.986,0.10%
2018/7/29,1.989,1.989,1.989,1.989,-0.15%
2018/7/27,1.992,1.992,1.992,1.989,0.15%
2018/7/26,1.989,2.007,2.035,1.989,-0.55%
2018/7/25,2,2.007,2.013,1.997,-0.35%
2018/7/24,2.007,2.007,2.013,2.005,2.09%
2018/7/23,1.966,1.986,2.025,1.963,-0.52%
2018/7/22,1.976,1.976,1.976,1.976,-0.14%
2018/7/20,1.979,1.992,2.002,1.976,-0.75%
2018/7/19,1.994,1.997,2.017,1.987,-0.40%
2018/7/18,2.002,2.023,2.048,2.002,-0.79%
2018/7/17,2.018,2.023,2.025,2.013,1.87%
2018/7/16,1.981,1.976,1.994,1.966,0.24%
2018/7/15,1.976,1.976,1.976,1.976,0.26%
2018/7/13,1.971,1.976,1.981,1.966,-0.15%
2018/7/12,1.974,1.971,1.977,1.951,0.66%
2018/7/11,1.961,1.984,1.987,1.956,-0.81%
2018/7/10,1.977,1.987,1.99,1.977,0.82%
2018/7/9,1.961,1.956,1.966,1.951,0.53%
2018/7/8,1.951,1.951,1.951,1.951,0.00%
2018/7/6,1.951,1.956,1.966,1.951,-0.26%
2018/7/5,1.956,1.977,1.984,1.954,-0.79%
2018/7/4,1.972,1.972,1.972,1.972,-0.38%
2018/7/3,1.979,1.977,1.982,1.974,2.27%
2018/7/2,1.935,1.935,1.943,1.92,0.79%
2018/7/1,1.92,1.92,1.92,1.92,0.00%
2018/6/29,1.92,1.935,1.943,1.917,0.00%
2018/6/28,1.92,1.928,1.938,1.918,0.00%
2018/6/27,1.92,1.933,1.936,1.92,-0.93%
2018/6/26,1.938,1.933,1.944,1.933,2.05%
2018/6/25,1.899,1.925,1.93,1.894,-1.35%
2018/6/24,1.925,1.925,1.925,1.925,0.52%
2018/6/22,1.915,1.936,1.946,1.912,-0.93%
2018/6/21,1.933,1.931,1.943,1.931,0.00%
2018/6/20,1.933,1.946,1.946,1.928,-0.51%
2018/6/19,1.943,1.946,1.946,1.936,0.83%
2018/6/18,1.927,1.935,1.943,1.928,-0.29%
2018/6/17,1.933,1.935,1.935,1.933,0.00%
2018/6/15,1.933,1.933,1.943,1.925,0.26%
2018/6/14,1.928,1.936,1.943,1.92,-0.41%
2018/6/13,1.936,1.938,1.943,1.925,0.16%
2018/6/12,1.933,1.946,1.951,1.933,1.10%
2018/6/11,1.912,1.93,1.94,1.905,-0.94%
2018/6/10,1.93,1.93,1.93,1.93,0.27%
2018/6/8,1.925,1.93,1.94,1.917,-0.26%
2018/6/7,1.93,1.948,1.948,1.928,-0.57%
2018/6/6,1.941,1.956,1.961,1.941,-0.36%
2018/6/5,1.948,1.956,1.956,1.946,1.99%
2018/6/4,1.91,1.915,1.925,1.905,-0.12%
2018/6/3,1.912,1.912,1.912,1.912,0.12%
2018/6/1,1.91,1.915,1.938,1.905,-0.26%
2018/5/31,1.915,1.915,1.951,1.905,-0.42%
2018/5/30,1.923,1.915,1.949,1.915,1.96%
2018/5/29,1.886,1.899,1.904,1.884,-0.71%
2018/5/28,1.899,1.897,1.899,1.897,0.13%
2018/5/25,1.897,1.9,1.902,1.884,-0.42%
2018/5/24,1.905,1.923,1.928,1.897,-0.68%
2018/5/23,1.918,1.936,1.959,1.91,-1.03%
2018/5/22,1.938,1.944,1.944,1.933,1.63%
2018/5/21,1.907,1.892,1.912,1.892,0.67%
2018/5/20,1.894,1.897,1.897,1.894,-0.25%
2018/5/18,1.899,1.905,1.917,1.897,-0.42%
2018/5/17,1.907,1.908,1.92,1.905,0.10%
2018/5/16,1.905,1.915,1.928,1.905,-0.52%
2018/5/15,1.915,1.92,1.926,1.91,0.84%
2018/5/14,1.899,1.887,1.997,1.887,-0.16%
2018/5/13,1.902,1.902,1.902,1.902,-0.16%
2018/5/11,1.905,1.91,1.915,1.884,0.79%
2018/5/10,1.89,1.877,1.92,1.877,0.27%
2018/5/9,1.885,1.874,1.89,1.874,0.59%
2018/5/8,1.874,1.867,1.887,1.867,2.13%
2018/5/7,1.835,1.83,1.843,1.83,0.11%
2018/5/6,1.833,1.836,1.836,1.833,-0.16%
2018/5/4,1.836,1.823,1.841,1.823,0.27%
2018/5/3,1.831,1.828,1.841,1.821,0.44%
2018/5/2,1.823,1.874,1.874,1.823,-1.67%
2018/5/1,1.854,1.874,1.874,1.851,2.60%
2018/4/30,1.807,1.817,1.83,1.807,-0.30%
2018/4/29,1.813,1.813,1.813,1.813,0.00%
2018/4/27,1.813,1.818,1.83,1.81,-0.82%
2018/4/26,1.828,1.854,1.861,1.815,-1.40%
2018/4/25,1.854,1.874,1.874,1.851,-0.70%
2018/4/24,1.867,1.874,1.88,1.864,2.30%
2018/4/23,1.825,1.812,1.825,1.81,0.97%
2018/4/22,1.807,1.807,1.807,1.807,0.00%
2018/4/20,1.807,1.833,1.833,1.807,-1.04%
2018/4/19,1.826,1.813,1.833,1.805,0.72%
2018/4/18,1.813,1.787,1.828,1.787,1.17%
2018/4/17,1.792,1.788,1.795,1.777,2.17%
2018/4/16,1.754,1.756,1.774,1.748,-0.13%
2018/4/15,1.756,1.756,1.756,1.756,-0.15%
2018/4/13,1.759,1.751,1.761,1.746,0.74%
2018/4/12,1.746,1.721,1.749,1.721,0.69%
2018/4/11,1.734,1.731,1.736,1.726,-0.12%
2018/4/10,1.736,1.741,1.752,1.734,1.22%
2018/4/9,1.715,1.72,1.723,1.715,-0.17%
2018/4/8,1.718,1.715,1.723,1.715,-0.12%
2018/4/6,1.72,1.71,1.738,1.71,0.41%
2018/4/5,1.713,1.711,1.718,1.703,0.29%
2018/4/4,1.708,1.752,1.764,1.703,-2.62%
2018/4/3,1.754,1.782,1.782,1.752,1.80%
2018/4/2,1.723,1.723,1.728,1.723,-0.44%
2018/4/1,1.731,1.713,1.731,1.713,0.92%
2018/3/29,1.715,1.728,1.754,1.713,-1.21%
2018/3/28,1.736,1.775,1.775,1.734,-2.20%
2018/3/27,1.775,1.782,1.808,1.772,1.66%
2018/3/26,1.746,1.731,1.8,1.725,1.33%
2018/3/25,1.723,1.723,1.723,1.723,-0.28%
2018/3/23,1.728,1.72,1.795,1.72,0.29%
2018/3/22,1.723,1.749,1.823,1.711,-1.32%
2018/3/21,1.746,1.798,1.8,1.734,-3.00%
2018/3/20,1.8,1.795,1.808,1.795,1.75%
2018/3/19,1.769,1.782,1.802,1.766,-0.72%
2018/3/18,1.782,1.782,1.782,1.782,0.16%
2018/3/16,1.779,1.772,1.782,1.761,0.40%
2018/3/15,1.772,1.762,1.774,1.751,1.03%
2018/3/14,1.754,1.731,1.762,1.721,1.62%
2018/3/13,1.726,1.711,1.729,1.701,2.62%
2018/3/12,1.682,1.674,1.687,1.672,0.45%
2018/3/11,1.674,1.672,1.674,1.672,0.00%
2018/3/9,1.675,1.664,1.68,1.664,0.00%
2018/3/8,1.675,1.685,1.69,1.659,-0.59%
2018/3/7,1.685,1.69,1.69,1.68,0.18%
2018/3/6,1.682,1.69,1.693,1.675,0.90%
2018/3/5,1.667,1.644,1.669,1.644,1.25%
2018/3/4,1.646,1.646,1.646,1.646,0.15%
2018/3/2,1.644,1.628,1.649,1.623,0.92%
2018/3/1,1.629,1.654,1.664,1.621,-1.81%
2018/2/28,1.659,1.67,1.677,1.66,-0.96%
2018/2/27,1.675,1.675,1.68,1.675,1.76%
2018/2/26,1.646,1.644,1.656,1.639,0.00%
2018/2/25,1.646,1.646,1.646,1.646,0.15%
2018/2/23,1.644,1.644,1.646,1.639,0.00%
2018/2/22,1.644,1.644,1.657,1.644,-0.18%
2018/2/21,1.647,1.649,1.657,1.642,2.30%
2018/2/20,1.61,1.608,1.623,1.603,0.12%
2018/2/19,1.608,1.6,1.608,1.6,0.47%
2018/2/18,1.6,1.6,1.6,1.6,-0.47%
2018/2/16,1.608,1.611,1.626,1.598,0.63%
2018/2/15,1.598,1.58,1.598,1.57,0.63%
2018/2/14,1.588,1.608,1.616,1.573,-1.24%
2018/2/13,1.608,1.619,1.685,1.593,2.29%
2018/2/12,1.572,1.562,1.595,1.562,0.63%
2018/2/11,1.562,1.562,1.562,1.562,0.00%
2018/2/9,1.562,1.552,1.562,1.549,0.64%
2018/2/8,1.552,1.527,1.57,1.524,0.32%
2018/2/7,1.547,1.516,1.565,1.516,1.51%
2018/2/6,1.524,1.516,1.534,1.514,2.08%
2018/2/5,1.493,1.488,1.501,1.475,0.33%
2018/2/4,1.488,1.485,1.488,1.485,0.14%
2018/2/2,1.486,1.475,1.491,1.473,-0.13%
2018/2/1,1.488,1.45,1.493,1.45,1.57%
2018/1/31,1.465,1.46,1.478,1.455,0.34%
2018/1/30,1.46,1.45,1.463,1.445,3.62%
2018/1/29,1.409,1.422,1.468,1.409,-0.89%
2018/1/28,1.422,1.422,1.422,1.422,0.00%
2018/1/26,1.422,1.422,1.45,1.414,-0.35%
2018/1/25,1.427,1.435,1.463,1.424,-0.90%
2018/1/24,1.44,1.455,1.455,1.435,-0.48%
2018/1/23,1.447,1.455,1.455,1.445,1.62%
2018/1/22,1.424,1.429,1.437,1.424,-0.70%
2018/1/19,1.434,1.44,1.44,1.432,-0.42%
2018/1/18,1.44,1.44,1.473,1.435,-0.35%
2018/1/17,1.445,1.445,1.447,1.442,1.12%
2018/1/16,1.429,1.445,1.46,1.235,-1.08%
2018/1/15,1.445,1.447,1.447,1.445,0.00%
2018/1/12,1.445,1.437,1.462,1.429,0.56%
2018/1/11,1.437,1.424,1.44,1.424,0.91%
2018/1/10,1.424,1.45,1.458,1.424,-1.79%
2018/1/9,1.45,1.447,1.45,1.445,2.55%
2018/1/8,1.414,1.404,1.447,1.404,0.73%
2018/1/7,1.404,1.404,1.404,1.404,0.00%
2018/1/5,1.404,1.404,1.432,1.404,0.00%
2018/1/4,1.404,1.432,1.445,1.404,0.00%
2018/1/3,1.404,1.465,1.465,1.401,-0.50%
2018/1/2,1.411,1.393,1.437,1.386,1.44%
2018/1/1,1.391,1.391,1.391,1.391,0.00%
2017/12/29,1.391,1.391,1.419,1.386,-1.14%
2017/12/28,1.407,1.45,1.47,1.384,-2.76%
2017/12/27,1.447,1.47,1.47,1.447,7.58%
2017/12/26,1.345,1.34,1.353,1.332,-0.58%
2017/12/25,1.353,1.335,1.353,1.335,1.33%
2017/12/22,1.335,1.353,1.394,1.332,-1.33%
2017/12/21,1.353,1.384,1.394,1.348,-2.24%
2017/12/20,1.384,1.386,1.404,1.378,-0.14%
2017/12/19,1.386,1.379,1.386,1.376,2.82%
2017/12/18,1.348,1.325,1.353,1.32,1.56%
2017/12/17,1.327,1.322,1.327,1.322,0.39%
2017/12/16,1.322,1.322,1.322,1.322,0.39%
2017/12/15,1.317,1.307,1.322,1.307,0.15%
2017/12/14,1.315,1.417,1.417,1.302,0.77%
2017/12/13,1.305,1.343,1.358,1.299,-2.83%
2017/12/12,1.343,1.338,1.348,1.305,3.79%
2017/12/11,1.294,1.286,1.309,1.281,0.38%
2017/12/10,1.289,1.281,1.289,1.281,0.40%
2017/12/8,1.284,1.286,1.317,1.281,-0.62%
2017/12/7,1.292,1.297,1.327,1.281,-0.15%
2017/12/6,1.294,1.312,1.317,1.287,-1.60%
2017/12/5,1.315,1.312,1.322,1.292,0.00%
2017/12/4,1.315,1.271,1.281,1.266,3.86%
2017/12/3,1.266,1.266,1.266,1.266,0.00%
2017/12/1,1.266,1.266,1.286,1.258,-0.24%
2017/11/30,1.269,1.287,1.302,1.264,-1.55%
2017/11/29,1.289,1.302,1.304,1.284,-0.62%
2017/11/28,1.297,1.328,1.328,1.297,3.26%
2017/11/27,1.256,1.286,1.292,1.251,-2.76%
2017/11/26,1.292,1.271,1.292,1.271,1.62%
2017/11/24,1.271,1.292,1.302,1.266,-2.37%
2017/11/23,1.302,1.302,1.302,1.302,0.77%
2017/11/22,1.292,1.307,1.31,1.287,-1.37%
2017/11/21,1.31,1.315,1.317,1.305,3.07%
2017/11/20,1.271,1.266,1.281,1.266,0.18%
2017/11/19,1.269,1.269,1.269,1.269,-0.18%
2017/11/17,1.271,1.261,1.271,1.261,0.79%
2017/11/16,1.261,1.261,1.266,1.251,0.40%
2017/11/15,1.256,1.261,1.276,1.246,-1.18%
2017/11/14,1.271,1.256,1.271,1.256,4.61%
2017/11/13,1.215,1.233,1.233,1.21,-1.25%
2017/11/12,1.23,1.23,1.23,1.228,0.00%
2017/11/10,1.23,1.23,1.246,1.23,-0.24%
2017/11/9,1.233,1.236,1.259,1.23,0.65%
2017/11/8,1.225,1.215,1.233,1.215,0.57%
2017/11/7,1.218,1.195,1.238,1.195,2.61%
2017/11/6,1.187,1.164,1.192,1.164,0.64%
2017/11/5,1.179,1.179,1.179,1.179,0.20%
2017/11/3,1.177,1.205,1.205,1.164,0.86%
2017/11/2,1.167,1.159,1.172,1.159,0.00%
2017/11/1,1.167,1.144,1.167,1.144,1.13%
2017/10/31,1.154,1.144,1.174,1.144,4.62%
2017/10/30,1.103,1.103,1.128,1.1,0.24%
2017/10/29,1.1,1.103,1.103,1.1,0.00%
2017/10/27,1.1,1.108,1.136,1.1,-0.72%
2017/10/26,1.108,1.123,1.149,1.103,-0.27%
2017/10/25,1.111,1.118,1.126,1.108,-1.33%
2017/10/24,1.126,1.118,1.126,1.118,2.55%
2017/10/23,1.098,1.093,1.118,1.093,-0.68%
2017/10/22,1.105,1.108,1.108,1.105,0.23%
2017/10/20,1.103,1.083,1.108,1.083,0.91%
2017/10/19,1.093,1.083,1.108,1.08,-0.18%
2017/10/18,1.095,1.098,1.1,1.093,-0.54%
2017/10/17,1.101,1.098,1.111,1.098,1.66%
2017/10/16,1.083,1.077,1.088,1.067,0.51%
2017/10/15,1.077,1.072,1.077,1.072,0.00%
2017/10/13,1.077,1.077,1.088,1.072,-0.28%
2017/10/12,1.08,1.098,1.103,1.08,-1.37%
2017/10/11,1.095,1.098,1.108,1.095,1.11%
2017/10/10,1.083,1.077,1.088,1.07,1.23%
2017/10/9,1.07,1.07,1.07,1.07,0.00%
2017/10/6,1.07,1.072,1.08,1.067,0.00%
2017/10/5,1.07,1.067,1.08,1.062,0.00%
2017/10/4,1.07,1.057,1.07,1.057,0.75%
2017/10/3,1.062,1.057,1.078,1.057,1.72%
2017/10/2,1.044,1.057,1.111,1.034,-1.24%
2017/10/1,1.057,1.057,1.057,1.057,0.00%
2017/9/29,1.057,1.057,1.116,1.055,0.00%
2017/9/28,1.057,1.072,1.128,1.057,-0.75%
2017/9/27,1.065,1.062,1.075,1.062,-0.47%
2017/9/26,1.07,1.062,1.072,1.062,4.49%
2017/9/25,1.024,1.032,1.103,1.019,-0.24%
2017/9/24,1.026,1.026,1.026,1.026,-0.24%
2017/9/22,1.029,1.032,1.146,1.026,-0.48%
2017/9/21,1.034,1.037,1.111,1.027,-1.24%
2017/9/20,1.047,1.042,1.052,1.037,0.29%
2017/9/19,1.044,1.067,1.072,1.044,1.66%
2017/9/18,1.027,1.113,1.113,1.021,-0.94%
2017/9/17,1.037,1.037,1.037,1.037,0.00%
2017/9/15,1.037,1.037,1.126,1.037,-1.71%
2017/9/14,1.055,1.042,1.113,1.037,1.05%
2017/9/13,1.044,1.037,1.05,1.037,0.00%
2017/9/12,1.044,1.047,1.06,1.044,-0.29%
2017/9/11,1.047,1.042,1.108,1.042,0.00%
2017/9/10,1.047,1.047,1.047,1.047,0.00%
2017/9/8,1.047,1.037,1.095,1.037,0.00%
2017/9/7,1.047,1.047,1.106,1.044,-1.69%
2017/9/6,1.065,1.037,1.07,1.037,5.55%
2017/9/5,1.009,1.016,1.118,0.996,-0.97%
2017/9/3,1.019,1.019,1.019,1.019,0.78%
2017/9/1,1.011,1.001,1.108,1.001,0.70%
2017/8/31,1.004,1.021,1.128,0.996,-1.95%
2017/8/30,1.024,1.037,1.037,1.022,-1.25%
2017/8/29,1.037,1.037,1.039,1.032,0.48%
2017/8/28,1.032,1.021,1.032,1.016,1.80%
2017/8/27,1.014,1.019,1.019,1.014,-0.71%
2017/8/25,1.021,1.016,1.032,0.996,-0.29%
2017/8/24,1.024,0.996,1.024,0.996,2.30%
2017/8/23,1.001,1.011,1.016,1.001,-1.48%
2017/8/22,1.016,1.011,1.027,1.011,2.52%
2017/8/21,0.991,1.006,1.016,0.986,-1.26%
2017/8/20,1.004,1.011,1.011,1.004,-1.03%
2017/8/18,1.014,0.996,1.016,0.996,1.00%
2017/8/17,1.004,1.016,1.032,0.996,-0.99%
2017/8/16,1.014,1.042,1.042,1.014,-1.93%
2017/8/15,1.034,1.042,1.042,1.029,0.49%
2017/8/14,1.029,1.042,1.057,1.026,-1.71%
2017/8/13,1.047,1.037,1.047,1.037,0.76%
2017/8/11,1.039,1.047,1.057,1.037,-0.48%
2017/8/10,1.044,1.05,1.167,1.042,-0.76%
2017/8/9,1.052,1.047,1.052,1.047,-0.47%
2017/8/8,1.057,1.047,1.06,1.044,0.00%
2017/8/7,1.057,1.072,1.108,1.047,-2.13%
2017/8/6,1.08,1.08,1.08,1.077,0.28%
2017/8/4,1.077,1.085,1.095,1.072,-0.74%
2017/8/3,1.085,1.067,1.088,1.067,0.65%
2017/8/2,1.078,1.078,1.088,1.07,-0.65%
2017/8/1,1.085,1.078,1.101,1.078,0.18%
2017/7/31,1.083,1.07,1.082,1.065,1.47%
2017/7/30,1.067,1.067,1.067,1.067,-1.18%
2017/7/28,1.08,1.1,1.113,1.072,-2.35%
2017/7/27,1.106,1.121,1.131,1.098,-2.04%
2017/7/26,1.129,1.18,1.18,1.123,-3.67%
2017/7/25,1.172,1.19,1.203,1.167,-0.59%
2017/7/24,1.179,1.164,1.187,1.156,0.40%
2017/7/23,1.174,1.172,1.174,1.172,0.45%
2017/7/21,1.169,1.139,1.174,1.136,2.19%
2017/7/20,1.144,1.106,1.172,1.09,2.51%
2017/7/19,1.116,1.067,1.123,1.067,4.30%
2017/7/18,1.07,1.067,1.07,1.065,2.20%
2017/7/17,1.047,1.034,1.093,1.034,0.74%
2017/7/16,1.039,1.037,1.039,1.037,0.51%
2017/7/14,1.034,1.034,1.083,1.034,-0.48%
2017/7/13,1.039,1.047,1.08,1.037,-1.05%
2017/7/12,1.05,1.057,1.057,1.05,-0.94%
2017/7/11,1.06,1.047,1.062,1.047,2.02%
2017/7/10,1.039,1.032,1.077,1.032,0.46%
2017/7/9,1.034,1.037,1.037,1.034,0.00%
2017/7/7,1.034,1.034,1.042,1.032,0.00%
2017/7/6,1.034,1.047,1.047,1.032,-1.52%
2017/7/5,1.05,1.062,1.052,1.044,-1.17%
2017/7/4,1.062,1.062,1.062,1.062,3.55%
2017/7/3,1.026,1.024,1.05,1.019,0.45%
2017/7/2,1.021,1.026,1.026,1.021,-0.50%
2017/7/1,1.026,1.026,1.026,1.026,0.54%
2017/6/30,1.021,1.021,1.067,1.019,-0.78%
2017/6/29,1.029,1.006,1.057,1.006,1.78%
2017/6/28,1.011,1.016,1.016,1.011,-0.79%
2017/6/27,1.019,1.006,1.072,1.006,6.15%
2017/6/26,0.96,0.97,1.009,0.955,-0.30%
2017/6/25,0.963,0.958,0.963,0.958,0.51%
2017/6/23,0.958,0.965,0.996,0.953,0.00%
2017/6/22,0.958,0.991,1.034,0.953,-3.62%
2017/6/21,0.994,1.029,1.029,0.988,-2.45%
2017/6/20,1.019,1.037,1.037,1.019,0.79%
2017/6/19,1.011,1.009,1.021,1.006,0.00%
2017/6/18,1.011,1.011,1.011,1.011,0.00%
2017/6/16,1.011,1.006,1.024,0.996,-0.79%
2017/6/15,1.019,1.011,1.021,1.001,0.79%
2017/6/14,1.011,1.006,1.022,0.993,0.20%
2017/6/13,1.009,1.006,1.016,1.006,1.10%
2017/6/12,0.998,1.011,1.019,0.998,-1.31%
2017/6/11,1.011,1.006,1.011,1.006,0.52%
2017/6/9,1.006,0.981,1.011,0.981,0.70%
2017/6/8,0.999,0.981,1.001,0.981,0.00%
2017/6/7,0.999,0.986,1.001,0.983,1.63%
2017/6/6,0.983,0.986,0.991,0.983,1.03%
2017/6/5,0.973,0.973,0.988,0.97,-0.27%
2017/6/4,0.976,0.976,0.976,0.976,-0.25%
2017/6/2,0.978,0.973,0.983,0.968,0.51%
2017/6/1,0.973,0.973,1.057,0.973,-0.51%
2017/5/31,0.978,0.976,0.996,0.965,4.60%
2017/5/30,0.935,0.925,0.945,0.925,0.29%
2017/5/29,0.932,0.932,0.932,0.932,-0.29%
2017/5/26,0.935,0.909,0.937,0.907,0.32%
2017/5/25,0.932,0.943,0.948,0.91,0.22%
2017/5/24,0.93,0.935,0.955,0.93,-0.75%
2017/5/23,0.937,0.93,0.94,0.925,3.65%
2017/5/22,0.904,0.914,0.922,0.899,-0.31%
2017/5/21,0.907,0.909,0.909,0.907,-0.79%
2017/5/19,0.914,0.914,0.922,0.909,-0.33%
2017/5/18,0.917,0.894,0.922,0.892,1.66%
2017/5/17,0.902,0.925,0.925,0.902,-1.42%
2017/5/16,0.915,0.925,0.925,0.91,3.27%
2017/5/15,0.886,0.874,0.894,0.871,0.81%
2017/5/14,0.879,0.881,0.881,0.879,0.00%
2017/5/12,0.879,0.884,0.894,0.874,-0.57%
2017/5/11,0.884,0.894,0.91,0.882,-1.67%
2017/5/10,0.899,0.92,0.925,0.899,-1.75%
2017/5/9,0.915,0.92,0.925,0.915,2.35%
2017/5/8,0.894,0.894,0.907,0.892,0.56%
2017/5/7,0.889,0.889,0.889,0.889,-0.34%
2017/5/5,0.892,0.879,0.894,0.879,1.48%
2017/5/4,0.879,0.864,0.887,0.864,0.92%
2017/5/3,0.871,0.859,0.876,0.859,1.16%
2017/5/2,0.861,0.864,0.899,0.859,6.56%
2017/5/1,0.808,0.803,0.82,0.803,1.00%
2017/4/30,0.8,0.803,0.803,0.8,-0.37%
2017/4/28,0.803,0.805,0.815,0.795,-0.62%
2017/4/27,0.808,0.813,0.823,0.803,-2.06%
2017/4/26,0.825,0.833,0.833,0.82,-0.72%
2017/4/25,0.831,0.833,0.833,0.826,4.53%
2017/4/24,0.795,0.782,0.81,0.782,1.65%
2017/4/22,0.782,0.782,0.782,0.782,-0.37%
2017/4/21,0.785,0.792,0.805,0.782,-0.88%
2017/4/20,0.792,0.813,0.818,0.787,-1.98%
2017/4/19,0.808,0.831,0.831,0.808,-2.42%
2017/4/18,0.828,0.828,0.846,0.823,1.60%
2017/4/17,0.815,0.818,0.82,0.81,0.60%
2017/4/16,0.81,0.81,0.81,0.81,0.00%
2017/4/13,0.81,0.823,0.823,0.81,-0.61%
2017/4/12,0.815,0.838,0.838,0.813,-0.97%
2017/4/11,0.823,0.838,0.838,0.818,1.60%
2017/4/10,0.81,0.818,0.831,0.8,-0.95%
2017/4/9,0.818,0.818,0.818,0.818,-0.27%
2017/4/7,0.82,0.805,0.823,0.803,1.23%
2017/4/6,0.81,0.805,0.815,0.8,0.87%
2017/4/5,0.803,0.803,0.808,0.798,0.00%
2017/4/4,0.803,0.803,0.813,0.8,5.10%
2017/4/3,0.764,0.767,0.775,0.762,1.30%
2017/4/2,0.754,0.754,0.754,0.754,-1.02%
2017/3/31,0.762,0.764,0.78,0.757,-2.31%
2017/3/30,0.78,0.777,0.79,0.764,0.39%
2017/3/29,0.777,0.787,0.808,0.777,-2.26%
2017/3/28,0.795,0.798,0.808,0.787,1.92%
2017/3/27,0.78,0.767,0.782,0.767,1.38%
2017/3/26,0.769,0.772,0.772,0.769,0.00%
2017/3/24,0.769,0.767,0.78,0.767,0.00%
2017/3/23,0.769,0.772,0.782,0.767,0.00%
2017/3/22,0.769,0.772,0.777,0.77,-0.77%
2017/3/21,0.775,0.772,0.78,0.772,5.59%
2017/3/20,0.734,0.749,0.749,0.726,0.73%
2017/3/19,0.729,0.729,0.729,0.729,0.00%
2017/3/18,0.729,0.729,0.729,0.729,0.00%
2017/3/17,0.729,0.747,0.752,0.726,-0.68%
2017/3/16,0.734,0.731,0.747,0.719,-0.68%
2017/3/15,0.739,0.782,0.782,0.724,-4.65%
2017/3/14,0.775,0.782,0.787,0.775,3.47%
2017/3/13,0.749,0.752,0.764,0.741,0.33%
2017/3/12,0.747,0.749,0.749,0.747,0.00%
2017/3/10,0.747,0.726,0.754,0.726,1.77%
2017/3/9,0.734,0.734,0.736,0.719,0.69%
2017/3/8,0.729,0.767,0.777,0.724,-3.70%
2017/3/7,0.757,0.752,0.764,0.747,3.84%
2017/3/6,0.729,0.711,0.741,0.701,4.41%
2017/3/5,0.698,0.698,0.698,0.698,-1.10%
2017/3/3,0.706,0.66,0.736,0.65,6.17%
2017/3/2,0.665,0.627,0.675,0.624,4.72%
2017/3/1,0.635,0.553,0.665,0.546,17.38%
2017/2/28,0.541,0.523,0.624,0.523,6.08%
2017/2/27,0.51,0.518,0.528,0.507,-1.01%
2017/2/26,0.515,0.515,0.515,0.515,0.00%
2017/2/24,0.515,0.51,0.52,0.502,0.00%
2017/2/23,0.515,0.52,0.528,0.51,-2.46%
2017/2/22,0.528,0.538,0.546,0.518,0.96%
2017/2/21,0.523,0.52,0.525,0.518,1.02%
2017/2/20,0.518,0.518,0.518,0.518,-1.39%
2017/2/17,0.525,0.523,0.538,0.518,0.00%
2017/2/16,0.525,0.538,0.53,0.52,-2.42%
2017/2/15,0.538,0.553,0.553,0.538,-2.71%
2017/2/14,0.553,0.553,0.556,0.543,2.22%
2017/2/13,0.541,0.538,0.548,0.533,1.03%
2017/2/12,0.535,0.541,0.541,0.535,-0.46%
2017/2/10,0.538,0.538,0.553,0.535,-0.92%
2017/2/9,0.543,0.543,0.553,0.538,0.00%
2017/2/8,0.543,0.543,0.543,0.533,0.00%
2017/2/7,0.543,0.543,0.546,0.533,4.42%
2017/2/6,0.52,0.508,0.525,0.497,2.97%
2017/2/5,0.505,0.508,0.508,0.505,0.00%
2017/2/3,0.505,0.5,0.515,0.492,0.00%
2017/2/2,0.505,0.515,0.525,0.497,-2.51%
2017/2/1,0.518,0.528,0.528,0.51,0.00%
2017/1/31,0.518,0.525,0.525,0.518,0.97%
2017/1/30,0.513,0.515,0.523,0.507,-0.91%
2017/1/29,0.518,0.518,0.52,0.518,0.52%
2017/1/27,0.515,0.502,0.518,0.502,1.98%
2017/1/26,0.505,0.513,0.513,0.497,1.00%
2017/1/25,0.5,0.518,0.518,0.497,-1.96%
2017/1/24,0.51,0.518,0.518,0.51,3.66%
2017/1/23,0.492,0.507,0.518,0.492,-1.58%
2017/1/22,0.5,0.508,0.508,0.5,0.58%
2017/1/20,0.497,0.525,0.53,0.497,-4.42%
2017/1/19,0.52,0.538,0.538,0.51,-1.52%
2017/1/18,0.528,0.538,0.551,0.528,-0.38%
2017/1/17,0.53,0.528,0.543,0.523,0.00%
2017/1/16,0.53,0.533,0.533,0.53,0.00%
2017/1/13,0.53,0.52,0.535,0.51,2.32%
2017/1/12,0.518,0.513,0.569,0.508,0.58%
2017/1/11,0.515,0.518,0.52,0.51,-0.96%
2017/1/10,0.52,0.518,0.52,0.518,3.59%
2017/1/9,0.502,0.518,0.546,0.5,-4.44%
2017/1/8,0.525,0.525,0.525,0.525,1.02%
2017/1/6,0.52,0.645,0.645,0.52,-0.95%
2017/1/5,0.525,0.533,0.66,0.525,-2.05%
2017/1/4,0.536,0.66,0.66,0.533,7.85%
2017/1/3,0.497,0.482,0.513,0.482,-1.09%
2017/1/2,0.502,0.502,0.502,0.502,0.10%
2016/12/30,0.502,0.449,0.599,0.449,8.66%
2016/12/29,0.462,0.51,0.607,0.447,-9.94%
2016/12/28,0.513,0.569,0.569,0.513,-0.39%
2016/12/27,0.515,0.515,0.607,0.51,-0.52%
2016/12/26,0.518,0.518,0.518,0.518,-0.44%
2016/12/23,0.52,0.584,0.584,0.505,1.36%
2016/12/22,0.513,0.515,0.586,0.502,-0.39%
2016/12/21,0.515,0.599,0.599,0.513,-2.46%
2016/12/20,0.528,0.528,0.599,0.525,6.67%
2016/12/19,0.495,0.502,0.574,0.492,-1.98%
2016/12/18,0.505,0.505,0.505,0.502,0.00%
2016/12/16,0.505,0.508,0.533,0.502,0.00%
2016/12/15,0.505,0.541,0.561,0.502,-6.65%
2016/12/14,0.541,0.538,0.609,0.53,-0.37%
2016/12/13,0.543,0.538,0.609,0.536,4.83%
2016/12/12,0.518,0.538,0.563,0.515,-2.81%
2016/12/11,0.533,0.533,0.535,0.533,-1.48%
2016/12/9,0.541,0.51,0.541,0.508,6.08%
2016/12/8,0.51,0.497,0.581,0.495,0.99%
2016/12/7,0.505,0.647,0.647,0.5,0.00%
2016/12/6,0.505,0.647,0.647,0.5,6.99%
2016/12/5,0.472,0.472,0.495,0.469,0.55%
2016/12/4,0.469,0.469,0.469,0.469,-1.18%
2016/12/2,0.475,0.482,0.556,0.472,0.00%
2016/12/1,0.475,0.508,0.513,0.475,-2.06%
2016/11/30,0.485,0.487,0.558,0.482,0.00%
2016/11/29,0.485,0.487,0.574,0.485,2.75%
2016/11/28,0.472,0.497,0.525,0.472,-5.11%
2016/11/27,0.497,0.5,0.502,0.497,-0.92%
2016/11/25,0.502,0.505,0.574,0.497,-0.10%
2016/11/24,0.502,0.502,0.502,0.502,0.10%
2016/11/23,0.502,0.563,0.563,0.492,2.03%
2016/11/22,0.492,0.487,0.563,0.482,11.31%
2016/11/21,0.442,0.434,0.462,0.434,1.28%
2016/11/20,0.436,0.439,0.439,0.436,0.55%
2016/11/18,0.434,0.459,0.462,0.429,-0.46%
2016/11/17,0.436,0.47,0.495,0.434,-7.04%
2016/11/16,0.469,0.533,0.584,0.467,-7.13%
2016/11/15,0.505,0.523,0.584,0.5,-2.88%
2016/11/14,0.52,0.477,0.596,0.472,9.59%
2016/11/13,0.475,0.477,0.477,0.475,0.00%
2016/11/10,0.475,0.447,0.53,0.416,9.45%
2016/11/9,0.434,0.683,0.683,0.408,-0.46%
2016/11/8,0.436,0.426,0.68,0.421,6.86%
2016/11/7,0.408,0.371,0.415,0.369,10.60%
2016/11/6,0.369,0.371,0.371,0.369,-1.10%
2016/11/4,0.373,0.374,0.478,0.369,0.00%
2016/11/3,0.373,0.478,0.478,0.364,3.61%
2016/11/2,0.36,0.417,0.417,0.361,0.00%
2016/11/1,0.36,0.366,0.371,0.359,16.50%
2016/10/31,0.309,0.442,0.442,0.289,5.03%
2016/10/30,0.294,0.289,0.294,0.289,1.80%
2016/10/28,0.289,0.297,0.302,0.287,0.00%
2016/10/27,0.289,0.34,0.343,0.289,-12.42%
2016/10/26,0.33,0.35,0.35,0.33,-4.35%
2016/10/25,0.345,0.355,0.355,0.343,5.50%
2016/10/24,0.327,0.332,0.34,0.327,-0.85%
2016/10/23,0.33,0.33,0.33,0.33,-0.66%
2016/10/21,0.332,0.345,0.347,0.332,0.00%
2016/10/20,0.332,0.345,0.348,0.332,-1.48%
2016/10/19,0.337,0.472,0.472,0.332,-3.16%
2016/10/18,0.348,0.472,0.472,0.343,12.62%
2016/10/17,0.309,0.297,0.386,0.294,5.03%
2016/10/16,0.294,0.294,0.294,0.294,-4.94%
2016/10/15,0.31,0.31,0.31,0.31,1.81%
2016/10/14,0.304,0.304,0.335,0.282,3.40%
2016/10/13,0.294,0.353,0.363,0.289,-17.88%
2016/10/12,0.358,0.487,0.487,0.358,6.23%
2016/10/11,0.337,0.323,0.343,0.323,4.33%
2016/10/10,0.323,0.323,0.323,0.323,-1.22%
2016/10/7,0.327,0.328,0.338,0.323,0.00%
2016/10/6,0.327,0.331,0.341,0.323,0.00%
2016/10/5,0.327,0.458,0.458,0.328,-0.91%
2016/10/4,0.33,0.438,0.438,0.318,7.49%
2016/10/3,0.307,0.482,0.482,0.282,9.06%
2016/10/2,0.282,0.284,0.284,0.282,-0.88%
2016/9/30,0.284,0.261,0.355,0.243,11.81%
2016/9/29,0.254,0.279,0.294,0.246,-9.93%
2016/9/28,0.282,0.266,0.34,0.264,4.06%
2016/9/27,0.271,0.33,0.33,0.249,42.63%
2016/9/26,0.19,0.185,0.205,0.18,7.04%
2016/9/25,0.177,0.183,0.183,0.177,-2.79%
2016/9/24,0.183,0.183,0.183,0.183,-1.30%
2016/9/23,0.185,0.18,0.193,0.18,2.78%
2016/9/22,0.18,0.246,0.246,0.177,-23.73%
2016/9/21,0.236,0.388,0.388,0.221,-21.85%
2016/9/20,0.302,0.393,0.393,0.297,17.97%
2016/9/19,0.256,0.299,0.299,0.251,-11.48%
2016/9/18,0.289,0.289,0.289,0.289,0.00%
2016/9/17,0.289,0.289,0.289,0.289,0.00%
2016/9/16,0.289,0.304,0.304,0.287,-1.70%
2016/9/15,0.294,0.327,0.34,0.292,-11.45%
2016/9/14,0.332,0.431,0.431,0.33,-7.78%
2016/9/13,0.36,0.431,0.431,0.358,-2.70%
2016/9/12,0.37,0.354,0.382,0.341,8.54%
2016/9/11,0.341,0.351,0.351,0.341,-3.97%
2016/9/9,0.355,0.351,0.356,0.346,0.57%
2016/9/8,0.353,0.341,0.356,0.341,3.82%
2016/9/7,0.34,0.417,0.417,0.336,6.25%
2016/9/6,0.32,0.34,0.345,0.32,-2.20%
2016/9/5,0.327,0.327,0.327,0.327,1.61%
2016/9/2,0.322,0.343,0.343,0.315,-3.88%
2016/9/1,0.335,0.345,0.345,0.335,1.52%
2016/8/31,0.33,0.416,0.416,0.33,-2.94%
2016/8/30,0.34,0.416,0.416,0.337,5.59%
2016/8/29,0.322,0.33,0.332,0.32,-0.83%
2016/8/28,0.325,0.325,0.325,0.325,-0.70%
2016/8/26,0.327,0.325,0.33,0.322,0.62%
2016/8/25,0.325,0.391,0.391,0.317,3.17%
2016/8/24,0.315,0.317,0.391,0.315,0.00%
2016/8/23,0.315,0.304,0.391,0.304,6.06%
2016/8/22,0.297,0.307,0.315,0.294,-4.04%
2016/8/21,0.31,0.31,0.31,0.31,0.16%
2016/8/19,0.309,0.307,0.312,0.299,2.32%
2016/8/18,0.302,0.304,0.307,0.299,0.00%
2016/8/17,0.302,0.36,0.36,0.299,0.00%
2016/8/16,0.302,0.302,0.381,0.299,3.42%
2016/8/15,0.292,0.287,0.295,0.28,5.34%
2016/8/14,0.277,0.28,0.28,0.277,-0.93%
2016/8/13,0.28,0.28,0.28,0.28,-0.78%
2016/8/12,0.282,0.292,0.356,0.28,-4.08%
2016/8/11,0.294,0.382,0.382,0.275,2.44%
2016/8/10,0.287,0.377,0.377,0.285,-6.51%
2016/8/9,0.307,0.377,0.377,0.305,14.13%
2016/8/8,0.269,0.271,0.279,0.259,1.01%
2016/8/7,0.266,0.266,0.266,0.266,-1.88%
2016/8/6,0.271,0.271,0.271,0.271,0.89%
2016/8/5,0.269,0.269,0.274,0.259,1.89%
2016/8/4,0.264,0.279,0.282,0.261,-6.38%
2016/8/3,0.282,0.348,0.348,0.276,-2.42%
2016/8/2,0.289,0.34,0.34,0.284,13.78%
2016/8/1,0.254,0.276,0.279,0.251,-3.71%
2016/7/31,0.264,0.266,0.266,0.264,1.85%
2016/7/29,0.259,0.246,0.269,0.233,8.82%
2016/7/28,0.238,0.31,0.343,0.238,-23.72%
2016/7/27,0.312,0.322,0.325,0.289,-3.11%
2016/7/26,0.322,0.325,0.33,0.322,3.21%
2016/7/25,0.312,0.317,0.322,0.312,-0.79%
2016/7/24,0.315,0.317,0.317,0.315,-0.79%
2016/7/22,0.317,0.322,0.325,0.315,-0.94%
2016/7/21,0.32,0.33,0.33,0.317,-1.54%
2016/7/20,0.325,0.365,0.365,0.32,0.00%
2016/7/19,0.325,0.365,0.365,0.325,7.62%
2016/7/18,0.302,0.382,0.382,0.303,-4.25%
2016/7/17,0.315,0.315,0.315,0.315,-0.50%
2016/7/15,0.317,0.32,0.326,0.313,0.00%
2016/7/14,0.317,0.318,0.323,0.313,1.60%
2016/7/13,0.312,0.366,0.366,0.305,0.97%
2016/7/12,0.309,0.366,0.366,0.308,6.92%
2016/7/11,0.289,0.33,0.347,0.284,1.72%
2016/7/10,0.284,0.284,0.284,0.284,-1.01%
2016/7/8,0.287,0.292,0.294,0.284,1.06%
2016/7/7,0.284,0.304,0.304,0.269,4.80%
2016/7/6,0.271,0.335,0.335,0.271,6.69%
2016/7/5,0.254,0.266,0.266,0.254,-1.82%
2016/7/4,0.259,0.259,0.259,0.259,0.00%
2016/7/1,0.259,0.266,0.269,0.259,-2.63%
2016/6/30,0.266,0.274,0.274,0.256,0.76%
2016/6/29,0.264,0.266,0.269,0.256,-1.86%
2016/6/28,0.269,0.266,0.274,0.264,5.91%
2016/6/27,0.254,0.264,0.264,0.243,-0.86%
2016/6/26,0.256,0.259,0.264,0.254,-1.08%
2016/6/24,0.259,0.276,0.284,0.243,-11.30%
2016/6/23,0.292,0.284,0.292,0.271,5.80%
2016/6/22,0.276,0.325,0.33,0.276,-1.08%
2016/6/21,0.279,0.325,0.325,0.279,4.89%
2016/6/20,0.266,0.326,0.326,0.259,0.57%
2016/6/19,0.264,0.264,0.264,0.264,-0.56%
2016/6/17,0.266,0.264,0.267,0.262,0.76%
2016/6/16,0.264,0.346,0.346,0.247,-1.86%
2016/6/15,0.269,0.275,0.346,0.259,-1.82%
2016/6/14,0.274,0.272,0.295,0.27,4.98%
2016/6/13,0.261,0.259,0.266,0.249,2.92%
2016/6/12,0.254,0.256,0.256,0.254,-0.94%
2016/6/10,0.256,0.259,0.292,0.254,0.00%
2016/6/9,0.256,0.251,0.256,0.243,2.81%
2016/6/8,0.249,0.294,0.294,0.241,-10.75%
2016/6/7,0.279,0.284,0.33,0.274,3.72%
2016/6/6,0.269,0.289,0.294,0.269,-6.14%
2016/6/5,0.287,0.287,0.287,0.287,-0.83%
2016/6/3,0.289,0.32,0.32,0.276,0.00%
2016/6/2,0.289,0.299,0.32,0.284,-6.47%
2016/6/1,0.309,0.343,0.353,0.304,2.32%
2016/5/31,0.302,0.356,0.356,0.29,-5.00%
2016/5/30,0.318,0.318,0.318,0.318,0.28%
2016/5/27,0.317,0.298,0.318,0.295,7.82%
2016/5/26,0.294,0.333,0.333,0.292,-9.54%
2016/5/25,0.325,0.397,0.397,0.326,-8.45%
2016/5/24,0.355,0.402,0.402,0.356,8.56%
2016/5/23,0.327,0.32,0.336,0.313,4.51%
2016/5/22,0.313,0.323,0.323,0.313,-1.29%
2016/5/20,0.317,0.313,0.323,0.305,4.28%
2016/5/19,0.304,0.3,0.31,0.3,7.80%
2016/5/18,0.282,0.28,0.315,0.28,-1.74%
2016/5/17,0.287,0.282,0.31,0.275,5.90%
2016/5/16,0.271,0.315,0.315,0.272,0.52%
2016/5/15,0.27,0.272,0.272,0.27,-0.52%
2016/5/13,0.271,0.28,0.28,0.27,0.00%
2016/5/12,0.271,0.259,0.277,0.254,5.86%
2016/5/11,0.256,0.259,0.259,0.249,1.99%
2016/5/10,0.251,0.254,0.254,0.244,17.84%
2016/5/9,0.213,0.198,0.224,0.193,10.19%
2016/5/8,0.193,0.193,0.193,0.193,0.00%
2016/5/6,0.193,0.201,0.201,0.193,-1.03%
2016/5/5,0.195,0.206,0.214,0.193,-7.14%
2016/5/4,0.21,0.234,0.234,0.206,-2.78%
2016/5/3,0.216,0.254,0.254,0.214,9.09%
2016/5/2,0.198,0.206,0.206,0.193,-5.04%
2016/5/1,0.208,0.208,0.208,0.208,1.71%
2016/4/29,0.205,0.224,0.229,0.206,-7.24%
2016/4/28,0.221,0.242,0.247,0.216,-12.99%
2016/4/27,0.254,0.29,0.29,0.252,0.00%
2016/4/26,0.254,0.285,0.285,0.252,1.20%
2016/4/25,0.251,0.239,0.257,0.236,4.98%
2016/4/24,0.239,0.239,0.239,0.239,1.31%
2016/4/22,0.236,0.234,0.239,0.234,1.29%
2016/4/21,0.233,0.229,0.242,0.229,2.19%
2016/4/20,0.228,0.259,0.259,0.224,2.24%
2016/4/19,0.223,0.259,0.259,0.224,6.19%
2016/4/18,0.21,0.231,0.231,0.211,-6.17%
2016/4/17,0.224,0.224,0.224,0.224,-1.84%
2016/4/15,0.228,0.295,0.295,0.226,0.00%
2016/4/14,0.228,0.236,0.236,0.226,-3.39%
2016/4/13,0.236,0.236,0.264,0.234,-0.84%
2016/4/12,0.238,0.234,0.242,0.229,7.69%
2016/4/11,0.221,0.236,0.236,0.221,-3.45%
2016/4/10,0.229,0.229,0.229,0.229,-0.91%
2016/4/8,0.231,0.229,0.239,0.229,-2.12%
2016/4/7,0.236,0.236,0.236,0.229,1.29%
2016/4/6,0.233,0.234,0.254,0.229,0.87%
2016/4/5,0.231,0.259,0.259,0.224,18.46%
2016/4/4,0.195,0.234,0.236,0.196,-15.73%
2016/4/3,0.231,0.231,0.231,0.231,-0.69%
2016/4/1,0.233,0.214,0.242,0.208,9.39%
2016/3/31,0.213,0.203,0.216,0.165,7.58%
2016/3/30,0.198,0.295,0.377,0.198,-16.10%
2016/3/29,0.236,0.295,0.392,0.234,-14.49%
2016/3/28,0.276,0.292,0.298,0.272,-6.44%
2016/3/27,0.295,0.292,0.295,0.292,1.03%
2016/3/24,0.292,0.31,0.341,0.29,-5.50%
2016/3/23,0.309,0.313,0.315,0.308,0.00%
2016/3/22,0.309,0.315,0.32,0.31,2.32%
2016/3/21,0.302,0.295,0.305,0.29,1.48%
2016/3/20,0.298,0.298,0.298,0.298,1.22%
2016/3/18,0.294,0.29,0.298,0.28,2.44%
2016/3/17,0.287,0.308,0.308,0.282,-8.89%
2016/3/16,0.315,0.343,0.346,0.305,-8.70%
2016/3/15,0.345,0.341,0.346,0.338,7.14%
2016/3/14,0.322,0.323,0.336,0.318,0.47%
2016/3/13,0.32,0.32,0.32,0.32,0.00%
2016/3/11,0.32,0.318,0.323,0.315,0.95%
2016/3/10,0.317,0.31,0.32,0.303,4.28%
2016/3/9,0.304,0.315,0.341,0.303,-4.10%
2016/3/8,0.317,0.323,0.341,0.318,14.86%
2016/3/7,0.276,0.282,0.29,0.275,-0.43%
2016/3/6,0.277,0.282,0.282,0.277,0.43%
2016/3/4,0.276,0.287,0.295,0.275,-1.08%
2016/3/3,0.279,0.315,0.318,0.275,-11.99%
2016/3/2,0.317,0.351,0.351,0.305,-5.37%
2016/3/1,0.335,0.356,0.356,0.331,3.72%
2016/2/29,0.323,0.318,0.323,0.313,0.78%
2016/2/28,0.32,0.32,0.32,0.32,0.79%
2016/2/26,0.318,0.328,0.333,0.318,-3.05%
2016/2/25,0.328,0.338,0.338,0.323,-0.91%
2016/2/24,0.331,0.331,0.361,0.328,0.00%
2016/2/23,0.331,0.331,0.333,0.326,7.47%
2016/2/22,0.308,0.298,0.31,0.295,4.41%
2016/2/21,0.295,0.298,0.298,0.295,0.00%
2016/2/19,0.295,0.308,0.308,0.292,-1.67%
2016/2/18,0.3,0.308,0.313,0.3,-3.23%
2016/2/17,0.31,0.351,0.351,0.305,8.01%
2016/2/16,0.287,0.287,0.3,0.282,-1.00%
2016/2/15,0.29,0.29,0.29,0.287,0.00%
2016/2/14,0.29,0.29,0.29,0.29,0.00%
2016/2/12,0.29,0.292,0.298,0.282,1.05%
2016/2/11,0.287,0.323,0.323,0.28,-8.31%
2016/2/10,0.313,0.346,0.346,0.31,0.00%
2016/2/9,0.313,0.323,0.323,0.313,13.82%
2016/2/8,0.275,0.298,0.298,0.272,-5.14%
2016/2/7,0.29,0.292,0.292,0.29,-0.72%
2016/2/5,0.292,0.318,0.318,0.282,-2.01%
2016/2/4,0.298,0.377,0.377,0.295,-13.87%
2016/2/3,0.346,0.361,0.374,0.336,0.00%
2016/2/2,0.346,0.356,0.361,0.346,11.61%
2016/2/1,0.31,0.323,0.323,0.308,-2.49%
2016/1/31,0.318,0.318,0.32,0.318,0.92%
2016/1/29,0.315,0.336,0.338,0.315,-5.41%
2016/1/28,0.333,0.323,0.336,0.313,5.71%
2016/1/27,0.315,0.315,0.32,0.31,0.00%
2016/1/26,0.315,0.315,0.318,0.31,8.62%
2016/1/25,0.29,0.303,0.308,0.277,-4.20%
2016/1/24,0.303,0.303,0.303,0.303,0.90%
2016/1/22,0.3,0.287,0.305,0.287,5.26%
2016/1/21,0.285,0.267,0.29,0.259,8.78%
2016/1/20,0.262,0.264,0.264,0.259,7.38%
2016/1/19,0.244,0.236,0.247,0.234,4.27%
2016/1/18,0.234,0.239,0.239,0.234,-1.27%
2016/1/15,0.237,0.259,0.259,0.229,-4.82%
2016/1/14,0.249,0.229,0.252,0.221,11.16%
2016/1/13,0.224,0.216,0.224,0.214,2.28%
2016/1/12,0.219,0.219,0.221,0.214,14.66%
2016/1/11,0.191,0.211,0.211,0.183,-4.93%
2016/1/10,0.201,0.201,0.201,0.201,-1.03%
2016/1/8,0.203,0.206,0.219,0.201,0.00%
2016/1/7,0.203,0.208,0.216,0.198,-7.31%
2016/1/6,0.219,0.221,0.224,0.208,0.00%
2016/1/5,0.219,0.229,0.244,0.216,30.36%
2016/1/4,0.168,0.181,0.191,0.168,-2.83%
2016/1/3,0.173,0.173,0.173,0.173,-2.87%
2015/12/31,0.178,0.153,0.219,0.15,-18.72%
2015/12/30,0.219,0.236,0.264,0.206,-4.37%
2015/12/29,0.229,0.242,0.244,0.219,12.81%
2015/12/28,0.203,0.208,0.239,0.196,1.05%
2015/12/27,0.201,0.201,0.201,0.201,0.00%
2015/12/24,0.201,0.201,0.214,0.193,1.52%
2015/12/23,0.198,0.219,0.29,0.188,-6.16%
2015/12/22,0.211,0.236,0.242,0.211,25.60%
2015/12/21,0.168,0.191,0.198,0.165,-9.48%
2015/12/20,0.186,0.186,0.186,0.186,-1.28%
2015/12/18,0.188,0.231,0.236,0.183,-16.81%
2015/12/17,0.226,0.257,0.264,0.224,-16.30%
2015/12/16,0.27,0.27,0.305,0.249,1.89%
2015/12/15,0.265,0.264,0.27,0.264,23.83%
2015/12/14,0.214,0.226,0.236,0.208,-6.51%
2015/12/13,0.229,0.226,0.229,0.226,1.28%
2015/12/11,0.226,0.242,0.264,0.224,-7.38%
2015/12/10,0.244,0.257,0.27,0.239,-5.79%
2015/12/9,0.259,0.28,0.29,0.247,-8.16%
2015/12/8,0.282,0.285,0.287,0.275,13.25%
2015/12/7,0.249,0.221,0.254,0.216,13.85%
2015/12/6,0.219,0.221,0.221,0.219,-1.04%
2015/12/4,0.221,0.221,0.221,0.221,4.74%
2015/12/3,0.211,0.211,0.211,0.211,1.44%
2015/12/2,0.208,0.208,0.208,0.208,-3.70%
2015/12/1,0.216,0.224,0.226,0.216,19.34%
2015/11/30,0.181,0.173,0.186,0.168,4.68%
2015/11/29,0.173,0.173,0.173,0.173,0.00%
2015/11/27,0.173,0.196,0.196,0.173,-10.50%
2015/11/26,0.193,0.193,0.193,0.193,2.82%
2015/11/25,0.188,0.163,0.206,0.15,13.94%
2015/11/24,0.165,0.142,0.165,0.142,41.03%
2015/11/23,0.117,0.107,0.122,0.107,12.28%
2015/11/22,0.104,0.104,0.104,0.104,0.00%
2015/11/20,0.104,0.104,0.104,0.099,5.05%
2015/11/19,0.099,0.122,0.132,0.099,-26.67%
2015/11/18,0.135,0.153,0.153,0.13,-8.16%
2015/11/17,0.147,0.147,0.147,0.145,34.86%
2015/11/16,0.109,0.122,0.127,0.107,-12.52%
2015/11/15,0.125,0.122,0.125,0.122,0.00%
2015/11/13,0.125,0.132,0.135,0.122,-7.41%
2015/11/12,0.135,0.135,0.142,0.13,-1.68%
2015/11/11,0.137,0.137,0.137,0.137,4.02%
2015/11/10,0.132,0.173,0.173,0.132,48.31%
2015/11/9,0.089,0.081,0.101,0.079,6.33%
2015/11/8,0.084,0.081,0.084,0.081,0.00%
2015/11/6,0.084,0.051,0.112,0.046,75.00%
2015/11/5,0.048,0.048,0.053,0.038,-27.27%
2015/11/4,0.066,0.063,0.076,0.063,-4.35%
2015/11/3,0.069,0.081,0.081,0.063,7.81%
2015/11/2,0.064,0.076,0.109,0.061,-18.78%
2015/11/1,0.079,0.076,0.079,0.076,0.00%
2015/10/30,0.079,0.066,0.081,0.058,23.44%
2015/10/29,0.064,0.048,0.071,0.038,39.13%
2015/10/28,0.046,0.025,0.046,0.02,130.00%
2015/10/27,0.02,0.02,0.051,0.015,11.11%
2015/10/26,0.018,0.01,0.023,0.005,136.84%
2015/10/25,0.008,0.01,0.01,0.008,0.00%
2015/10/23,0.008,0.008,0.015,0.005,60.00%
2015/10/22,0.005,0.015,0.015,0.002,0.00%
2015/10/21,0.005,0.015,0.018,0.002,-75.00%
2015/10/20,0.02,0.018,0.02,0.018,566.67%
2015/10/19,0.003,0.008,0.013,0.002,-41.18%
2015/10/18,0.005,0.008,0.008,0.005,0.00%
2015/10/16,0.005,0.005,0.013,0.002,0.00%
2015/10/15,0.005,0.005,0.005,0.002,0.00%
2015/10/14,0,0,0.002,0,-100.00%
2015/10/13,0.005,0.005,0.013,0.005,100.00%
2015/10/12,0.002,0.005,0.005,0.002,-68.75%
2015/10/9,0.008,0.002,0.008,0.002,60.00%
2015/10/8,0.005,0.002,0.008,0,0.00%
2015/10/7,0,0,0.008,0,-100.00%
2015/10/6,0.005,0.002,0.005,-0.002,66.67%
2015/10/5,0.003,0.002,0.005,0,-3100.00%
2015/10/4,0,0.002,0.002,0,-104.00%
2015/10/3,0.002,0.002,0.002,0.002,-16.67%
2015/10/2,0.003,-0.013,0.008,-0.015,-130.00%
2015/10/1,-0.01,-0.002,0.008,-0.023,-225.00%
2015/9/30,0.008,0.015,0.015,0,-20.00%
2015/9/29,0.01,0.015,0.025,0.01,-433.33%
2015/9/28,-0.003,-0.015,0,-0.015,-76.38%
2015/9/27,-0.013,-0.013,-0.005,-0.013,0.00%
2015/9/25,-0.013,0.008,0.028,-0.015,-360.00%
2015/9/24,0.005,0.01,0.013,0.005,-50.00%
2015/9/23,0.01,0.005,0.01,0.002,25.00%
2015/9/22,0.008,0.015,0.015,0.002,-200.00%
2015/9/21,-0.008,-0.01,0,-0.01,0.00%
2015/9/20,-0.008,-0.008,-0.008,-0.008,0.00%
2015/9/18,-0.008,0.008,0.013,-0.01,-161.54%
2015/9/17,0.013,0.061,0.061,0.002,-79.69%
2015/9/16,0.064,0.061,0.069,0.061,0.00%
2015/9/15,0.064,0.066,0.066,0.058,0.00%
2015/9/14,0,0.033,0.043,0.028,-100.00%
2015/9/13,0.036,0.033,0.036,0.03,14.52%
2015/9/11,0.031,0.028,0.033,0.02,24.00%
2015/9/10,0.025,0.033,0.036,0.023,-45.65%
2015/9/9,0.046,0.058,0.071,0.046,48.39%
2015/9/8,0.031,0.033,0.046,0.031,-12.92%
2015/9/7,0.036,0.036,0.036,0.036,0.00%
2015/9/4,0.036,0.023,0.036,0.02,80.00%
2015/9/3,0.02,0.031,0.033,0.015,-35.48%
2015/9/2,0.031,0.058,0.058,0.025,-41.51%
2015/9/1,0.053,0.079,0.081,0.053,430.00%
2015/8/31,0.01,0.056,0.058,0.002,-83.61%
2015/8/30,0.061,0.061,0.061,0.061,5.17%
2015/8/28,0.058,0.064,0.064,0.053,0.00%
2015/8/27,0.058,0.061,0.064,0.056,-9.38%
2015/8/26,0.064,0.061,0.066,0.061,4.92%
2015/8/25,0.061,0.064,0.066,0.061,165.22%
2015/8/24,0.023,0.031,0.031,0.013,-24.59%
2015/8/23,0.031,0.031,0.031,0.025,0.00%
2015/8/21,0.031,0.023,0.031,0.013,55.00%
2015/8/20,0.02,0.048,0.081,0.018,-60.78%
2015/8/19,0.051,0.094,0.094,0.046,-44.57%
2015/8/18,0.092,0.094,0.094,0.091,29.58%
2015/8/17,0.071,0.094,0.096,0.048,-22.23%
2015/8/16,0.091,0.091,0.091,0.091,-0.76%
2015/8/14,0.092,0.094,0.101,0.086,0.00%
2015/8/13,0.092,0.101,0.109,0.084,-9.80%
2015/8/12,0.102,0.101,0.109,0.096,-1.92%
2015/8/11,0.104,0.112,0.112,0.101,36.84%
2015/8/10,0.076,0.071,0.079,0.066,14.98%
2015/8/9,0.066,0.066,0.066,0.066,0.00%
2015/8/7,0.066,0.041,0.066,0.036,100.00%
2015/8/6,0.033,0.079,0.084,0.031,-59.26%
2015/8/5,0.081,0.086,0.086,0.079,0.00%
2015/8/4,0.081,0.079,0.084,0.079,17.39%
2015/8/3,0.069,0.081,0.081,0.064,7.81%
2015/7/31,0.064,0.086,0.086,0.061,-7.25%
2015/7/30,0.069,0.061,0.074,0.056,30.19%
2015/7/29,0.053,0.051,0.061,0.051,0.00%
2015/7/28,0.053,0.056,0.056,0.051,60.61%
2015/7/27,0.033,0.043,0.043,0.033,-13.39%
2015/7/26,0.038,0.038,0.041,0.038,0.00%
2015/7/24,0.038,0.046,0.046,0.036,5.56%
2015/7/23,0.036,0.038,0.043,0.036,0.00%
2015/7/22,0.036,0.033,0.036,0.033,0.00%
2015/7/21,0.036,0.036,0.036,0.031,28.57%
2015/7/20,0.028,0.02,0.03,0.018,37.93%
2015/7/19,0.02,0.02,0.02,0.02,0.00%
2015/7/18,0.02,0.02,0.02,0.02,0.00%
2015/7/17,0.02,0.02,0.025,0.018,11.11%
2015/7/16,0.018,0.018,0.02,0.015,-10.00%
2015/7/15,0.02,0.015,0.02,0.015,33.33%
2015/7/14,0.015,0.018,0.02,0.015,-600.00%
2015/7/13,-0.003,0.02,0.023,-0.002,-116.85%
2015/7/12,0.018,0.018,0.018,0.018,18.67%
2015/7/10,0.015,0.023,0.023,0.015,-16.67%
2015/7/9,0.018,0.018,0.025,0.015,20.00%
2015/7/8,0.015,0.025,0.025,0.015,0.00%
2015/7/7,0.015,0.015,0.02,0.015,50.00%
2015/7/6,0.01,0.008,0.02,0.008,0.00%
2015/7/5,0.01,0.01,0.01,0.01,27.50%
2015/7/2,0.008,0.02,0.033,0.008,-38.46%
2015/7/1,0.013,0.02,0.02,0.013,-35.00%
2015/6/30,0.02,0.023,0.025,0.01,300.00%
2015/6/29,0.005,0.008,0.015,0.002,0.00%
2015/6/28,0.005,0.005,0.005,0.005,0.00%
2015/6/26,0.005,0.013,0.013,0.002,0.00%
2015/6/25,0.005,0.01,0.01,0.002,-50.00%
2015/6/24,0.01,0.013,0.015,0.008,-23.08%
2015/6/23,0.013,0.013,0.013,0.01,62.50%
2015/6/22,0.008,0.008,0.01,0.008,-20.79%
2015/6/21,0.01,0.008,0.01,0.008,26.25%
2015/6/19,0.008,0.01,0.01,0.005,-20.00%
2015/6/18,0.01,0.008,0.008,0.008,-23.08%
2015/6/17,0.013,0.03,0.03,0.008,0.00%
2015/6/16,0.013,0.013,0.03,0.013,30.00%
2015/6/15,0.01,0.013,0.013,0.008,0.00%
2015/6/14,0.01,0.01,0.01,0.01,0.00%
2015/6/12,0.01,0.018,0.018,0.01,-23.08%
2015/6/11,0.013,0.023,0.023,0.013,-27.78%
2015/6/10,0.018,0.02,0.025,0.015,0.00%
2015/6/9,0.018,0.02,0.023,0.015,20.00%
2015/6/8,0.015,0.018,0.02,0.015,-26.11%
2015/6/7,0.02,0.02,0.02,0.02,12.78%
2015/6/5,0.018,0.013,0.02,0.013,38.46%
2015/6/4,0.013,0.018,0.02,0.01,-13.33%
2015/6/3,0.015,0.013,0.031,0.013,0.00%
2015/6/2,0.015,0.015,0.018,0.015,50.00%
2015/6/1,0.01,0.018,0.018,0.008,0.00%
2015/5/31,0.01,0.008,0.01,0.008,304.00%
2015/5/30,0.002,0.002,0.002,0.002,-16.67%
2015/5/29,0.003,0.013,0.013,0.002,-62.50%
2015/5/28,0.008,0.015,0.02,0.005,-55.56%
2015/5/27,0.018,0.02,0.03,0.015,20.00%
2015/5/26,0.015,0.018,0.02,0.015,-26.11%
2015/5/25,0.02,0.018,0.02,0.018,0.00%
2015/5/22,0.02,0.018,0.03,0.015,11.11%
2015/5/21,0.018,0.02,0.023,0.018,-21.74%
2015/5/20,0.023,0.018,0.03,0.018,15.00%
2015/5/19,0.02,0.02,0.03,0.015,53.85%
2015/5/18,0.013,0.018,0.02,0.013,-35.96%
2015/5/17,0.02,0.015,0.02,0.015,35.33%
2015/5/15,0.015,0.018,0.02,0.015,-16.67%
2015/5/14,0.018,0.018,0.018,0.015,-10.00%
2015/5/13,0.02,0.023,0.025,0.02,-13.04%
2015/5/12,0.023,0.028,0.028,0.02,76.92%
2015/5/11,0.013,0.013,0.015,0.008,28.71%
2015/5/10,0.01,0.008,0.01,0.008,26.25%
2015/5/8,0.008,0.013,0.013,0.008,-20.00%
2015/5/7,0.01,0.018,0.02,0.01,-33.33%
2015/5/6,0.015,0.015,0.018,0.013,15.38%
2015/5/5,0.013,0.018,0.02,0.013,62.50%
2015/5/4,0.008,0.008,0.008,0.008,-20.79%
2015/5/3,0.01,0.01,0.01,0.01,26.25%
2015/5/1,0.008,0.008,0.01,0.008,60.00%
2015/4/30,0.005,0.013,0.013,0.002,-37.50%
2015/4/29,0.008,0.013,0.015,0.008,-55.56%
2015/4/28,0.018,0.023,0.023,0.015,0.00%
2015/4/27,0.018,0.023,0.023,0.018,-11.33%
2015/4/26,0.02,0.02,0.02,0.02,0.00%
2015/4/24,0.02,0.025,0.025,0.02,-20.00%
2015/4/23,0.025,0.028,0.028,0.02,0.00%
2015/4/22,0.025,0.028,0.028,0.028,0.00%
2015/4/21,0.025,0.028,0.028,0.025,38.89%
2015/4/20,0.018,0.018,0.025,0.015,-11.33%
2015/4/19,0.02,0.018,0.02,0.018,12.78%
2015/4/17,0.018,0.02,0.02,0.015,0.00%
2015/4/16,0.018,0.018,0.02,0.015,-10.00%
2015/4/15,0.02,0.02,0.03,0.018,33.33%
2015/4/14,0.015,0.015,0.023,0.013,15.38%
2015/4/13,0.013,0.023,0.025,0.013,-35.96%
2015/4/12,0.02,0.02,0.02,0.02,0.00%
2015/4/10,0.02,0.025,0.028,0.02,-20.00%
2015/4/9,0.025,0.028,0.028,0.023,8.70%
2015/4/8,0.023,0.02,0.036,0.02,-8.00%
2015/4/7,0.025,0.025,0.025,0.02,150.00%
2015/4/6,0.01,0.018,0.041,0.01,-34.21%
2015/4/5,0.015,0.013,0.015,0.013,16.92%
2015/4/3,0.013,0.018,0.02,0.01,-13.33%
2015/4/2,0.015,0.033,0.033,0.013,-60.53%
2015/4/1,0.038,0.056,0.056,0.036,5.56%
2015/3/31,0.036,0.036,0.066,0.036,28.57%
2015/3/30,0.028,0.038,0.041,0.02,-31.03%
2015/3/29,0.041,0.041,0.041,0.041,6.84%
2015/3/27,0.038,0.033,0.046,0.028,5.56%
2015/3/26,0.036,0.046,0.046,0.028,56.52%
2015/3/25,0.023,0.03,0.03,0.02,15.00%
2015/3/24,0.02,0.03,0.03,0.02,300.00%
2015/3/23,0.005,0.015,0.015,0.005,-50.50%
2015/3/22,0.01,0.008,0.01,0.008,26.25%
2015/3/20,0.008,0.018,0.025,0.008,-46.67%
2015/3/19,0.015,0.038,0.046,0.013,-68.75%
2015/3/18,0.048,0.056,0.056,0.043,-9.43%
2015/3/17,0.053,0.041,0.058,0.041,47.22%
2015/3/16,0.036,0.051,0.051,0.025,18.42%
2015/3/15,0.03,0.028,0.03,0.028,8.57%
2015/3/13,0.028,0.028,0.051,0.023,21.74%
2015/3/12,0.023,0.025,0.051,0.02,27.78%
2015/3/11,0.018,0.02,0.02,0.013,20.00%
2015/3/10,0.015,0.02,0.02,0.015,50.00%
2015/3/9,0.01,0.013,0.015,0.01,-34.21%
2015/3/8,0.015,0.013,0.015,0.013,16.92%
2015/3/6,0.013,0.015,0.018,0.01,30.00%
2015/3/5,0.01,0.013,0.015,0.008,-33.33%
2015/3/4,0.015,0.018,0.036,0.01,0.00%
2015/3/3,0,0.036,0.036,0.018,-100.00%
2015/3/2,0.013,0.018,0.018,0.01,-14.47%
2015/3/1,0.015,0.015,0.015,0.015,0.00%
2015/2/27,0.015,0.02,0.02,0.013,-25.00%
2015/2/26,0.02,0.02,0.023,0.015,0.00%
2015/2/25,0.02,0.023,0.036,0.02,-13.04%
2015/2/24,0.023,0.025,0.025,0.02,15.00%
2015/2/23,0.02,0.015,0.023,0.015,12.99%
2015/2/22,0.018,0.018,0.018,0.018,18.00%
2015/2/20,0.015,0.018,0.02,0.015,-25.00%
2015/2/19,0.02,0.02,0.023,0.015,0.00%
2015/2/18,0.02,0.03,0.03,0.018,53.85%
2015/2/17,0.013,0.013,0.018,0,28.71%
2015/2/16,0.01,0.01,0.01,0.01,0.00%
2015/2/13,0.01,0.015,0.018,0.008,-23.08%
2015/2/12,0.013,0.013,0.015,0.013,30.00%
2015/2/11,0.01,0.01,0.025,0.01,0.00%
2015/2/10,0.01,0.013,0.015,0.01,0.00%
2015/2/9,0.01,0.023,0.023,0.01,-60.63%
2015/2/8,0.025,0.023,0.025,0.023,10.43%
2015/2/6,0.023,0.015,0.028,0.013,53.33%
2015/2/5,0.015,0.013,0.02,0.01,0.00%
2015/2/4,0.015,0.018,0.02,0.01,-34.78%
2015/2/3,0.023,0.025,0.025,0.018,130.00%
2015/2/2,0.01,0.013,0.015,0.01,-34.21%
2015/2/1,0.015,0.013,0.015,0.013,16.92%
2015/1/30,0.013,0.015,0.018,0.01,-13.33%
2015/1/29,0.015,0.023,0.023,0.013,-25.00%
2015/1/28,0.02,0.036,0.036,0.02,-20.00%
2015/1/27,0.025,0.023,0.025,0.023,150.00%
2015/1/26,0.01,0.018,0.023,0.01,-50.74%
2015/1/25,0.02,0.02,0.02,0.02,12.78%
2015/1/23,0.018,0.02,0.025,0.015,-10.00%
2015/1/22,0.02,0.025,0.028,0.018,-20.00%
2015/1/21,0.025,0.041,0.041,0.025,66.67%
2015/1/20,0.015,0.025,0.025,0.01,-40.71%
2015/1/19,0.025,0.023,0.025,0.023,0.00%
2015/1/16,0.025,0.033,0.033,0.018,-10.71%
2015/1/15,0.028,0.036,0.036,0.025,-6.67%
2015/1/14,0.03,0.028,0.041,0.028,0.00%
2015/1/13,0.03,0.03,0.041,0.025,66.67%
2015/1/12,0.018,0.023,0.023,0.015,-11.33%
2015/1/11,0.02,0.02,0.02,0.02,0.00%
2015/1/9,0.02,0.023,0.025,0.02,-13.04%
2015/1/8,0.023,0.025,0.03,0.02,-8.00%
2015/1/7,0.025,0.03,0.03,0.025,-16.67%
2015/1/6,0.03,0.028,0.03,0.025,275.00%
2015/1/5,0.008,0.025,0.028,0.008,-64.91%
2015/1/4,0.023,0.023,0.023,0.023,14.00%
2015/1/2,0.02,0.046,0.048,0.02,-53.60%
2015/1/1,0.043,0.043,0.043,0.043,5.12%
2014/12/31,0.041,0.03,0.043,0.028,36.67%
2014/12/30,0.03,0.033,0.038,0.025,130.77%
2014/12/29,0.013,0.008,0.015,0.005,28.71%
2014/12/28,0.01,0.013,0.013,0.01,102.00%
2014/12/26,0.005,0.01,0.013,0.002,-50.50%
2014/12/25,0.01,0.01,0.01,0.01,-63.93%
2014/12/24,0.028,0.025,0.048,0.005,0.00%
2014/12/23,0.028,0.051,0.056,0.02,21.74%
2014/12/22,0.023,0.033,0.036,0.023,-35.21%
2014/12/21,0.036,0.036,0.036,0.036,7.58%
2014/12/19,0.033,0.046,0.046,0.033,-19.51%
2014/12/18,0.041,0.033,0.043,0.025,64.00%
2014/12/17,0.025,0.033,0.036,0.023,-28.57%
2014/12/16,0.035,0.033,0.038,0.03,94.44%
2014/12/15,0.018,0.023,0.025,0.013,-29.13%
2014/12/14,0.025,0.023,0.025,0.023,27.00%
2014/12/12,0.02,0.03,0.033,0.023,-33.33%
2014/12/11,0.03,0.03,0.033,0.025,0.00%
2014/12/10,0.03,0.033,0.051,0.03,-21.05%
2014/12/9,0.038,0.028,0.041,0.025,192.31%
2014/12/8,0.013,0.018,0.02,0.008,-35.96%
2014/12/7,0.02,0.018,0.02,0.018,12.78%
2014/12/5,0.018,0.02,0.023,0.018,-10.00%
2014/12/4,0.02,0.013,0.023,0.008,-28.57%
2014/12/3,0.028,0.028,0.033,0.008,12.00%
2014/12/2,0.025,0.041,0.041,0.02,66.67%
2014/12/1,0.015,0.015,0.02,0.01,0.00%
2014/11/30,0.015,0.015,0.015,0.015,16.92%
2014/11/28,0.013,0.02,0.023,0.013,-35.96%
2014/11/27,0.02,0.02,0.02,0.02,12.78%
2014/11/26,0.018,0.023,0.03,0.015,-35.71%
2014/11/25,0.028,0.02,0.028,0.02,115.38%
2014/11/24,0.013,0.01,0.015,0.01,71.05%
2014/11/23,0.008,0.008,0.008,0.008,0.00%
2014/11/21,0.008,0.01,0.01,0.005,0.00%
2014/11/20,0.008,0.01,0.01,0.002,60.00%
2014/11/19,0.005,0.02,0.03,0.005,-70.59%
2014/11/18,0.017,0.03,0.03,0.018,13.33%
2014/11/17,0.015,0.013,0.015,0.01,0.00%
2014/11/16,0.015,0.013,0.015,0.013,16.92%
2014/11/14,0.013,0.01,0.023,0.01,30.00%
2014/11/13,0.01,0.018,0.02,0.008,-44.44%
2014/11/12,0.018,0.03,0.036,0.015,-11.33%
2014/11/11,0.02,0.02,0.02,0.02,0.00%
2014/11/10,0.02,0.025,0.028,0.02,-28.32%
2014/11/9,0.028,0.028,0.028,0.028,0.00%
2014/11/7,0,0.028,0.041,0.023,-100.00%
2014/11/6,0.023,0.028,0.03,0.02,-8.00%
2014/11/5,0.025,0.036,0.036,0.025,-10.71%
2014/11/4,0.028,0.023,0.03,0.02,250.00%
2014/11/3,0.008,0.01,0.01,0.008,0.00%
2014/11/2,0.008,0.008,0.008,0.008,0.00%
2014/10/31,0.008,0.013,0.013,0.008,-20.00%
2014/10/30,0.01,0.015,0.018,0.008,-50.00%
2014/10/29,0.02,0.036,0.036,0.018,0.00%
2014/10/28,0.02,0.036,0.036,0.02,100.00%
2014/10/27,0.01,0.013,0.013,0.01,0.00%
2014/10/26,0.01,0.01,0.01,0.01,0.00%
2014/10/24,0.01,0.01,0.013,0.008,100.00%
2014/10/23,0.005,0.023,0.023,0.005,-75.00%
2014/10/22,0.02,0.02,0.036,0.02,-13.04%
2014/10/21,0.023,0.025,0.025,0.02,-8.00%
2014/10/20,0.025,0.028,0.028,0.023,-17.76%
2014/10/19,0.03,0.025,0.03,0.025,8.57%
2014/10/17,0.028,0.03,0.03,0.025,12.00%
2014/10/16,0.025,0.02,0.03,0.015,66.67%
2014/10/15,0.015,0.03,0.03,0.015,50.00%
2014/10/14,0.01,0.008,0.01,0.005,0.00%
2014/10/13,0.01,0.01,0.01,0.01,0.00%
2014/10/10,0.01,0.013,0.013,0.008,0.00%
2014/10/9,0.01,0.01,0.01,0.005,0.00%
2014/10/8,0.01,0.025,0.025,0.005,-33.33%
2014/10/7,0.015,0.018,0.018,0.013,0.00%
2014/10/6,0.015,0.018,0.018,0.013,0.00%
2014/10/5,0.015,0.015,0.015,0.015,0.00%
2014/10/3,0.015,0.015,0.023,0.015,0.00%
2014/10/2,0.015,0.02,0.02,0.013,-16.67%
2014/10/1,0.018,0.018,0.03,0.015,-21.74%
2014/9/30,0.023,0.018,0.03,0.018,76.92%
2014/9/29,0.013,0.015,0.015,0.01,-14.47%
2014/9/28,0.015,0.015,0.015,0.015,19.69%
2014/9/27,0.013,0.013,0.013,0.013,0.00%
2014/9/26,0.013,0.013,0.015,0.01,30.00%
2014/9/25,0.01,0.018,0.018,0.01,-44.44%
2014/9/24,0.018,0.01,0.025,0.01,38.46%
2014/9/23,0.013,0.02,0.02,0.01,160.00%
2014/9/22,0.005,0.018,0.018,0.005,-71.75%
2014/9/21,0.018,0.018,0.018,0.018,0.00%
2014/9/19,0.018,0.015,0.018,0.015,20.00%
2014/9/18,0.015,0.02,0.023,0.015,-16.67%
2014/9/17,0.018,0.018,0.02,0.018,-10.00%
2014/9/16,0.02,0.018,0.02,0.018,33.33%
2014/9/15,0.015,0.018,0.018,0.015,-15.25%
2014/9/14,0.018,0.018,0.02,0.018,0.00%
2014/9/13,0.018,0.018,0.018,0.018,18.00%
2014/9/12,0.015,0.018,0.018,0.015,-16.67%
2014/9/11,0.018,0.023,0.023,0.015,-10.00%
2014/9/10,0.02,0.036,0.036,0.018,0.00%
2014/9/9,0.02,0.036,0.036,0.02,-20.00%
2014/9/8,0.025,0.028,0.03,0.025,-17.76%
2014/9/7,0.03,0.03,0.03,0.03,8.57%
2014/9/5,0.028,0.028,0.03,0.025,0.00%
2014/9/4,0.028,0.025,0.028,0.025,12.00%
2014/9/3,0.025,0.025,0.025,0.025,0.00%
2014/9/2,0.025,0.028,0.03,0.023,-17.76%
2014/9/1,0.03,0.03,0.03,0.03,8.96%
2014/8/31,0.028,0.028,0.028,0.028,11.60%
2014/8/29,0.025,0.03,0.033,0.023,-10.71%
2014/8/28,0.028,0.036,0.036,0.028,-15.15%
2014/8/27,0.033,0.03,0.033,0.03,10.00%
2014/8/26,0.03,0.033,0.033,0.03,50.00%
2014/8/25,0.02,0.018,0.02,0.015,0.00%
2014/8/24,0.02,0.02,0.02,0.02,-11.74%
2014/8/22,0.023,0.018,0.023,0.018,15.00%
2014/8/21,0.02,0.028,0.03,0.015,-33.33%
2014/8/20,0.03,0.028,0.033,0.025,0.00%
2014/8/19,0.03,0.033,0.038,0.03,7.14%
2014/8/18,0.028,0.03,0.03,0.028,0.00%
2014/8/17,0.028,0.028,0.028,0.028,0.00%
2014/8/15,0.028,0.036,0.036,0.028,-15.15%
2014/8/14,0.033,0.036,0.036,0.03,-5.71%
2014/8/13,0.035,0.041,0.041,0.03,16.67%
2014/8/12,0.03,0.033,0.036,0.03,0.00%
2014/8/11,0.03,0.03,0.03,0.025,7.53%
2014/8/10,0.028,0.028,0.03,0.028,11.60%
2014/8/8,0.025,0.025,0.028,0.025,0.00%
2014/8/7,0.025,0.028,0.028,0.02,0.00%
2014/8/6,0.025,0.025,0.028,0.025,-16.67%
2014/8/5,0.03,0.03,0.03,0.025,50.00%
2014/8/4,0.02,0.025,0.028,0.02,-21.26%
2014/8/3,0.025,0.023,0.025,0.023,11.40%
2014/8/2,0.023,0.023,0.023,0.023,-8.80%
2014/8/1,0.025,0.025,0.028,0.02,0.00%
2014/7/31,0.025,0.025,0.038,0.025,-28.57%
2014/7/30,0.035,0.035,0.035,0.03,0.00%
2014/7/29,0.035,0.035,0.046,0.028,25.00%
2014/7/28,0.028,0.028,0.03,0.028,0.00%
2014/7/27,0.028,0.03,0.03,0.028,-7.00%
2014/7/25,0.03,0.03,0.03,0.025,20.00%
2014/7/24,0.025,0.025,0.025,0.025,0.00%
2014/7/23,0.025,0.025,0.035,0.025,-10.71%
2014/7/22,0.028,0.028,0.03,0.025,0.00%
2014/7/21,0.028,0.028,0.028,0.015,84.21%
2014/7/20,0.015,0.015,0.015,0.015,0.00%
2014/7/18,0.015,0.015,0.018,0.015,0.00%
2014/7/17,0.015,0.015,0.023,0.015,-40.00%
2014/7/16,0.025,0.025,0.041,0.023,0.00%
2014/7/15,0.025,0.025,0.035,0.025,0.00%
2014/7/14,0.025,0.025,0.025,0.02,23.15%
2014/7/13,0.02,0.02,0.02,0.02,0.00%
2014/7/12,0.02,0.02,0.02,0.02,0.00%
2014/7/11,0.02,0.02,0.023,0.02,0.00%
2014/7/10,0.02,0.02,0.025,0.02,-20.00%
2014/7/9,0.025,0.025,0.033,0.025,-24.24%
2014/7/8,0.033,0.033,0.033,0.03,0.00%
2014/7/7,0.033,0.033,0.033,0.013,117.11%
2014/7/6,0.015,0.015,0.015,0.015,52.00%
2014/7/3,0.01,0.01,0.018,0.01,-50.00%
2014/7/2,0.02,0.02,0.035,0.015,-51.22%
2014/7/1,0.041,0.041,0.056,0.03,-10.87%
2014/6/30,0.046,0.046,0.046,0.023,81.10%
2014/6/29,0.025,0.028,0.028,0.025,-9.29%
2014/6/27,0.028,0.028,0.03,0.025,-6.67%
2014/6/26,0.03,0.03,0.033,0.023,20.00%
2014/6/25,0.025,0.025,0.035,0.025,-16.67%
2014/6/24,0.03,0.03,0.033,0.023,20.00%
2014/6/23,0.025,0.025,0.025,0.01,23.15%
2014/6/22,0.02,0.018,0.02,0.018,12.78%
2014/6/20,0.018,0.018,0.02,0.018,-10.00%
2014/6/19,0.02,0.02,0.025,0.015,-20.00%
2014/6/18,0.025,0.025,0.041,0.018,-39.02%
2014/6/17,0.041,0.041,0.041,0.035,0.00%
2014/6/16,0.041,0.041,0.041,0.028,7.89%
2014/6/15,0.038,0.038,0.041,0.038,8.57%
2014/6/13,0.035,0.035,0.041,0.035,-14.63%
2014/6/12,0.041,0.041,0.041,0.038,7.89%
2014/6/11,0.038,0.038,0.041,0.035,8.57%
2014/6/10,0.035,0.035,0.041,0.035,0.00%
2014/6/9,0.035,0.035,0.038,0.033,-1.41%
2014/6/8,0.036,0.033,0.036,0.033,7.58%
2014/6/6,0.033,0.033,0.038,0.033,-5.71%
2014/6/5,0.035,0.035,0.035,0.033,0.00%
2014/6/4,0.035,0.035,0.041,0.035,-14.63%
2014/6/3,0.041,0.041,0.041,0.035,17.14%
2014/6/2,0.035,0.035,0.041,0.03,-1.41%
2014/6/1,0.036,0.036,0.036,0.036,-89.86%
2014/5/30,0.35,0.35,0.35,0.35,900.00%
2014/5/29,0.035,0.035,0.035,0.035,6.06%
2014/5/28,0.033,0.033,0.056,0.033,-5.71%
2014/5/27,0.035,0.035,0.035,0.03,0.00%
2014/5/26,0.035,0.035,0.035,0.033,6.06%
2014/5/25,0.033,0.033,0.033,0.033,0.00%
2014/5/23,0.033,0.033,0.035,0.03,-5.71%
2014/5/22,0.035,0.035,0.035,0.03,0.00%
2014/5/21,0.035,0.035,0.041,0.025,16.67%
2014/5/20,0.03,0.03,0.033,0.025,20.00%
2014/5/19,0.025,0.025,0.028,0.02,9.65%
2014/5/18,0.023,0.02,0.023,0.02,14.00%
2014/5/16,0.02,0.02,0.025,0.02,-20.00%