Date,XLB,IYM,IGE,VAW,PKB,XHB,ITB,GDX,XME,MXI,PYZ,SLX,RTM,UYM,SMN,FXZ,MOO,CUT,WOOD,HAP,PSAU,PAGG,FLM,GRES,GDXJ,CHIM,FTRI,FTAG,SBM,PSCM,SIL,COPX,LIT,GNR,REMX,GOEX,URA,NUGT,DUST,CROP,SOIL,GUNR,PICK,RING,SLVP,VEGI,SILJ,JNUG,JDST,FMAT,SGDM,GDXX,GDXS,HOML,SGDJ,NAIL,NANR,VOX,ERUS,IYZ,FCOM,IXP,XTL,WBIF,FONE,LTL
2014-06-01,44.445503,79.23204,42.368904,98.886246,21.441719,30.269733000000002,23.539194000000002,21.806839,36.020428,56.813109999999995,51.444206,38.242709999999995,76.72829399999999,52.497513,58.754414000000004,31.493740000000003,49.227024,22.616004999999998,47.736832,34.627734999999994,18.61091,28.138277000000002,49.384209000000006,28.168523999999998,31.752378000000004,12.003921,19.763277,61.006820999999995,25.367579,42.171253,32.479073,27.378747999999998,24.332586,44.923134000000005,27.373998999999998,15.256865,25.662798000000002,230.698822,1407.484985,25.484942999999998,10.466171000000001,30.999624,33.401264000000005,18.47397,9.860342999999999,25.327648,9.643203999999999,292.74453700000004,20024.003906,25.404332999999998,,,,,,,,75.101425,32.151588000000004,27.003225,22.578529,53.309295999999996,52.093826,,34.706984999999996,41.459697999999996
2014-07-01,45.272633,80.959114,45.274925,101.593857,22.315796,31.77644,24.5979,25.431620000000002,38.987373,58.977745,53.160988,40.024929,79.373131,54.732624,56.07921999999999,32.32478,49.227024,22.624935,48.960651,36.006485,21.680447,28.562145,49.444736,28.415616999999997,38.454727,12.428302,20.745365,64.200645,24.661539,45.064178000000005,40.320812,28.400963,25.208778,46.735766999999996,28.564172999999997,19.992615,24.893936,359.64215099999996,844.2922970000001,25.908752,10.662135000000001,32.332474,34.993286,21.371048000000002,12.603472,25.699772,12.835303999999999,494.306335,9612.430664,26.158673999999998,,,,,,,,75.675247,33.516178000000004,27.44138,22.779222,53.758083,53.568287,,36.262096,43.346596000000005
2014-08-01,44.299137,78.947601,43.15522,98.768532,20.655453,28.398626,21.705759,25.392851,38.05669,57.701328000000004,52.110188,40.441334000000005,76.64380600000001,52.329254,58.79434200000001,30.763096,47.244011,21.41065,46.406189000000005,34.671925,21.411242,27.650885,47.751743,27.484268,39.236671,13.814035,21.541292000000002,64.295395,24.999643,42.767421999999996,39.9216,29.285038,24.734175,45.542145,28.857746000000002,19.930138,24.859768,348.274139,811.513916,25.626213,10.154411999999999,31.532759000000002,36.148235,21.332403,11.781911000000001,24.530355,12.806632,487.971527,7850.401855,25.36182,24.1108,,,,,,,75.743759,30.735653000000003,27.549488,22.644133,53.901752,51.429657,,35.095089,44.848541
2014-09-01,45.973198,81.863396,44.622707,102.798233,21.930360999999998,30.361796999999996,23.597908,25.867754,40.323498,58.045334,55.34856,40.732822,79.828011,55.929455000000004,54.362305000000006,31.844975,48.494564000000004,21.999933,47.933319,35.493877000000005,21.699675,28.000658,48.833382,27.911929999999998,39.190121000000005,13.311707,20.317448000000002,62.968757999999994,24.42288,45.341702000000005,39.237232,27.986549,25.044493,45.98975,27.810394,19.467807999999998,25.884911,363.617004,755.393311,25.484942999999998,10.314747,32.014313,35.113953,21.660891,11.968629,25.014568,12.548589,478.181396,7670.449706999999,26.415131,24.067795,,,,,,,75.726639,30.469255,27.648590000000002,22.737013,54.611656,53.250763,24.070232,36.563266999999996,44.848541
2014-10-01,44.257687,77.796799,39.916737,97.446426,20.171185,28.112257,21.852976,20.740725,33.072979,53.220287,51.027302,36.227306,76.23309300000001,50.285496,59.872402,29.633495,46.457947,20.732082000000002,45.304806,32.347504,17.411659,26.461199,44.553867,26.172779000000002,31.501040999999997,12.982595,18.024004,52.497645999999996,25.447132,40.393944,30.226353000000003,24.173970999999998,22.543694,41.970036,23.152851000000002,15.694201999999999,21.596388,183.63691699999998,1399.538696,24.043999,9.575434,29.150818,30.994053000000005,17.525803,9.401256,23.982191,9.557189,229.78045699999998,12994.027344,25.032061,19.362917000000003,,,,,,,73.551247,28.354723,26.62397,22.242558,52.524204000000005,50.697903000000004,23.253698,34.369246999999994,44.30315
2014-11-01,44.23941,77.676346,38.453152,98.161819,21.317614000000003,30.011477000000003,23.61927,16.679804,32.582535,52.487030000000004,51.878712,35.810905,76.568512,49.837723,59.153693999999994,29.907265000000002,47.931816,21.874933,48.127674,32.002815000000005,14.671555999999999,27.070990000000002,43.148296,26.305828,22.778677,13.077865,17.047157000000002,50.934090000000005,25.427242,42.051086,24.751394,22.875481,22.014328,41.504871,21.613557999999998,11.920597,19.648613,86.810181,2346.6357420000004,25.258913,9.637786,28.514494,30.597578000000002,13.835144,7.898175,24.347633,7.540622,75.633667,25883.080078,25.215984,16.028257,,,,,,,76.326149,28.104971000000003,27.592940999999996,23.126818,53.944008,53.32875799999999,23.300857999999998,35.532222999999995,39.61261
2014-12-01,44.467921999999994,77.268661,35.407806,98.252365,21.060654,31.929968,25.110809,19.112482,30.518946000000003,52.324081,50.769016,32.204823,77.82634,49.234219,59.393260999999995,29.737334999999998,48.923325,21.937435,47.905547999999996,31.030624,16.19063,27.163384999999998,41.620083,26.372353000000004,25.766809,12.826701,16.381532999999997,50.460285,25.188582999999998,39.282799,27.888090000000002,21.21784,21.375435,40.22348,20.15361,13.757418,21.647645999999998,114.79293100000001,1157.177124,24.524314999999998,9.539804,27.998549,28.460058,15.496908,8.701063000000001,24.576035,8.257411,83.31221,10684.643555,25.225182999999998,18.246805,,,,,,,76.043518,25.008097,27.484268,23.160830999999998,54.400372,53.572182,23.898560999999997,36.184612,44.331184
2015-01-01,44.683369,76.934219,35.037777,99.01061999999999,21.363844,33.020472999999996,25.424469000000002,17.930849,28.81152,51.089844,50.42881,30.505575,78.84056899999999,48.578484,59.153693999999994,30.013077000000003,48.419075,22.251259,49.242432,30.691051,15.415802,27.119829,42.720802,25.646786,22.441408,13.107548999999999,15.787657000000001,47.164486,25.297968,41.134018,26.425796999999996,20.811871,20.530075,39.016457,20.294307999999997,12.825851,20.218039,88.718086,1224.720459,24.009218,9.510182,27.057816,27.422878000000004,14.458278,8.339869,24.465616,7.856008999999999,48.40229,12448.396484,25.425797,17.211184,,,,,,,74.539688,20.230926999999998,26.668854,22.785116,51.6814,54.227031999999994,23.331495,36.280117,41.947632
2015-02-01,43.864754,74.490089,33.693687,96.327698,20.651718,33.184998,24.893974,21.745302,25.319784,50.559849,49.525902,27.185825,77.77377299999999,45.399731,62.487701,28.424427,48.944472999999995,22.783673999999998,50.37722,30.138465999999998,18.065393,27.490824,40.763465999999994,24.857355,26.014404000000003,12.967078,13.248019000000001,46.451321,25.894619,37.378796,29.136894,17.248987,20.198051,38.120857,19.158342,14.452546,18.009193,147.545486,601.434143,24.755917,9.993443,26.695511,25.073349,17.641041,9.187186,24.511689999999998,7.903796000000001,67.810921,6573.070313,24.75135,20.406425,,,,,,,73.123177,19.842888000000002,25.994846,22.382978,52.618866000000004,52.65864200000001,22.917109,36.356094,39.488372999999996
2015-03-01,47.359962,80.339233,35.36694,103.79567,22.8969,35.168929999999996,27.153488,20.759985,27.299057,55.000851000000004,53.0415,29.232719,84.71734599999999,52.68357099999999,53.344131000000004,30.859720000000003,51.258045,23.811787,51.939884,31.714686999999998,17.554741,28.260639,43.959499,26.272552,24.917182999999998,13.511397,15.639295,50.349998,24.054947,39.940048,27.738552000000002,20.416014,21.96884,40.718994,21.244974,13.676739000000001,19.630201,124.57100700000001,656.064819,25.818525,10.887016000000001,28.286109999999997,28.28203,17.020014,8.911093,25.239672,7.578850999999999,58.046955000000004,7025.018555,26.700783,19.142054,20.122221,78.480003,,,,,77.962265,24.076038,28.071516,23.803301,54.87224200000001,56.781544,24.328066,38.692463000000004,44.860401
2015-04-01,45.166111,76.663742,34.667057,99.987915,23.2134,35.403137,27.656651,18.740568,24.565382,52.058456,51.571861,26.566596999999998,79.975883,47.836895,58.175449,30.044078999999996,49.746387,23.490501000000002,50.730675,30.247171,15.685832000000001,26.936037,43.997326,24.895866,22.591457000000002,13.906466,14.382565,44.311806,25.317854,39.645554,24.998941000000002,19.200101999999998,20.898986999999998,38.324806,20.294307999999997,12.613131,18.294209,86.651176,799.5944820000001,25.100545999999998,10.194041,26.554122999999997,25.757164000000003,15.118117999999999,7.920972999999999,24.11545,6.928961999999999,39.513294,7968.560059,25.672806,17.260191,16.055815,91.400002,29.67,24.68976,,,77.275993,23.864382,28.335375,23.561684,53.074707,55.25055699999999,23.150896,38.1796,45.086807
2015-05-01,47.317322,80.435165,37.193138,104.090691,23.094711,34.153278,25.877111,19.774666,26.689698999999997,55.101364000000004,52.417141,30.737789000000003,84.46174599999999,52.492718,52.64539,31.462961,51.506916,24.087175,50.544647,32.276333,16.640285000000002,27.737591,47.439194,26.320688,23.482360999999997,18.032754999999998,17.524391,45.452884999999995,23.905788,40.108456,25.341393,22.989225,23.59206,41.215571999999995,22.405109,13.751816,20.698997,98.655151,642.655396,26.163155,10.768482,28.568882000000002,28.492440999999996,16.04966,8.368428999999999,25.046158,7.187005999999999,42.854122,6517.568359000001,26.703062,18.024696,17.674385,79.839996,25.280001000000002,25.826151,,,78.912476,27.003969,28.207201,24.199886,55.783916000000005,55.994263000000004,23.937342,38.948883,45.086807
2015-06-01,46.7449,78.947182,34.960999,102.965889,23.68815,34.918694,26.339201,19.013725,25.192379000000003,53.621037,52.397926,28.200671999999997,83.664055,50.560101,54.402232999999995,31.186804,52.124474,24.013737,50.470234000000005,31.470102,16.100397,28.194294,46.74892,25.70455,23.988770000000002,18.313694,15.272751000000001,44.311806,24.363216,39.664848,25.683817,20.35944,23.001801,39.601704,20.946884,13.426476000000001,19.327377,86.651176,701.755859,26.814123,10.659064,27.420118,26.809193,15.253967000000001,8.549317,25.589842,7.339921,44.783058000000004,5907.041504,26.396769,17.093569,49.096621999999996,84.559998,25.82,26.525467,,,76.739288,24.763927,27.172659000000003,23.578938,54.485214,56.173134,23.775263,39.37627,41.383998999999996
2015-07-01,45.121798999999996,75.83091,33.064426,99.508484,23.591465,35.785336,27.197477000000003,16.867487,22.499872,51.296558000000005,51.310390000000005,26.033371,81.079971,46.616814,58.634624,30.274110999999998,51.211956,23.545578,49.541965000000005,30.147524,14.392337,28.050022,45.902634,24.375998000000003,21.756821,16.004728,14.312745999999999,38.382549,24.323441,38.127796000000004,23.543526,19.086996,21.23101,37.777229,18.046543,12.513026,16.316938,59.463379,976.895874,27.168324,10.577003,26.094620000000003,23.94998,13.535798000000002,7.687514,25.007019,6.747375,33.010601,7580.04248,25.517805,15.1529,12.738745,105.839996,29.32,23.815617,,,76.677704,24.317453,27.091894,23.486366,54.557281,54.543659,23.443268,37.189102,43.451603000000006
2015-08-01,42.617607,70.655281,30.462090000000003,94.068855,24.096149,36.444798,27.974833,13.413993,19.008028,48.414204,49.037205,23.143642,77.14460799999999,40.213829,66.999596,29.271975,49.460648,23.141676,47.935658000000004,28.245188,11.655084,26.566291999999997,45.159359,22.161749,18.136934,13.169003,11.99129,31.295818,26.879091,35.701912,19.120195000000002,15.863414,19.017526999999998,35.282242,15.637653,10.523455,14.535612,27.267297999999997,1704.973755,26.364190999999998,10.184923,24.159392999999998,21.345537,10.696391,6.148098,24.223513,5.533613,17.042219,11155.983398,24.137964,12.437922,7.8490649999999995,155.639999,29.309998999999998,19.454598999999998,,,76.044228,23.098045000000003,26.796815999999996,23.364582000000002,55.003181000000005,54.883736,23.705366,36.082962,38.145508
2015-09-01,38.991172999999996,64.080101,28.311932000000002,86.241302,23.304485,34.233677,26.59725,13.335948000000002,18.332186,43.384040999999996,45.010975,20.993547,71.618126,33.059284000000005,78.758461,27.429945,44.842724,21.397560000000002,44.121845,25.455092999999998,11.519671,23.824203,43.139145,21.044998,18.474541000000002,10.517644,10.821833,29.773829,28.609378999999997,32.551173999999996,18.891878,13.827454000000001,16.656475,31.494581,13.542966,11.16162,13.751826999999999,24.246429,1381.162964,23.884769,9.409883,21.685131,18.395042,10.560257,5.746512,21.798365,4.99841,15.908724,8206.426758,22.08684,12.614347,22.387220000000003,141.440002,26.48,20.289892000000002,,,71.900185,21.436825,25.662607,21.990195999999997,50.850182000000004,51.227965999999995,22.256857,33.613224,39.237801
2015-10-01,37.650421,61.65280500000001,26.988753999999997,82.727631,22.532619,33.624592,26.045679,13.082301,15.635142000000002,41.552353000000004,43.713485999999996,18.680042,68.261505,30.11157,84.348412,25.986542,42.188107,20.497963000000002,41.848583000000005,24.431452,11.471313,22.128942000000002,41.917698,20.303704999999997,17.977510000000002,10.84248,9.826061,26.01643,31.324135,30.479329999999997,18.178435999999998,12.300495,17.320520000000002,29.487748999999997,12.020288,11.086541,12.344582,21.464054,1310.639648,24.497444,8.680436,20.748447,17.375120000000003,10.210194,5.564842,20.091434,4.99841,14.031494,8107.31543,21.216528,12.094875,21.281197,138.83999599999999,24.35,19.085516000000002,,,70.549522,21.030354,24.716402,21.62286,49.293903,49.777157,21.967735,32.882934999999996,33.911392
2015-11-01,42.229659999999996,69.383026,29.941082,92.491745,23.868546,34.692347999999996,26.774364000000002,14.594423999999998,16.248472,45.513259999999995,48.846581,20.529127,75.778862,38.095764,65.44239,28.448227000000003,44.686023999999996,22.517469000000002,45.812698,26.560259000000002,12.699689,23.864732999999998,44.721115000000005,21.507101000000002,19.177885,11.825766,11.243535000000001,28.394533000000003,27.66468,33.425503000000006,19.748003,14.251609,19.109755,32.344315,12.938728,12.550564999999999,13.199617000000002,27.577334999999998,789.165039,26.268459000000004,9.072514,22.533451,18.558956,11.396519999999999,6.1289739999999995,21.630470000000003,5.944571,15.841110999999998,5760.356934,23.740738,13.908126000000001,25.705289999999998,102.32,24.6,20.678404,28.57478,,77.62984499999999,22.479507,27.692384999999998,23.776352,53.044716,54.54538,22.278643,35.994129,40.94318
2015-12-01,42.947788,70.488708,29.894665000000003,93.842407,25.234157999999997,35.672740999999995,28.527155,13.813973999999998,15.446426999999998,44.685753000000005,50.083939,19.385275,76.242195,39.149921,63.106590000000004,28.563168,45.257504,23.444603,48.734111999999996,26.134501,11.732462,23.324078,44.501793,21.150894,18.174446,11.114639,9.668567,24.351761,26.590712,32.844013000000004,18.872851999999998,12.140259,18.703948999999998,31.431301,12.656752000000001,11.593319000000001,12.487089,22.123875,852.7352289999999,26.794975,9.072514,21.923723000000003,16.537326999999998,10.676945,5.880374,21.667778,5.170439,13.017313,6412.509765999999,24.050402,13.124018,22.4102,109.32,27.040001,19.677994,33.040695,,77.331062,22.550196,27.710924,23.64451,52.555099,55.114151,22.339857000000002,36.11858,42.431778
2016-01-01,40.798336,67.084175,26.432228000000002,88.911835,23.566048000000002,33.236561,26.713039000000002,13.499532,14.253453,42.448345,47.482819,17.704304,72.585068,35.418056,68.51686099999999,27.056897999999997,44.10593,21.962339,45.291985,24.588163,11.384942,22.127617,42.277279,20.600618,18.145708,11.189198,8.591121000000001,20.065807,28.102221999999998,30.515257000000002,17.673597,11.26368,18.572848999999998,29.602589000000002,11.369117999999999,11.468349,12.711112,19.301748,820.453491,27.013718,8.521559,20.552441,15.515912,10.679210000000001,5.376475,21.147966,4.958308000000001,12.349148,5895.148926,22.891088,12.658942,20.731684,108.400002,22.620001000000002,18.854044000000002,28.391154999999998,23.023585999999998,76.551025,19.997061,26.726491999999997,23.534992000000003,51.63583,53.515221,22.187314999999998,34.908825,39.366238
2016-02-01,36.579440999999996,60.283501,24.741467999999998,80.066895,21.635214,29.531725,23.775591,14.414587,13.1475,38.487381,42.824963000000004,15.852160999999999,65.02550500000001,28.213053000000002,83.6297,24.986708,41.572845,19.567635,40.513428000000005,23.439972,12.334496000000001,20.667082,40.146209999999996,20.590733,18.589668,9.999647999999999,8.07901,18.433657,30.697653000000003,26.803154,17.644951000000002,9.403885,16.686905,27.546089000000002,10.063491,11.754534,11.657153,22.259017999999998,612.8568730000001,26.761523999999998,7.586264999999999,19.360859,13.617884,11.945905999999999,5.3286430000000005,19.819151,4.88985,12.691184,5086.398926,20.552951999999998,13.315259,23.399326000000002,91.720001,15.38,20.131222,18.97719,21.72261,77.737,19.170588000000002,25.909565,23.90493,53.099667000000004,48.498764,21.428499,32.556606,36.539795
2016-03-01,40.281551,65.914276,25.652601,87.16548900000001,22.575874,30.786115999999996,24.800743,18.271595,16.198404,41.759892,44.623924,18.330763,72.072243,33.479752000000005,68.297264,27.182071999999998,43.109768,19.94035,40.788383,25.185598000000002,15.686997,21.268477999999998,41.273865,22.014191,23.614923,10.705943,8.441021000000001,18.865696,27.803897999999997,27.26108,21.359177,11.835924,17.96269,30.091354,11.631939,14.79089,11.638982,40.686306,234.41526800000003,27.343508,7.907477,21.134375,15.663332,15.512137,6.792344,20.563662,6.366584,23.218781,1889.063843,22.419689,16.557062,36.307922,49.84,16.809998999999998,25.375095,17.252882,24.535284,81.459183,21.021172,27.756930999999998,25.402292000000003,53.742321,52.791782,21.02529,33.727917,41.082966
2016-04-01,42.656307,70.471817,27.652988,93.823326,24.882969,33.201355,26.737474,19.796688,19.705664000000002,44.768337,49.012603999999996,22.988357999999998,77.170532,38.166195,59.213584999999995,30.08679,44.18182,21.403265,44.163719,26.371132,16.849714000000002,21.869875,43.949638,23.180639000000003,26.713202000000003,11.430825,8.805228,19.681767999999998,26.004004000000002,31.406658,25.321651,13.323761,19.802410000000002,32.000309,12.683221000000001,16.012411,13.328951000000002,47.499157000000004,156.939041,28.749968,8.257031,22.323122,17.598215,16.856783,7.9499130000000005,20.978327,8.488779,30.497025,1082.296875,24.093037,18.555843,41.283524,39.360001000000004,19.034,28.628760999999997,25.956898000000002,26.477583000000003,85.972153,22.943621,29.102192,26.698359999999997,55.411449,54.678226,21.423639,35.072037,45.377697
2016-05-01,44.410076000000004,74.097015,31.258260999999997,98.03072399999999,24.813660000000002,32.782565999999996,26.243979,25.414934,23.57402,48.540684000000006,53.014233,26.919621999999997,81.299904,42.145519,53.084602000000004,31.206833000000003,46.212082,21.878477,45.263542,28.966238,21.238974,22.824478,45.717556,24.495361,36.385872,11.152024,9.927982,20.497845,24.661539,34.481915,35.022556,16.394806,21.013481,35.753658,13.666679,25.477465,13.755985999999998,94.656471,65.556816,28.633570000000002,8.445978,25.042735999999998,20.491322,21.748171,11.164317,22.052689,13.349289,71.155746,356.801178,25.164474,23.786482,66.551201,22.48,18.665001,37.465187,23.910513,31.379143,84.889725,25.261337,29.158245,26.424298999999998,55.50071,54.344009,21.011213,34.457577,46.570586999999996
2016-06-01,44.315792,73.515091,30.484353999999996,98.068626,25.93255,33.513011999999996,27.339539000000002,22.354908,21.046183,46.315002,51.729042,22.679668,80.832619,41.312408000000005,53.483887,31.110281,46.487209,21.962339,45.90826,27.948732,18.865092999999998,22.375814000000002,45.574215,23.862710999999997,31.88015,11.244959,9.238418,20.017797,24.611818,33.710654999999996,31.632966999999997,13.867393,22.705282,33.632603,14.065149,21.470871,12.529394,59.14539,82.442657,29.186455,8.058635,23.520495999999998,17.524506,18.961443,9.796282000000001,22.382535999999998,11.373791,42.289364,427.17028799999997,25.183434,20.803226000000002,50.275581,26.76,20.219998999999998,32.017593,26.993839,29.757503999999997,83.871483,23.231089,29.186277,25.823142999999998,55.277561,55.308464,21.361073,35.523281,45.449265000000004
2016-07-01,43.931236,72.924065,31.857091999999998,97.76786,25.839188,32.920398999999996,27.535341,28.583189,24.017656,47.025428999999995,53.547729000000004,25.748417,80.431984,40.451190999999994,53.344131000000004,31.509682,45.576443,21.477806,44.290607,28.770203000000002,24.077944,22.11615,44.111088,25.483875,42.865809999999996,11.588811999999999,9.417193,19.643368,24.601875,34.423996,43.873676,14.973730999999999,23.158281,34.996487,14.116017999999999,28.618521,12.983688,114.840645,33.275047,29.816936,7.907477,24.821448999999998,18.796253,24.153101,13.441517999999999,22.058706,15.520382999999999,94.672821,141.729355,25.1078,27.117783000000003,79.919388,15.052,21.190001000000002,42.360386,26.783699,31.917952000000003,91.210236,24.430363,31.264248,28.05105,57.600166,55.540188,21.289953,35.548195,51.308758000000005
2016-08-01,45.883312,76.544411,30.671936,102.306572,26.821177000000002,35.251647999999996,28.671529999999997,30.432980999999998,27.67795,49.110161,58.690739,28.671894,83.369476,44.318653000000005,48.253281,32.952057,46.202595,22.474826999999998,46.452763,29.022246999999997,25.49258,22.375885,45.704178000000006,26.076981,48.108326,11.849026,9.336703,20.161816,23.498074,37.281242,49.325661,16.318507999999998,22.825466,35.491496999999995,14.514488,31.410572,12.447622,132.30603,24.881792,30.311622999999997,7.954714,25.157631,20.439539,25.537178,15.280985000000001,22.364147,18.190241,121.93241100000002,83.848274,26.241267999999998,29.106619,89.341064,12.66,22.870001000000002,46.542553000000005,29.978971,31.742572999999997,92.63179000000001,24.016596,32.165012,28.398352000000003,57.718239000000004,59.477238,21.752142000000003,38.132121999999995,55.584087
2016-09-01,46.205494,76.889198,31.686426,103.23904399999999,25.958218,35.134602,28.552972999999998,25.995451,24.949543,50.319115000000004,56.182663,27.191997999999998,83.867035,44.662201,47.494648,33.581286999999996,48.270802,23.210941000000002,48.355465,29.34897,21.762199,23.193575,45.898457,25.286171,41.326118,12.378747,9.479795,21.189106,23.219635,38.328247,42.451,15.212167,22.825466,35.893116,14.319491000000001,26.552404,12.520309,78.542542,37.188587,30.040028000000003,8.455426,24.998884,20.088726,21.44343,13.441517999999999,23.099119,15.461704000000001,72.265373,118.61656200000002,26.498444,24.025143,63.923522999999996,16.700001,23.780001000000002,40.186043,30.067348,31.050306,87.360962,25.042025,29.997536,26.733101,56.383132999999994,60.894957999999995,21.80566,38.884159000000004,47.181343
2016-10-01,45.481853,75.964584,32.806507,102.237251,25.710239,33.154987,27.243843,26.005292999999998,25.554266000000002,50.918827,56.731003,28.190701,83.551056,43.782646,48.233318,33.191277,47.39798,23.220259,48.259369,29.657021999999998,21.917227,22.409182,47.189526,25.681576,41.836201,12.629667,9.621657,20.712524,23.567682,39.599865,42.470096999999996,16.003773000000002,22.816221,36.537563,13.709069,26.747846999999997,11.847957000000001,75.243431,33.443909000000005,31.01,8.134214,25.832876000000002,21.547373,21.677359,13.594807999999999,22.803221,15.178094,69.322266,95.107338,26.228953999999998,23.995307999999998,63.114235,15.87,23.0,40.509262,25.670170000000002,31.548738,87.888878,26.193382,30.445194,27.107753999999996,56.174243999999995,63.072952,21.314137,39.716152,50.316265
2016-11-01,44.272179,74.108261,31.69265,99.091339,24.222379999999998,30.507671000000002,25.196842,24.726181,24.50396,50.671329,53.43699599999999,29.761390999999996,80.937973,41.531086,50.429371,31.910208,46.914131,22.325739000000002,47.778884999999995,29.1436,20.744822,22.631344,46.352413,25.97813,39.701412,12.685427,9.639742,21.030144,24.223999,37.47337,40.035328,16.690466,22.030413,36.500206,13.556464000000002,24.946976,10.72131,60.09935,35.062962,30.253426,8.105872999999999,25.804726000000002,22.119754999999998,20.683165,12.770878999999999,22.936853,14.249022,53.413540000000005,96.17774200000001,25.424854,22.483795,55.730759,16.629998999999998,21.299999,39.606224,20.665165,30.948778000000004,83.456711,26.247351000000002,29.01837,25.573351000000002,53.276978,60.392883,21.021624,38.631218,44.829403000000006
2016-12-01,47.586876000000004,80.619781,34.186932,107.95536000000001,27.604782,32.754478000000006,26.709845,20.328011,30.150562,52.365768,58.627247,35.89888,87.461052,48.718388,42.383831,34.99641,48.57439,23.089807999999998,49.671974,30.30113,17.082258,23.423391,48.1045,24.505245000000002,32.352444,13.252322,10.055717,21.415134,21.93684,46.20475,32.893322,20.39098,22.733019,38.256107,14.879045000000001,20.514592999999998,11.348234,30.725396999999997,55.564365,29.943033000000003,8.342057,26.714928000000004,24.880110000000002,16.784357,10.442803,23.690914000000003,12.478896,26.249392999999998,151.16478,27.741422999999998,18.884001,36.467781,23.09,23.764999,32.399570000000004,23.861414,32.037937,87.3302,27.731524,30.114472999999997,26.883422999999997,51.851051,64.05275,23.419224,38.970261,50.795475
2017-01-01,47.651951000000004,80.328972,34.382754999999996,108.03015900000001,27.686138,33.138145,27.204598999999998,20.643339,29.367159,52.436958,58.223091000000004,34.663078000000006,87.70687099999999,48.35154,42.523579,34.937523,49.75478,23.561235,51.748859,30.809374,17.247010999999997,24.012119000000002,48.002117,24.918058,31.386051000000002,12.81027,10.490416999999999,22.075926000000003,21.976614,46.932083,31.719677,19.187407,23.023386,38.736534000000006,14.743965,20.700001,12.551979,30.367661,48.0452,30.866657,8.758308999999999,26.981094,23.959446,16.940622,10.242600999999999,24.044014,11.828236,22.192669,139.112808,27.713425,18.758739000000002,36.907391,21.35,24.174,31.714834000000003,24.917992,32.234077,93.98563399999999,30.860611,32.808956,28.958082,54.500393,66.82386,23.891924,40.320736,57.65310699999999
2017-02-01,50.068096000000004,84.376335,33.971508,113.650719,28.470928000000004,33.774475,28.600471000000002,23.534592,31.993881,57.037029000000004,59.746998,38.185337,93.041115,53.236931000000006,38.450897,36.955963,52.051598,24.721701,53.11982,32.03756,19.954736999999998,24.792997,49.397587,25.79133,37.872173,15.622511,10.51776,23.409174,21.280525,46.794422,38.120907,24.118568,25.252064,40.914227000000004,16.624883999999998,24.790001,16.199562,43.723071999999995,30.265394,32.044773,9.44103,28.393223,27.813065,19.442654,12.320524,25.016949,14.827082999999998,36.430977,70.765564,29.202875,21.702845,47.448082,15.75,26.677,37.3568,28.732876,33.403862,92.765656,31.210464,32.78994,28.63332,54.973743000000006,67.855034,24.207975,41.896225,56.377033
2017-03-01,51.074837,87.090691,33.675018,116.60992399999999,29.186178,36.07505,30.946718,22.676095999999998,32.196686,57.094414,63.473186,40.597716999999996,93.589943,56.546387,35.895493,37.697029,52.594311,25.301933,55.407967000000006,32.170853,19.209129,24.832045,50.695473,26.019571,37.434459999999994,16.628897,10.244334,23.641043,20.62421,47.689217,36.569992,23.466198000000002,24.930984,40.612553000000005,16.902252,23.969998999999998,16.375116000000002,38.357059,32.381091999999995,32.663288,9.070411,28.270840000000003,27.571051,18.869064,11.693227,25.383004999999997,13.902848,32.970828999999995,64.69994399999999,29.933187,20.310361999999998,43.731361,16.67,29.0,34.66663,36.24382,32.696213,92.502884,29.405964,31.96258,28.461914,55.103683,68.79946899999999,25.284321,43.724567,54.304634
2017-04-01,50.408405,86.34030200000001,32.90202,114.761909,29.007364000000003,36.511185,31.692484000000004,22.508345000000002,29.414609999999996,56.625797,60.789154,37.029594,92.463394,55.377865,36.294777,37.013565,51.799628999999996,25.054621,55.639679,31.761453999999997,19.111025,24.986788,51.027264,25.612707,35.79303,15.584888000000001,10.300852,23.942514000000003,20.34577,46.17495,35.582146,21.518675,26.545832,40.084629,15.524069,23.870001000000002,14.970697,35.733677,30.851435,31.799334,9.070411,27.839996000000003,26.137577,18.730614000000003,11.408982,25.094015,12.732806,25.713472,58.832545999999994,29.465643,19.982134,42.272652,16.290001,31.120001000000002,34.61071,38.168446,32.094467,89.792496,29.571682,31.015455,27.837528000000002,55.205776,68.604294,25.074621,45.309776,50.659271000000004
2017-05-01,51.072044,86.427475,31.769121000000002,115.977646,29.563671000000003,36.903461,32.01952,21.403157999999998,28.641053999999997,56.96051800000001,60.346729,35.057495,93.60431700000001,55.614353,36.155025,37.218821999999996,52.846279,26.034357,57.309929000000004,31.590078000000002,18.286935999999997,24.908609,52.64717099999999,25.592861,31.167196,15.500238000000001,10.410725999999999,24.174404,20.783316,46.263453999999996,33.557068,20.674429,27.150219,39.745247,14.977997,21.690001000000002,12.864072,29.999990000000004,34.516659000000004,32.466934,9.04115,27.613117,25.355686,17.563658,10.75228,25.5275,11.808572,16.528669,85.325035,29.735879999999998,19.116804000000002,37.956466999999996,17.690001000000002,31.549999,31.125673,39.170035999999996,31.097986,91.231155,29.52565,32.473206,29.709112,54.453987,68.6623,25.334694,45.601528,55.036758
2017-06-01,51.668372999999995,86.659927,30.943453,116.78813899999999,28.957693,37.168255,32.564571,22.301123,28.167247999999997,57.41000699999999,59.501202,33.617405,94.329483,55.535526000000004,36.03524,37.375202,53.476212,26.662151,59.10569399999999,31.36158,18.944244,24.566597,52.422729,25.255459,31.167196,15.058181,10.319164,24.734802,20.713707,44.916351,34.574546999999995,19.398466,28.217340000000004,39.754677,14.821976000000001,21.309998999999998,12.512967,33.050667,29.679358,33.6745,9.060657,27.461863,24.685492,18.018572,11.095333,25.826122,12.28052,16.319696,81.201996,29.928907000000002,20.011974,40.883877000000005,16.059998999999998,31.6,30.896,40.603683000000004,30.616591999999997,89.906075,27.343678999999998,31.821056,30.099778999999998,56.74649399999999,70.112495,25.604576,48.441296,52.44305
2017-07-01,51.997414,86.95401,30.537788,117.86039699999999,29.677132,37.859459,33.665791,21.787998,29.033726,57.94935600000001,60.285538,35.314327,94.903809,55.957191,35.416351,37.872051,53.311459,27.175797999999997,59.80455,31.323497999999997,18.571489,24.14798,53.359367000000006,25.285229,33.206547,15.979918,10.178355999999999,24.551485,20.186664999999998,45.930209999999995,33.537308,20.127589999999998,27.405195000000003,39.667694,15.177356,22.67,12.854319,30.06955,30.8713,33.350521,9.021645,27.200573,25.494881,17.455606,10.962899,25.639608,11.956056,18.528828,63.18354,30.272562,19.355516,38.605888,16.66,34.639998999999996,33.222687,45.165825,30.034203,87.625282,26.719755,31.124734999999998,29.272249,55.226154,68.601578,25.868382999999998,47.608467,50.683586
2017-08-01,52.838104,89.34805300000001,31.540928000000005,119.682579,29.498175,38.016674,34.141914,22.52808,29.954047999999997,61.077824,61.663498,37.249736999999996,97.030281,58.966170999999996,33.479832,37.970116,55.046188,27.289942,61.395828,32.65641,19.258596,24.952911,54.018368,26.31728,33.365715,17.738745,10.762360000000001,24.921856,19.570127,45.772579,33.883053000000004,24.176132,29.293905,42.217968,18.713829,22.48,14.180712,32.58363,27.404736,34.008305,9.431275,28.876215000000002,28.715982,18.426462,11.012193,26.622007,12.349347,18.429316,60.368774,30.728154999999997,20.330256,41.183613,15.344,36.828998999999996,33.622116,46.495391999999995,31.662388,90.087158,27.795966999999997,31.134386,30.115402000000003,58.001617,70.64894100000001,26.050484,48.096558,49.235481
2017-09-01,53.56284,90.72024499999999,30.701765,121.32060200000001,29.428579,37.692413,33.913776,24.452293,31.920626000000002,62.956844,62.765862,40.001503,98.234291,60.40653199999999,32.561481,38.381981,55.123721999999994,27.879686,62.450168999999995,32.7897,20.799675,25.149239,54.215084,26.704297999999998,36.071579,19.920816000000002,10.82725,24.648951999999998,19.997728,45.447456,34.712841,25.96056,32.278071999999995,43.029854,20.733431,24.27,13.644302,39.917175,20.878853,33.919940999999994,9.304485000000001,29.485538000000002,30.699656,19.99172,11.436117999999999,26.485832000000002,12.998277999999999,22.817722,46.354420000000005,31.135275,22.12059,48.147461,12.85,35.369999,36.707722,45.25322,32.020977,89.924934,30.124671999999997,31.201922999999997,30.152065000000004,56.689411,68.36869,25.976658,48.467506,48.945865999999995
2017-10-01,55.182331000000005,93.664322,32.765709,125.166504,31.159994,39.197559000000005,36.277798,22.656360999999997,31.233416,63.334587,64.635612,38.708172,101.310638,64.422157,30.385395000000003,39.654365999999996,57.158878,28.631134000000003,65.193398,33.789390999999995,19.180069,25.837864,55.937720999999996,26.783688,33.415451000000004,19.967844,11.086786,26.181967,18.834257,49.031399,32.588978000000004,23.840353,35.328339,43.9086,22.388985,22.959999,12.971354,31.639605,25.686354,33.949397999999995,9.889672000000001,29.867176,29.254408,18.515623,10.676996,27.351509000000004,11.661087,17.842205,55.888935,32.109821000000004,20.509289000000003,41.023754,14.76,36.369999,35.169914,55.085499,32.680008,88.835655,31.200882,29.630903000000004,29.912626,57.000946,68.038033,26.349842,48.997227,44.763119
2017-11-01,57.601414,97.947136,32.648933,130.435333,32.970119,40.802082,39.693115,22.182709,30.961645,65.872238,66.81510899999999,39.185143,105.454727,70.101822,27.969734000000003,41.216953000000004,58.467197,29.877207000000002,68.600487,34.35112,18.8267,26.349505999999998,57.385651,27.131012,31.953090999999997,20.485146,11.405426,27.335617,18.207775,50.008472,31.699919,24.866879,37.642006,45.236267,23.749832,21.700001,11.7815,28.966535999999998,27.076952000000002,34.666084000000005,10.143253,30.634232,30.510734999999997,17.822155,10.351659,28.100464000000002,10.85484,15.205179000000001,62.915939,33.491516,20.25367,39.964690999999995,15.35,51.686001,32.343937,71.633339,32.757538000000004,85.427063,30.931828999999997,28.909863,28.847294,55.669849,66.750061,26.830006,50.48555,43.695015000000005
2017-12-01,57.387676,97.272446,33.116039,129.967834,34.223278,42.957848,42.84037,22.192577,31.175178999999996,65.426689,66.82498199999999,38.864105,105.874008,68.896744,28.189341,41.285748,59.30064,29.829646999999998,67.83901999999999,34.646263,18.65983,26.005132999999997,57.9865,27.418795000000003,31.585014,19.506975,11.292964,27.091198,18.346994,51.26189,30.692315999999998,23.54295,37.349258,45.045235,24.677288,21.43,13.907632000000001,28.221254,26.908094000000002,34.234108,9.899426,30.605465000000002,29.783388000000002,17.871689,10.095331,27.896203999999997,10.343562,14.448901999999999,64.81888599999999,33.326107,19.763317,38.905623999999996,15.31,59.470001,31.34536,89.239723,33.096745,88.460136,31.015331,29.387308,29.958944,57.595688,68.555161,27.784415999999997,50.818462,43.811535
2018-01-01,59.09446,100.27327700000001,34.488171,133.696091,34.517368,43.674706,43.406277,23.117683,35.585578999999996,68.34153,69.872734,43.157005,110.39672900000001,73.25774399999999,26.35264,43.226231,60.575104,30.726114000000003,69.440048,36.083121999999996,19.52758,27.026438,58.6366,28.361532,33.964523,19.842836,11.724744,27.521373999999998,17.581293,51.799725,32.249195,26.655607,37.801235,47.507687,26.923126,23.309998999999998,14.982125,31.500486,23.540855,34.599281,10.343007,32.037445,33.164806,18.674616,10.706511,28.807037,11.159641,17.673037,50.854079999999996,34.229694,20.598804,42.042854,13.99,60.200001,33.599998,91.876373,34.821422999999996,88.817375,32.055656,28.656522999999996,30.021865999999996,58.123596,67.194717,28.530822999999998,51.622974,42.174339
2018-02-01,60.617466,102.785027,35.432117,136.815979,34.248631,43.862194,42.433310999999996,23.575264,36.250916,71.73520699999999,70.47592900000001,46.677341,112.110352,76.463066,25.114864,44.28125,63.279346,32.13681,75.23893000000001,37.667590999999994,19.825712,27.717651,61.601425,28.589775,33.466946,22.116297,12.368753,28.694578000000003,16.805647,52.720291,31.883625,27.493772999999997,35.977493,50.199172999999995,27.576296000000003,22.6,14.026454999999999,32.066897999999995,21.623816,34.837006,10.451055,33.500256,35.434532,19.131552,10.637309,29.798015999999997,11.130144,16.339598000000002,51.012657,35.040733,21.354725,43.391663,13.27,58.299999,31.219998999999998,85.266853,36.039093,90.59079,36.129554999999996,28.763702000000002,30.643476,59.58316800000001,68.955223,29.4779,53.10639200000001,44.781555
2018-03-01,57.620274,98.154007,31.734182,130.390366,30.366922,39.619061,38.164162,21.456474,36.162853000000005,66.898247,67.400589,46.846767,106.969467,69.340111,26.891674,42.486732,60.693107999999995,30.764765,73.071671,35.29575,17.947487,26.670958000000002,55.780117000000004,27.190552,31.735382,20.870174,11.65845,26.524151,17.770231,50.918739,29.374037,26.353478999999997,32.710361,46.723473,26.654701,21.110001,12.90155,23.10367,27.623257000000002,32.390396,10.018867,31.421528000000002,33.337193,17.21442,9.787115,28.807037,10.402555,13.453798999999998,56.810677,33.379574,18.778629000000002,35.498634,15.771,47.814999,29.950001,59.953564,32.729782,84.598175,35.689651,27.311878000000004,28.710655,54.993202000000004,67.647133,27.919166999999998,51.74165,38.815239
2018-04-01,55.801987,94.57914,32.352013,126.413124,31.083546000000002,40.330631,39.253479,21.864314999999998,33.350964000000005,65.932808,65.60759,43.100533,104.247124,63.919704,28.788265000000003,41.620007,60.79144300000001,31.615046999999997,76.488518,35.237423,18.194405,26.515356,56.000530000000005,27.339405,31.994123,19.976009,11.734447,26.02136,18.685097,50.410667,30.352182,25.320391,32.164211,46.839657,24.892035999999997,21.540001,12.015564,24.314878,25.604465,32.836135999999996,9.792953,31.512059999999998,32.101772,17.572021,10.103467,28.336077000000003,10.432052,13.493603,54.144581,32.342293,19.504711,36.407833000000004,14.97,50.290001000000004,29.950001,64.73152900000001,32.9851,82.26293199999999,34.848095,26.527658000000002,27.923283,55.050819,68.064903,27.882723,51.959216999999995,34.881115
2018-05-01,55.821583,95.48477199999999,34.736874,126.697525,30.406734000000004,39.025496999999994,38.696831,22.192579000000002,33.791859,66.469162,64.796402,45.011299,104.129387,64.870468,28.08952,40.633282,60.683273,31.895252000000003,78.16765600000001,35.89843,18.433279000000002,26.643881,57.892174,27.279865,32.551407,19.785760999999997,11.924788000000001,26.197514,18.237606,49.964729,30.006373999999997,24.950039,32.281242,48.611393,24.212023000000002,22.620001000000002,13.588438,25.23167,24.112944,33.153103,9.989400999999999,32.634033,32.504002,17.830288,10.409931,28.198713,10.874505000000001,14.001104999999999,50.685584999999996,32.45023,19.514657999999997,37.576801,14.48,48.799999,30.299999,60.102875,34.389346999999994,82.21378299999999,31.60619,26.655289,27.737194,55.598156,68.440414,27.197015999999998,49.170387,36.817329
2018-06-01,57.889412,99.392761,36.027046,131.708939,31.043734000000004,38.936508,38.408566,22.192579000000002,37.074047,68.585335,69.841614,45.792553000000005,107.51435900000001,70.198769,25.803629,42.981685999999996,61.843639,32.851822,80.002983,36.705242,18.632341,26.910812,56.828125,27.825661,32.640968,20.004547,12.305467,26.814039,17.322744,53.116013,30.174339,25.252167,32.778628999999995,50.13205,23.138320999999998,22.68,13.299747,24.932716,24.102997,33.559222999999996,10.244783,33.456169,33.691536,17.651487,10.538449,28.738356,11.012156,13.891644,49.952168,33.716057,19.515652,37.406948,14.35,49.525002,29.59,58.11205699999999,35.523685,81.820511,32.572067,26.782922999999997,27.433573,53.120723999999996,70.189468,28.1989,50.189007000000004,35.702538
2018-07-01,57.174316000000005,97.902016,36.195988,129.674072,30.40802,39.195415000000004,37.968044,22.192579000000002,35.095261,66.387085,67.484123,42.620487,106.36170200000001,67.937508,26.312714,41.405487,61.155285,31.334840999999997,77.031418,36.092846,18.409431,26.706229999999998,55.62293199999999,27.438640999999997,32.541453999999995,17.82621,11.904167,25.889254,17.184521,52.531551,28.534214000000002,23.507614,31.715590000000002,49.064163,20.67775,22.18,12.811956,24.245123,24.083111,32.846039000000005,10.176026,33.048008,31.700715999999996,17.47253,10.041967999999999,28.192911,10.579536000000001,13.583160999999999,50.362514000000004,33.219296,19.156591,37.267075,14.349,44.5,29.110001,55.245274,35.958225,84.252983,32.404517999999996,27.253978999999998,28.081381,53.165890000000005,71.844818,27.916107,48.278568,36.111481
2018-08-01,58.208118000000006,100.008179,36.127247,132.236801,30.019196,39.026943,37.460471999999996,20.998896,35.253571,67.463257,69.398628,44.521843,107.769104,70.07978100000001,25.294542,42.316376,62.345158,31.363827,74.46764399999999,36.015076,17.381697,27.283556,56.249699,26.743994,31.387078999999996,18.044994,12.231892,26.490643,17.254133,54.140572,26.923731,22.952085,31.393751,49.162136,19.371408,21.5,13.100649,20.528137,27.961069000000002,32.360676,10.460875999999999,32.716457,32.089321000000005,16.604886999999998,9.515014,28.736984000000003,9.901109,12.060654,55.299629,33.850163,18.231585,33.296581,15.97,41.77,27.870001000000002,52.458121999999996,35.000259,83.538635,33.257267,27.253978999999998,28.367525,55.004622999999995,70.741661,28.904123,49.161953000000004,36.992249
2018-09-01,58.355807999999996,100.265266,35.135436999999996,132.315659,30.866630999999998,39.661201,37.53014,18.452368,33.581425,65.83419,68.535622,41.500381,107.257332,70.119446,25.144811999999998,41.969837,63.584194,31.653694,77.06100500000001,35.752617,15.266357000000001,27.19397,55.105598,26.714221999999996,27.505987,17.141319,12.058391,26.185017000000002,17.26408,55.004681000000005,24.37462,20.768957,31.305977000000002,47.82972,17.966646,19.02,12.662633,13.253603,39.515396,31.805981,10.627857,32.306892,29.913118,14.341038000000001,8.351736,28.697415999999997,8.839222,7.771757000000001,78.071815,33.879734,15.705221,25.747252,20.179001,43.740002000000004,24.809998999999998,51.660801,33.233459,86.128136,31.024788,29.339794,30.252115000000003,54.98495500000001,76.565567,30.133938,50.065189000000004,42.120274
2018-10-01,57.881847,98.505371,35.916855,130.77688600000002,29.497740000000004,38.042953000000004,35.081383,18.452368,34.097443,66.939987,68.778786,43.392323,108.225426,67.369125,26.362623,41.199558,64.72489200000001,30.948347,74.161964,36.763569,15.340895999999999,27.855156,56.543362,27.10124,27.2572,16.941558999999998,12.486802,25.978006,17.644610999999998,54.39122,23.762043,21.675344,32.378769,49.847935,18.082962,18.75,13.339566,12.924754,38.970573,31.429577000000002,10.676969999999999,33.472477000000005,31.788153,14.281198999999999,8.123057000000001,29.330521,8.672073,7.403569,78.20039399999999,33.478504,15.496348999999999,24.964942999999998,20.149,35.02,24.030001000000002,41.886520000000004,34.210186,86.149178,34.196251000000004,29.455703999999997,31.264393,56.93185,74.77329300000001,30.592031,49.415363,42.443218
2018-11-01,53.5093,90.547958,31.594991999999998,119.38303400000001,26.863302,34.874367,32.022597999999995,19.466998999999998,31.083305,62.023151,61.130069999999996,41.076813,101.17648299999999,56.655605,30.17577,37.129242,62.040314,27.344309000000003,66.303024,34.731949,16.16041,26.260014,50.671703,27.021852000000003,28.003563,15.533726000000001,11.767159,23.257538,20.175234,47.837582,23.683002,19.843079,30.701315,45.968258,16.615568,18.76,12.164888000000001,14.559031,31.476999,29.656527,9.900998,31.711805,29.611946000000003,15.128897,8.133,28.064314000000003,8.347608000000001,7.722003,68.600487,30.56819,16.127939,27.656565000000004,17.57,25.4,23.780001000000002,30.92193,31.711579999999998,81.511833,32.519493,28.222997999999997,30.300729999999998,53.146225,71.124352,28.58502,45.540432,37.873016
2018-12-01,54.02372,89.972481,30.499723,119.828499,26.723596999999998,35.271679,32.251759,18.989527,28.783040999999997,59.574608,59.827103,37.754146999999996,102.530914,55.285385,30.624964000000002,37.347649,61.391296,26.349094,62.605286,33.905693,15.810616,25.970894,49.844288,26.009649,26.461078999999998,15.609825,11.280911999999999,23.613672,19.288521,46.184231,22.774017,19.238819,30.613540999999998,43.52877,16.53504,17.9,12.483445,13.273532000000001,33.089165,31.21166,9.586681,30.374084000000003,27.591183,14.710034,7.367424000000001,27.846682,7.482367,6.418417,78.717155,30.647381,15.138282,25.753246,18.302,29.049999,21.598,30.951809,30.980762,80.61621099999999,32.040421,28.541117,30.886875,53.696861,70.506233,28.823477,45.989845,37.481564
2019-01-01,50.302719,83.597893,27.04203,110.317619,23.780001000000002,32.439873,29.985542,21.09,26.055374,57.369999,52.876564,34.84,94.11529499999999,47.116787,34.975857,33.448966999999996,56.919998,24.059998999999998,57.130001,32.23,17.42,23.66,45.908218,25.23,30.219998999999998,14.62,10.746667,22.167406,20.746874,39.740002000000004,25.02,18.309998999999998,26.98,41.240002000000004,13.56,19.85,11.67,17.476065,22.770704000000002,30.17,8.87,29.0217,26.98,16.219998999999998,8.34,25.99,8.04,9.170347999999999,50.039795,28.274820000000002,17.48,31.610001,14.37,23.914,24.99,23.92396,28.98,73.94203900000001,30.799999,26.195,28.422964,50.18,62.759997999999996,27.269632,42.720001,32.289349
2019-02-01,53.279858,89.153824,30.733196000000003,119.01721200000001,26.32,36.499844,34.058144,22.57,30.353168,62.029999,58.940433999999996,39.169998,101.89186099999999,53.559937,30.161934000000002,37.350677000000005,61.619999,27.540001,66.32,35.220001,18.98,25.639999,49.126694,27.139999,32.84,15.92,11.85873,23.89176,19.348433,46.82,26.879998999999998,20.34,28.85,45.279999,14.6,22.059998999999998,12.61,20.951304999999998,18.318163000000002,32.43,9.38,31.955589,29.85,17.559998999999998,9.1,28.370001000000002,9.0,11.450489,37.806076000000004,30.475855,19.129998999999998,35.771999,12.47,33.507999,27.712999,34.609859,31.855,81.648705,34.939999,27.894939,31.256283000000003,54.540001000000004,68.900002,27.588459000000004,46.080002,36.726890999999995
2019-03-01,54.743538,91.453857,31.280405,122.77973899999999,27.77,38.524840999999995,34.447437,21.700001,30.890390000000004,63.32,60.99835600000001,40.220001,105.327087,56.24292,28.504026,38.647923,62.099998,27.76,64.389999,35.52,,,51.235690999999996,27.32,31.440001000000002,17.27,12.222857000000001,23.881792,18.819023,50.84,26.01,21.76,29.719998999999998,45.830002,16.0,21.290001,12.29,18.374834,20.230663,31.969998999999998,9.46,32.342148,30.540001,17.049999,8.85,28.219998999999998,8.85,9.807592999999999,41.668308,31.461838,18.92,32.904999,13.356,32.724998,27.620001000000002,35.336765,32.150002,82.866592,33.900002,29.525292999999998,31.655340000000002,55.130001,72.459999,28.661509000000002,48.220001,41.114571000000005
2019-04-01,56.330002,92.860001,31.790001,124.940002,28.08,38.93,35.41,21.959999,30.219998999999998,65.389999,60.110001000000004,41.34,107.349998,57.630001,27.639999,38.77,62.939999,28.0,65.089996,36.119999,,,50.98,27.67,30.860001,17.43,12.45,22.91,18.530001000000002,48.110001000000004,26.01,22.43,28.889999,47.07,16.209999,20.6,12.83,18.6,19.16,32.52,9.41,33.18,32.040001000000004,17.200001,8.93,28.309998999999998,8.63,9.0,42.330002,31.99,18.51,33.359001,12.922,34.792,26.84,37.950001,32.830002,84.629997,35.25,30.120001000000002,32.330002,57.040001000000004,71.839996,28.089001,49.169998,42.59
2019-05-01,56.41,92.220001,30.85,124.620003,29.75,40.599998,37.93,20.52,28.120001000000002,64.699997,59.900002,37.68,106.089996,56.610001000000004,27.940001000000002,38.200001,63.849998,27.33,63.599998,35.57,,,51.470001,26.780001000000002,28.809998999999998,16.610001,12.2,24.290001,18.639999,48.400002,24.02,21.120001000000002,27.25,45.75,14.24,19.76,12.05,14.9,23.200001,32.689999,9.45,32.43,30.299999,16.15,8.3,28.690001000000002,8.04,7.12,50.639998999999996,31.92,17.709999,28.91,14.69,40.569,25.07,46.169998,31.540001,88.040001,35.27,30.02,33.68,58.84,72.510002,28.306998999999998,50.91,42.380001
