"Global X Lithium and Battery Tech ETF",,,,,
Date,"Closing Price","Daily Change","Daily Change %",Premium/Discount,"Premium/Discount %"
03/20/2019,28.29,-0.27,-0.95,-0.07,-0.24
03/19/2019,28.56,-0.10,-0.35,-0.03,-0.12
03/18/2019,28.66,0.03,0.10,-0.05,-0.17
03/15/2019,28.63,0.15,0.53,-0.02,-0.06
03/14/2019,28.48,-0.20,-0.70,-0.05,-0.17
03/13/2019,28.68,0.16,0.56,-0.01,-0.05
03/12/2019,28.52,-0.15,-0.52,-0.09,-0.31
03/11/2019,28.67,0.41,1.45,0.06,0.19
03/08/2019,28.26,-0.25,-0.88,-0.04,-0.15
03/07/2019,28.51,-0.62,-2.13,-0.09,-0.31
03/06/2019,29.13,-0.18,-0.61,0.04,0.12
03/05/2019,29.31,-0.07,-0.24,0.04,0.14
03/04/2019,29.38,-0.35,-1.18,-0.11,-0.38
03/01/2019,29.73,-0.19,-0.64,0.01,0.04
02/28/2019,29.92,-0.41,-1.35,-0.03,-0.10
02/27/2019,30.33,0.12,0.40,-0.02,-0.07
02/26/2019,30.21,-0.19,-0.62,0.08,0.25
02/25/2019,30.4,0.59,1.98,0.09,0.29
02/22/2019,29.81,0.17,0.57,0.06,0.20
02/21/2019,29.64,0.47,1.61,-0.03,-0.09
02/20/2019,29.17,0.22,0.76,-0.06,-0.19
02/19/2019,28.95,0.28,0.98,0.00,0.00
02/15/2019,28.67,0.29,1.02,0.11,0.38
02/14/2019,28.38,0.01,0.04,-0.10,-0.35
02/13/2019,28.37,0.11,0.39,-0.10,-0.36
02/12/2019,28.26,-0.02,-0.07,0.00,-0.00
02/11/2019,28.28,-0.05,-0.18,-0.07,-0.26
02/08/2019,28.33,-0.23,-0.81,-0.08,-0.28
02/07/2019,28.56,-0.53,-1.82,-0.14,-0.50
02/06/2019,29.09,0.00,0.00,-0.03,-0.09
02/05/2019,29.09,0.12,0.41,0.05,0.17
02/04/2019,28.97,0.10,0.35,-0.05,-0.16
02/01/2019,28.87,0.44,1.55,-0.07,-0.25
01/31/2019,28.43,0.01,0.04,-0.03,-0.12
01/30/2019,28.42,0.30,1.07,0.03,0.10
01/29/2019,28.12,0.07,0.25,-0.10,-0.34
01/28/2019,28.05,-0.15,-0.53,-0.16,-0.56
01/25/2019,28.2,0.51,1.84,-0.03,-0.10
01/24/2019,27.69,0.00,0.00,-0.09,-0.31
01/23/2019,27.69,-0.11,-0.40,-0.09,-0.31
01/22/2019,27.8,-0.50,-1.77,-0.19,-0.69
01/18/2019,28.3,0.08,0.28,0.00,0.02
01/17/2019,28.22,0.04,0.14,0.00,-0.01
01/16/2019,28.18,0.17,0.61,-0.07,-0.24
01/15/2019,28.01,-0.10,-0.36,-0.18,-0.64
01/14/2019,28.11,-0.18,-0.64,-0.13,-0.46
01/11/2019,28.29,-0.11,-0.39,-0.13,-0.45
01/10/2019,28.4,0.12,0.42,-0.01,-0.03
01/09/2019,28.28,0.22,0.78,-0.01,-0.05
01/08/2019,28.06,0.35,1.26,-0.02,-0.08
01/07/2019,27.71,0.48,1.76,-0.04,-0.14
01/04/2019,27.23,0.97,3.69,0.10,0.37
01/03/2019,26.26,-0.80,-2.96,-0.21,-0.80
01/02/2019,27.06,0.08,0.30,-0.06,-0.21
12/31/2018,26.98,0.07,0.26,-0.19,-0.71
12/28/2018,26.91,-0.53,-1.93,-0.12,-0.45
12/27/2018,27.44,-0.04,-0.15,-0.13,-0.48
12/26/2018,27.48,1.07,4.05,0.13,0.46
12/24/2018,26.41,-0.48,-1.79,-0.31,-1.16
12/21/2018,26.89,-0.32,-1.18,-0.23,-0.85
12/20/2018,27.21,-0.93,-3.30,-0.10,-0.38
12/19/2018,28.14,-0.48,-1.68,-0.32,-1.13
12/18/2018,28.62,-0.13,-0.45,-0.11,-0.39
12/17/2018,28.75,-0.82,-2.77,-0.27,-0.93
12/14/2018,29.57,-0.56,-1.86,-0.13,-0.44
12/13/2018,30.13,-0.03,-0.10,-0.17,-0.57
12/12/2018,30.16,0.36,1.21,-0.06,-0.21
12/11/2018,29.8,-0.10,-0.33,-0.03,-0.11
12/10/2018,29.9,-0.14,-0.47,-0.09,-0.29
12/07/2018,30.04,-0.78,-2.53,-0.30,-0.98
12/06/2018,30.82,-0.37,-1.19,0.00,0.01
12/05/2018,31.19,0.00,0.00,0.00,0.00
12/04/2018,31.19,-1.03,-3.20,-0.33,-1.04
12/03/2018,32.22,0.83,2.64,-0.10,-0.32
11/30/2018,31.39,0.04,0.13,-0.07,-0.22
11/29/2018,31.35,-0.11,-0.35,-0.10,-0.33
11/28/2018,31.46,0.76,2.48,0.14,0.46
11/27/2018,30.7,-0.02,-0.07,-0.05,-0.17
11/26/2018,30.72,0.41,1.35,0.02,0.05
11/23/2018,30.31,-0.24,-0.79,-0.18,-0.58
11/21/2018,30.55,0.12,0.39,-0.03,-0.10
11/20/2018,30.43,-1.03,-3.27,-0.25,-0.82
11/19/2018,31.46,-0.23,-0.73,-0.19,-0.58
11/16/2018,31.69,-0.03,-0.09,0.01,0.03
11/15/2018,31.72,0.56,1.80,-0.01,-0.03
11/14/2018,31.16,0.14,0.45,-0.08,-0.27
11/13/2018,31.02,0.05,0.16,-0.07,-0.23
11/12/2018,30.97,-0.69,-2.18,-0.36,-1.14
11/09/2018,31.66,-0.46,-1.43,-0.17,-0.53
11/08/2018,32.12,-0.33,-1.02,-0.13,-0.41
11/07/2018,32.45,0.36,1.12,0.14,0.44
11/06/2018,32.09,0.28,0.88,-0.04,-0.13
11/05/2018,31.81,-0.10,-0.31,-0.02,-0.06
11/02/2018,31.91,0.46,1.46,-0.05,-0.14
11/01/2018,31.45,1.21,4.00,0.15,0.49
10/31/2018,30.24,0.49,1.65,-0.09,-0.29
10/30/2018,29.75,0.58,1.99,-0.01,-0.05
10/29/2018,29.17,-0.24,-0.82,-0.18,-0.62
10/26/2018,29.41,-0.24,-0.81,-0.11,-0.38
10/25/2018,29.65,0.70,2.42,0.04,0.12
10/24/2018,28.95,-1.02,-3.40,-0.46,-1.55
10/23/2018,29.97,-0.29,-0.96,-0.01,-0.03
10/22/2018,30.26,0.12,0.40,-0.17,-0.56
10/19/2018,30.14,0.08,0.27,-0.15,-0.48
10/18/2018,30.06,-0.62,-2.02,-0.28,-0.91
10/17/2018,30.68,-0.34,-1.10,-0.13,-0.44
10/16/2018,31.02,0.52,1.70,0.15,0.50
10/15/2018,30.5,0.09,0.30,-0.09,-0.28
10/12/2018,30.41,0.67,2.25,-0.16,-0.51
10/11/2018,29.74,-0.63,-2.07,-0.20,-0.68
10/10/2018,30.37,-1.08,-3.43,-0.48,-1.56
10/09/2018,31.45,-0.69,-2.15,-0.07,-0.21
10/08/2018,32.14,-0.11,-0.34,-0.03,-0.10
10/05/2018,32.25,-0.60,-1.83,-0.09,-0.28
10/04/2018,32.85,-0.44,-1.32,-0.10,-0.31
10/03/2018,33.29,0.08,0.24,-0.05,-0.15
10/02/2018,33.21,0.03,0.09,0.00,-0.01
10/01/2018,33.18,0.23,0.70,0.06,0.17
09/28/2018,32.95,-0.34,-1.02,0.03,0.09
09/27/2018,33.29,-0.11,-0.33,0.08,0.25
09/26/2018,33.4,-0.03,-0.09,0.03,0.08
09/25/2018,33.43,-0.24,-0.71,0.03,0.08
09/24/2018,33.67,-0.05,-0.15,0.02,0.06
09/21/2018,33.72,0.39,1.17,0.09,0.27
09/20/2018,33.33,0.37,1.12,0.03,0.08
09/19/2018,32.96,0.55,1.70,-0.03,-0.10
09/18/2018,32.41,0.23,0.71,0.00,-0.00
09/17/2018,32.18,0.20,0.63,-0.07,-0.23
09/14/2018,31.98,0.28,0.88,-0.13,-0.40
09/13/2018,31.7,0.28,0.89,-0.04,-0.13
09/12/2018,31.42,0.26,0.83,-0.03,-0.11
09/11/2018,31.16,0.11,0.35,-0.11,-0.34
09/10/2018,31.05,0.09,0.29,-0.12,-0.40
09/07/2018,30.96,-0.09,-0.29,-0.22,-0.70
09/06/2018,31.05,-0.18,-0.58,-0.11,-0.37
09/05/2018,31.23,-0.41,-1.30,-0.16,-0.50
09/04/2018,31.64,-0.43,-1.34,-0.21,-0.65
08/31/2018,32.07,0.04,0.12,-0.16,-0.48
08/30/2018,32.03,-0.55,-1.69,-0.20,-0.64
08/29/2018,32.58,0.16,0.49,-0.06,-0.17
08/28/2018,32.42,-0.06,-0.18,-0.11,-0.34
08/27/2018,32.48,0.55,1.72,0.00,0.01
08/24/2018,31.93,0.46,1.46,-0.03,-0.08
08/23/2018,31.47,-0.44,-1.38,-0.16,-0.52
08/22/2018,31.91,0.06,0.19,-0.01,-0.03
08/21/2018,31.85,0.22,0.70,-0.02,-0.07
08/20/2018,31.63,0.02,0.06,-0.04,-0.12
08/17/2018,31.61,0.10,0.32,-0.02,-0.07
08/16/2018,31.51,0.35,1.12,-0.12,-0.37
08/15/2018,31.16,-0.67,-2.10,-0.28,-0.90
08/14/2018,31.83,0.27,0.86,-0.08,-0.24
08/13/2018,31.56,-0.59,-1.84,-0.11,-0.33
08/10/2018,32.15,-0.80,-2.43,-0.19,-0.58
08/09/2018,32.95,0.08,0.24,-0.13,-0.41
08/08/2018,32.87,0.39,1.20,-0.04,-0.12
08/07/2018,32.48,0.19,0.59,-0.04,-0.13
08/06/2018,32.29,-0.28,-0.86,-0.09,-0.27
08/03/2018,32.57,0.35,1.09,-0.03,-0.10
08/02/2018,32.22,0.05,0.16,-0.06,-0.18
08/01/2018,32.17,-0.37,-1.14,-0.05,-0.16
07/31/2018,32.54,0.26,0.81,-0.08,-0.24
07/30/2018,32.28,-0.19,-0.59,-0.05,-0.14
07/27/2018,32.47,-0.09,-0.28,-0.11,-0.33
07/26/2018,32.56,0.12,0.37,-0.10,-0.31
07/25/2018,32.44,0.44,1.37,0.05,0.16
07/24/2018,32,0.14,0.44,-0.02,-0.05
07/23/2018,31.86,-0.61,-1.88,-0.05,-0.15
07/20/2018,32.47,-0.10,-0.31,-0.01,-0.04
07/19/2018,32.57,-0.17,-0.52,-0.08,-0.26
07/18/2018,32.74,-0.10,-0.30,-0.01,-0.03
07/17/2018,32.84,0.29,0.89,-0.02,-0.05
07/16/2018,32.55,-0.59,-1.78,-0.06,-0.19
07/13/2018,33.14,0.01,0.03,-0.09,-0.26
07/12/2018,33.13,0.43,1.31,0.08,0.25
07/11/2018,32.7,-0.64,-1.92,-0.14,-0.43
07/10/2018,33.34,0.18,0.54,0.03,0.08
07/09/2018,33.16,0.41,1.25,0.05,0.15
07/06/2018,32.75,0.45,1.39,-0.04,-0.13
07/05/2018,32.3,-0.14,-0.43,0.00,-0.01
07/03/2018,32.44,0.12,0.37,-0.03,-0.10
07/02/2018,32.32,-0.24,-0.74,-0.03,-0.09
06/29/2018,32.56,0.10,0.31,-0.14,-0.42
06/28/2018,32.46,0.10,0.31,-0.04,-0.11
06/27/2018,32.36,-0.22,-0.68,-0.25,-0.75
06/26/2018,32.58,0.03,0.09,-0.20,-0.62
06/25/2018,32.55,-0.45,-1.36,-0.23,-0.69
06/22/2018,33,0.40,1.23,-0.13,-0.38
06/21/2018,32.6,-0.20,-0.61,-0.24,-0.74
06/20/2018,32.8,0.27,0.83,-0.18,-0.55
06/19/2018,32.53,-0.89,-2.66,-0.14,-0.44
06/18/2018,33.42,-0.38,-1.12,-0.09,-0.25
06/15/2018,33.8,-0.26,-0.76,-0.10,-0.28
06/14/2018,34.06,0.01,0.03,-0.10,-0.28
06/13/2018,34.05,-0.31,-0.90,-0.19,-0.56
06/12/2018,34.36,-0.03,-0.09,-0.16,-0.46
06/11/2018,34.39,0.12,0.35,-0.01,-0.02
06/08/2018,34.27,0.00,0.00,0.01,0.03
06/07/2018,34.27,-0.18,-0.52,-0.08,-0.24
06/06/2018,34.45,0.83,2.47,-0.04,-0.12
06/05/2018,33.62,0.00,0.00,-0.43,-1.25
06/04/2018,33.62,0.00,0.00,-0.46,-1.35
06/01/2018,33.62,0.27,0.81,0.01,0.03
05/31/2018,33.35,0.00,0.00,-0.05,-0.15
05/30/2018,33.35,0.32,0.97,0.03,0.08
05/29/2018,33.03,-0.38,-1.14,-0.31,-0.93
05/25/2018,33.41,0.25,0.75,-0.10,-0.29
05/24/2018,33.16,-1.03,-3.01,-0.22,-0.66
05/23/2018,34.19,-0.12,-0.35,-0.02,-0.06
05/22/2018,34.31,-0.52,-1.49,-0.04,-0.11
05/21/2018,34.83,0.35,1.02,0.02,0.07
05/18/2018,34.48,-0.33,-0.95,-0.15,-0.42
05/17/2018,34.81,0.51,1.49,-0.03,-0.09
05/16/2018,34.3,0.37,1.09,-0.01,-0.04
05/15/2018,33.93,-0.25,-0.73,-0.15,-0.44
05/14/2018,34.18,0.10,0.29,-0.11,-0.32
05/11/2018,34.08,0.15,0.44,-0.09,-0.26
05/10/2018,33.93,0.19,0.56,0.08,0.24
05/09/2018,33.74,0.07,0.21,-0.08,-0.23
05/08/2018,33.67,-0.09,-0.27,-0.10,-0.30
05/07/2018,33.76,0.11,0.33,-0.11,-0.32
05/04/2018,33.65,0.45,1.36,0.04,0.11
05/03/2018,33.2,0.20,0.61,-0.12,-0.37
05/02/2018,33,-0.01,-0.03,-0.14,-0.43
05/01/2018,33.01,-0.04,-0.12,-0.26,-0.79
04/30/2018,33.05,-0.13,-0.39,-0.17,-0.52
04/27/2018,33.18,0.15,0.45,0.00,0.01
04/26/2018,33.03,0.29,0.89,0.04,0.13
04/25/2018,32.74,-0.33,-1.00,-0.10,-0.30
04/24/2018,33.07,-0.35,-1.05,-0.13,-0.38
04/23/2018,33.42,-0.31,-0.92,-0.13,-0.39
04/20/2018,33.73,-0.19,-0.56,-0.12,-0.35
04/19/2018,33.92,0.04,0.12,-0.15,-0.45
04/18/2018,33.88,0.45,1.35,0.02,0.07
04/17/2018,33.43,0.07,0.21,-0.01,-0.04
04/16/2018,33.36,-0.06,-0.18,-0.02,-0.06
04/13/2018,33.42,0.16,0.48,0.00,-0.00
04/12/2018,33.26,0.26,0.79,0.06,0.18
04/11/2018,33,-0.16,-0.48,-0.09,-0.26
04/10/2018,33.16,0.57,1.75,-0.01,-0.03
04/09/2018,32.59,-0.08,-0.24,-0.18,-0.56
04/06/2018,32.67,-0.51,-1.54,-0.16,-0.50
04/05/2018,33.18,0.63,1.94,0.07,0.21
04/04/2018,32.55,0.14,0.43,0.04,0.12
04/03/2018,32.41,0.26,0.81,-0.07,-0.21
04/02/2018,32.15,-0.85,-2.58,-0.22,-0.67
03/29/2018,33,0.51,1.57,0.19,0.59
03/28/2018,32.49,-0.75,-2.26,0.03,0.10
03/27/2018,33.24,-0.45,-1.34,-0.40,-1.18
03/26/2018,33.69,0.47,1.41,0.09,0.27
03/23/2018,33.22,-0.68,-2.01,-0.25,-0.75
03/22/2018,33.9,-0.91,-2.61,-0.38,-1.09
03/21/2018,34.81,0.29,0.84,0.01,0.03
03/20/2018,34.52,-0.19,-0.55,-0.10,-0.29
03/19/2018,34.71,-0.75,-2.12,-0.21,-0.62
03/16/2018,35.46,-0.11,-0.31,-0.01,-0.02
03/15/2018,35.57,-0.11,-0.31,0.05,0.15
03/14/2018,35.68,0.00,0.00,0.00,0.01
03/13/2018,35.68,-0.07,-0.20,-0.08,-0.23
03/12/2018,35.75,0.26,0.73,0.10,0.29
03/09/2018,35.49,0.88,2.54,0.35,0.98
03/08/2018,34.61,0.27,0.79,0.15,0.43
03/07/2018,34.34,-0.10,-0.29,0.10,0.31
03/06/2018,34.44,0.84,2.50,0.10,0.28
03/05/2018,33.6,0.02,0.06,0.12,0.35
03/02/2018,33.58,0.07,0.21,-0.09,-0.27
03/01/2018,33.51,-0.70,-2.05,-0.35,-1.02
02/28/2018,34.21,-1.39,-3.90,-0.46,-1.34
02/27/2018,35.6,-0.36,-1.00,-0.26,-0.72
02/26/2018,35.96,-1.29,-3.46,-0.29,-0.79
02/23/2018,37.25,0.84,2.31,0.23,0.62
02/22/2018,36.41,0.44,1.22,0.17,0.47
02/21/2018,35.97,-0.15,-0.42,0.04,0.10
02/20/2018,36.12,-0.13,-0.36,-0.03,-0.09
02/16/2018,36.25,-0.48,-1.31,0.35,0.98
02/15/2018,36.73,0.54,1.49,0.51,1.40
02/14/2018,36.19,0.83,2.35,0.43,1.20
02/13/2018,35.36,-0.17,-0.48,0.26,0.74
02/12/2018,35.53,1.02,2.96,0.32,0.91
02/09/2018,34.51,0.43,1.26,-0.09,-0.25
02/08/2018,34.08,-1.04,-2.96,-0.47,-1.36
02/07/2018,35.12,0.10,0.29,0.09,0.25
02/06/2018,35.02,0.92,2.70,0.31,0.90
02/05/2018,34.1,-1.33,-3.75,-0.71,-2.03
02/02/2018,35.43,-1.45,-3.93,-0.50,-1.39
02/01/2018,36.88,-0.64,-1.71,-0.26,-0.70
01/31/2018,37.52,-0.14,-0.37,-0.12,-0.33
01/30/2018,37.66,-0.60,-1.57,-0.19,-0.51
01/29/2018,38.26,-0.31,-0.80,-0.03,-0.08
01/26/2018,38.57,-0.08,-0.21,0.13,0.33
01/25/2018,38.65,0.32,0.83,0.00,-0.00
01/24/2018,38.33,0.08,0.21,0.12,0.31
01/23/2018,38.25,0.22,0.58,0.07,0.19
01/22/2018,38.03,-0.14,-0.37,-0.02,-0.04
01/19/2018,38.17,-0.30,-0.78,0.06,0.17
01/18/2018,38.47,-1.48,-3.70,-0.05,-0.12
01/17/2018,39.95,0.13,0.33,0.27,0.69
01/16/2018,39.82,-0.84,-2.07,-0.18,-0.44
01/12/2018,40.66,0.23,0.57,0.23,0.57
01/11/2018,40.43,0.14,0.35,0.21,0.52
01/10/2018,40.29,-0.57,-1.40,-0.01,-0.02
01/09/2018,40.86,-0.21,-0.51,0.12,0.29
01/08/2018,41.07,0.59,1.46,0.19,0.47
01/05/2018,40.48,0.68,1.71,0.16,0.40
01/04/2018,39.8,-0.08,-0.20,0.11,0.27
01/03/2018,39.88,0.22,0.55,0.25,0.64
01/02/2018,39.66,0.91,2.35,0.09,0.24
12/29/2017,38.75,-0.07,-0.18,0.02,0.05
12/28/2017,38.82,-1.00,-2.51,0.06,0.16
12/27/2017,39.82,0.20,0.50,0.00,0.01
12/26/2017,39.62,-0.24,-0.60,0.03,0.08
12/22/2017,39.86,0.17,0.43,0.08,0.20
12/21/2017,39.69,-0.36,-0.90,0.05,0.12
12/20/2017,40.05,0.16,0.40,0.12,0.31
12/19/2017,39.89,0.12,0.30,0.03,0.07
12/18/2017,39.77,1.05,2.71,0.18,0.46
12/15/2017,38.72,0.11,0.28,0.02,0.06
12/14/2017,38.61,-0.23,-0.59,0.11,0.29
12/13/2017,38.84,0.53,1.38,0.25,0.65
12/12/2017,38.31,0.05,0.13,0.05,0.13
12/11/2017,38.26,0.33,0.87,0.03,0.08
12/08/2017,37.93,0.40,1.07,0.04,0.11
12/07/2017,37.53,0.22,0.59,-0.02,-0.07
12/06/2017,37.31,-0.76,-2.00,-0.28,-0.75
12/05/2017,38.07,-0.84,-2.16,-0.24,-0.62
12/04/2017,38.91,-0.60,-1.52,-0.15,-0.39
12/01/2017,39.51,-0.35,-0.88,0.00,-0.00
11/30/2017,39.86,0.26,0.66,-0.01,-0.03
11/29/2017,39.6,-0.57,-1.42,-0.12,-0.31
11/28/2017,40.17,0.12,0.30,0.12,0.30
11/27/2017,40.05,-0.40,-0.99,0.03,0.06
11/24/2017,40.45,0.22,0.55,0.15,0.36
11/22/2017,40.23,0.12,0.30,0.15,0.38
11/21/2017,40.11,0.68,1.72,0.24,0.61
11/20/2017,39.43,-0.21,-0.53,0.11,0.29
11/17/2017,39.64,0.11,0.28,0.04,0.09
11/16/2017,39.53,0.63,1.62,0.13,0.34
11/15/2017,38.9,-0.86,-2.16,-0.06,-0.16
11/14/2017,39.76,-0.68,-1.68,-0.02,-0.04
11/13/2017,40.44,0.13,0.32,0.09,0.24
11/10/2017,40.31,0.04,0.10,0.03,0.08
11/09/2017,40.27,-0.46,-1.13,0.02,0.04
11/08/2017,40.73,0.66,1.65,0.37,0.91
11/07/2017,40.07,0.55,1.39,0.07,0.18
11/06/2017,39.52,0.44,1.13,0.07,0.17
11/03/2017,39.08,0.05,0.13,-0.16,-0.42
11/02/2017,39.03,-0.86,-2.16,-0.11,-0.28
11/01/2017,39.89,0.69,1.76,0.21,0.52
10/31/2017,39.2,0.31,0.80,0.05,0.12
10/30/2017,38.89,-0.08,-0.21,-0.03,-0.07
10/27/2017,38.97,0.05,0.13,0.10,0.26
10/26/2017,38.92,-0.08,-0.21,-0.01,-0.02
10/25/2017,39,-0.56,-1.42,-0.07,-0.19
10/24/2017,39.56,0.10,0.25,0.13,0.33
10/23/2017,39.46,0.04,0.10,-0.03,-0.06
10/20/2017,39.42,-0.07,-0.18,0.01,0.02
10/19/2017,39.49,-0.10,-0.25,-0.05,-0.12
10/18/2017,39.59,0.15,0.38,0.09,0.23
10/17/2017,39.44,-0.47,-1.18,0.03,0.09
10/16/2017,39.91,0.25,0.63,0.12,0.31
10/13/2017,39.66,0.62,1.59,0.21,0.54
10/12/2017,39.04,0.00,0.00,0.02,0.06
10/11/2017,39.04,-0.09,-0.23,0.14,0.36
10/10/2017,39.13,0.25,0.64,0.14,0.37
10/09/2017,38.88,-0.13,-0.33,0.32,0.83
10/06/2017,39.01,-0.63,-1.59,0.14,0.37
10/05/2017,39.64,0.50,1.28,0.87,2.24
10/04/2017,39.14,0.87,2.27,0.70,1.83
10/03/2017,38.27,0.59,1.57,0.34,0.91
10/02/2017,37.68,0.28,0.75,0.32,0.84
09/29/2017,37.4,0.45,1.22,0.20,0.54
09/28/2017,36.95,0.04,0.11,0.19,0.52
09/27/2017,36.91,0.67,1.85,0.17,0.45
09/26/2017,36.24,0.28,0.78,0.03,0.07
09/25/2017,35.96,-1.12,-3.02,-0.28,-0.78
09/22/2017,37.08,-0.85,-2.24,-0.16,-0.44
09/21/2017,37.93,-0.46,-1.20,-0.08,-0.22
09/20/2017,38.39,-0.87,-2.22,0.01,0.03
09/19/2017,39.26,0.63,1.63,0.31,0.79
09/18/2017,38.63,0.80,2.11,0.28,0.72
09/15/2017,37.83,0.53,1.42,0.26,0.69
09/14/2017,37.3,0.32,0.87,0.10,0.28
09/13/2017,36.98,0.56,1.54,0.11,0.29
09/12/2017,36.42,0.47,1.31,0.17,0.48
09/11/2017,35.95,1.64,4.78,0.22,0.61
09/08/2017,34.31,-0.25,-0.72,0.05,0.14
09/07/2017,34.56,0.56,1.65,0.19,0.54
09/06/2017,34,0.39,1.16,0.16,0.47
09/05/2017,33.61,-0.56,-1.64,0.06,0.19
09/01/2017,34.17,0.47,1.39,0.16,0.48
08/31/2017,33.7,0.61,1.84,0.18,0.54
08/30/2017,33.09,0.11,0.33,0.12,0.35
08/29/2017,32.98,-0.11,-0.33,0.10,0.31
08/28/2017,33.09,-0.11,-0.33,0.12,0.37
08/25/2017,33.2,0.31,0.94,0.22,0.66
08/24/2017,32.89,0.28,0.86,0.15,0.46
08/23/2017,32.61,0.09,0.28,0.17,0.51
08/22/2017,32.52,0.40,1.25,0.20,0.63
08/21/2017,32.12,0.12,0.37,0.15,0.46
08/18/2017,32,0.15,0.47,0.13,0.40
08/17/2017,31.85,-0.44,-1.36,-0.05,-0.17
08/16/2017,32.29,0.27,0.84,0.20,0.63
08/15/2017,32.02,0.18,0.57,0.15,0.48
08/14/2017,31.84,0.46,1.47,0.15,0.47
08/11/2017,31.38,0.00,0.00,0.05,0.17
08/10/2017,31.38,-0.76,-2.36,-0.16,-0.52
08/09/2017,32.14,-0.31,-0.96,0.10,0.30
08/08/2017,32.45,-0.15,-0.46,0.11,0.33
08/07/2017,32.6,0.16,0.49,0.17,0.51
08/04/2017,32.44,0.50,1.57,0.13,0.41
08/03/2017,31.94,0.08,0.25,0.13,0.39
08/02/2017,31.86,0.84,2.71,0.09,0.28
08/01/2017,31.02,0.11,0.36,0.07,0.21
07/31/2017,30.91,0.10,0.32,0.08,0.26
07/28/2017,30.81,0.08,0.26,0.09,0.29
07/27/2017,30.73,-0.18,-0.58,-0.05,-0.16
07/26/2017,30.91,-0.13,-0.42,0.22,0.71
07/25/2017,31.04,0.13,0.42,0.10,0.32
07/24/2017,30.91,0.25,0.82,0.11,0.35
07/21/2017,30.66,0.08,0.26,0.04,0.12
07/20/2017,30.58,0.05,0.16,0.09,0.31
07/19/2017,30.53,-0.09,-0.29,0.11,0.38
07/18/2017,30.62,0.08,0.26,0.10,0.34
07/17/2017,30.54,0.02,0.07,0.11,0.36
07/14/2017,30.52,0.18,0.59,0.20,0.66
07/13/2017,30.34,0.25,0.83,0.16,0.52
07/12/2017,30.09,0.45,1.52,0.24,0.81
07/11/2017,29.64,-0.02,-0.07,0.13,0.45
07/10/2017,29.66,0.26,0.88,0.13,0.43
07/07/2017,29.4,0.42,1.45,0.09,0.32
07/06/2017,28.98,-0.22,-0.75,-0.06,-0.20
07/05/2017,29.2,-0.09,-0.31,0.05,0.18
07/03/2017,29.29,0.31,1.07,0.31,1.06
06/30/2017,28.98,0.07,0.24,0.06,0.19
06/29/2017,28.91,-0.52,-1.77,-0.09,-0.31
06/28/2017,29.43,0.23,0.79,0.16,0.53
06/27/2017,29.2,-0.12,-0.41,0.04,0.14
06/26/2017,29.32,0.12,0.41,0.10,0.34
06/23/2017,29.2,0.15,0.52,0.12,0.43
06/22/2017,29.05,-0.08,-0.27,0.10,0.36
06/21/2017,29.13,-0.09,-0.31,0.10,0.36
06/20/2017,29.22,-0.20,-0.68,-0.02,-0.06
06/19/2017,29.42,0.03,0.10,0.12,0.43
06/16/2017,29.39,0.10,0.34,0.11,0.36
06/15/2017,29.29,-0.52,-1.74,0.08,0.28
06/14/2017,29.81,-0.26,-0.86,0.08,0.28
06/13/2017,30.07,0.50,1.69,0.14,0.47
06/12/2017,29.57,-0.30,-1.00,0.08,0.28
06/09/2017,29.87,-0.11,-0.37,0.06,0.21
06/08/2017,29.98,0.10,0.33,0.13,0.43
06/07/2017,29.88,0.00,0.00,0.09,0.31
06/06/2017,29.88,-0.03,-0.10,0.09,0.30
06/05/2017,29.91,-0.10,-0.33,0.09,0.29
06/02/2017,30.01,0.15,0.50,0.15,0.49
06/01/2017,29.86,0.09,0.30,0.12,0.39
05/31/2017,29.77,-0.22,-0.73,0.05,0.17
05/30/2017,29.99,0.01,0.03,0.12,0.39
05/26/2017,29.98,0.22,0.74,0.12,0.39
05/25/2017,29.76,0.26,0.88,0.10,0.33
05/24/2017,29.5,0.24,0.82,0.20,0.67
05/23/2017,29.26,-0.04,-0.14,0.12,0.40
05/22/2017,29.3,0.07,0.24,0.16,0.55
05/19/2017,29.23,0.67,2.35,0.23,0.80
05/18/2017,28.56,-0.06,-0.21,0.06,0.19
05/17/2017,28.62,-0.77,-2.62,-0.07,-0.24
05/16/2017,29.39,0.12,0.41,0.11,0.37
05/15/2017,29.27,0.29,1.00,0.18,0.62
05/12/2017,28.98,0.03,0.10,0.13,0.46
05/11/2017,28.95,0.05,0.17,0.06,0.21
05/10/2017,28.9,0.15,0.52,0.09,0.31
05/09/2017,28.75,0.21,0.74,0.14,0.51
05/08/2017,28.54,-0.04,-0.14,0.09,0.33
05/05/2017,28.58,0.54,1.93,0.16,0.57
05/04/2017,28.04,-0.37,-1.30,0.07,0.25
05/03/2017,28.41,-0.36,-1.25,0.07,0.26
05/02/2017,28.77,0.04,0.14,0.11,0.40
05/01/2017,28.73,0.07,0.24,0.11,0.38
04/28/2017,28.66,0.05,0.17,0.10,0.35
04/27/2017,28.61,-0.12,-0.42,0.09,0.33
04/26/2017,28.73,-0.11,-0.38,0.06,0.21
04/25/2017,28.84,0.12,0.42,0.10,0.36
04/24/2017,28.72,0.38,1.34,0.13,0.47
04/21/2017,28.34,-0.03,-0.11,0.11,0.37
04/20/2017,28.37,0.33,1.18,0.13,0.48
04/19/2017,28.04,-0.16,-0.57,0.03,0.12
04/18/2017,28.2,-0.15,-0.53,0.03,0.12
04/17/2017,28.35,0.05,0.18,0.08,0.30
04/13/2017,28.3,0.01,0.04,0.01,0.02
04/12/2017,28.29,-0.55,-1.91,0.08,0.27
04/11/2017,28.84,-0.07,-0.24,0.12,0.40
04/10/2017,28.91,0.03,0.10,0.09,0.30
04/07/2017,28.88,0.10,0.35,0.12,0.40
04/06/2017,28.78,0.54,1.91,0.16,0.57
04/05/2017,28.24,0.03,0.11,0.05,0.18
04/04/2017,28.21,0.06,0.21,0.12,0.43
04/03/2017,28.15,0.06,0.21,0.12,0.42
03/31/2017,28.09,0.76,2.78,0.11,0.40
03/30/2017,27.33,0.00,0.00,0.10,0.36
03/29/2017,27.33,0.08,0.29,0.05,0.20
03/28/2017,27.25,0.21,0.78,0.14,0.51
03/27/2017,27.04,-0.03,-0.11,0.16,0.61
03/24/2017,27.07,0.07,0.26,0.13,0.50
03/23/2017,27,-0.02,-0.07,0.07,0.27
03/22/2017,27.02,0.26,0.97,0.05,0.17
03/21/2017,26.76,-0.45,-1.65,-0.18,-0.65
03/20/2017,27.21,0.19,0.70,0.03,0.10
03/17/2017,27.02,0.26,0.97,-0.07,-0.25
03/16/2017,26.76,0.01,0.04,-0.01,-0.05
03/15/2017,26.75,0.45,1.71,0.22,0.83
03/14/2017,26.3,-0.08,-0.30,-0.07,-0.25
03/13/2017,26.38,0.33,1.27,-0.01,-0.05
03/10/2017,26.05,0.03,0.12,-0.02,-0.06
03/09/2017,26.02,0.10,0.39,0.00,0.00
03/08/2017,25.92,-0.17,-0.65,-0.14,-0.54
03/07/2017,26.09,-0.20,-0.76,-0.11,-0.42
03/06/2017,26.29,-0.07,-0.27,-0.02,-0.06
03/03/2017,26.36,-0.09,-0.34,0.03,0.10
03/02/2017,26.45,0.00,0.00,-0.14,-0.51
03/01/2017,26.45,0.46,1.77,0.03,0.11
02/28/2017,25.99,0.02,0.08,-0.15,-0.56
02/27/2017,25.97,-0.20,-0.76,-0.13,-0.51
02/24/2017,26.17,-0.19,-0.72,-0.10,-0.38
02/23/2017,26.36,-0.14,-0.53,-0.08,-0.29
02/22/2017,26.5,-0.16,-0.60,-0.07,-0.26
02/21/2017,26.66,0.20,0.76,0.01,0.02
02/17/2017,26.46,-0.16,-0.60,-0.05,-0.19
02/16/2017,26.62,-0.30,-1.11,0.01,0.03
02/15/2017,26.92,-0.03,-0.11,0.09,0.35
02/14/2017,26.95,-0.06,-0.22,0.04,0.15
02/13/2017,27.01,0.29,1.09,0.06,0.23
02/10/2017,26.72,0.18,0.68,0.05,0.18
02/09/2017,26.54,0.12,0.45,0.08,0.30
02/08/2017,26.42,0.13,0.49,-0.01,-0.04
02/07/2017,26.29,-0.76,-2.81,-0.07,-0.26
02/06/2017,27.05,0.11,0.41,0.14,0.51
02/03/2017,26.94,0.03,0.11,0.23,0.85
02/02/2017,26.91,0.18,0.67,0.17,0.62
02/01/2017,26.73,0.20,0.75,0.22,0.82
01/31/2017,26.53,-0.08,-0.30,0.16,0.61
01/30/2017,26.61,-0.40,-1.48,0.06,0.24
01/27/2017,27.01,-0.18,-0.66,0.13,0.49
01/26/2017,27.19,-0.04,-0.15,0.21,0.78
01/25/2017,27.23,0.30,1.11,0.30,1.11
01/24/2017,26.93,0.34,1.28,0.20,0.73
01/23/2017,26.59,0.14,0.53,0.20,0.76
01/20/2017,26.45,0.24,0.92,0.13,0.51
01/19/2017,26.21,0.05,0.19,0.12,0.45
01/18/2017,26.16,-0.03,-0.11,0.04,0.15
01/17/2017,26.19,-0.29,-1.10,0.18,0.68
01/13/2017,26.48,0.28,1.07,0.17,0.67
01/12/2017,26.2,0.16,0.61,0.14,0.54
01/11/2017,26.04,0.48,1.88,0.19,0.74
01/10/2017,25.56,0.00,0.00,-0.01,-0.02
01/09/2017,25.56,0.10,0.39,0.14,0.54
01/06/2017,25.46,-0.10,-0.39,0.11,0.45
01/05/2017,25.56,0.22,0.87,0.10,0.38
01/04/2017,25.34,0.58,2.34,0.18,0.72
01/03/2017,24.76,0.36,1.48,0.08,0.32
12/30/2016,24.4,-0.16,-0.65,-0.08,-0.34
12/29/2016,24.56,0.20,0.82,0.08,0.34
12/28/2016,24.36,-0.53,-2.13,0.05,0.22
12/27/2016,24.89,0.14,0.57,0.06,0.25
12/23/2016,24.75,-0.04,-0.16,-0.02,-0.07
12/22/2016,24.79,-0.16,-0.64,-0.02,-0.06
12/21/2016,24.95,-0.03,-0.12,-0.01,-0.04
12/20/2016,24.98,-0.10,-0.40,0.10,0.41
12/19/2016,25.08,0.13,0.52,0.02,0.06
12/16/2016,24.95,-0.05,-0.20,-0.05,-0.21
12/15/2016,25,0.03,0.12,0.03,0.12
12/14/2016,24.97,-0.43,-1.69,-0.24,-0.96
12/13/2016,25.4,-0.08,-0.31,0.00,-0.02
12/12/2016,25.48,-0.11,-0.43,-0.05,-0.18
12/09/2016,25.59,-0.15,-0.58,-0.13,-0.51
12/08/2016,25.74,0.36,1.42,-0.08,-0.33
12/07/2016,25.38,0.52,2.09,0.04,0.15
12/06/2016,24.86,0.07,0.28,-0.07,-0.29
12/05/2016,24.79,0.13,0.53,0.02,0.08
12/02/2016,24.66,0.10,0.41,-0.08,-0.34
12/01/2016,24.56,-0.02,-0.08,-0.15,-0.62
11/30/2016,24.58,0.38,1.57,-0.08,-0.31
11/29/2016,24.2,-0.07,-0.29,-0.08,-0.35
11/28/2016,24.27,0.08,0.33,-0.11,-0.45
11/25/2016,24.19,0.16,0.67,-0.06,-0.24
11/23/2016,24.03,0.01,0.04,-0.12,-0.50
11/22/2016,24.02,0.16,0.67,-0.02,-0.08
11/21/2016,23.86,0.19,0.80,-0.01,-0.03
11/18/2016,23.67,-0.08,-0.34,-0.10,-0.44
11/17/2016,23.75,0.13,0.55,-0.10,-0.41
11/16/2016,23.62,-0.15,-0.63,-0.14,-0.60
11/15/2016,23.77,0.43,1.84,0.01,0.06
11/14/2016,23.34,-0.07,-0.30,-0.14,-0.61
11/11/2016,23.41,-0.21,-0.89,-0.20,-0.86
11/10/2016,23.62,-0.22,-0.92,-0.19,-0.81
11/09/2016,23.84,-0.46,-1.89,0.17,0.72
11/08/2016,24.3,-0.01,-0.04,0.11,0.46
11/07/2016,24.31,0.40,1.67,0.13,0.54
11/04/2016,23.91,-0.09,-0.37,-0.07,-0.30
11/03/2016,24,0.57,2.43,0.00,-0.01
11/02/2016,23.43,-0.34,-1.43,-0.04,-0.16
11/01/2016,23.77,-0.33,-1.37,-0.02,-0.08
10/31/2016,24.1,0.22,0.92,0.07,0.28
10/28/2016,23.88,0.06,0.25,0.06,0.25
10/27/2016,23.82,-0.16,-0.67,0.01,0.02
10/26/2016,23.98,-0.32,-1.32,0.01,0.06
10/25/2016,24.3,-0.07,-0.29,0.08,0.33
10/24/2016,24.37,0.06,0.25,0.06,0.25
10/21/2016,24.31,-0.05,-0.21,0.09,0.37
10/20/2016,24.36,0.03,0.12,0.09,0.38
10/19/2016,24.33,0.36,1.50,0.15,0.64
10/18/2016,23.97,0.34,1.44,0.11,0.45
10/17/2016,23.63,0.00,0.00,0.12,0.50
10/14/2016,23.63,0.11,0.47,0.08,0.33
10/13/2016,23.52,-0.34,-1.42,0.09,0.40
10/12/2016,23.86,-0.10,-0.42,0.11,0.46
10/11/2016,23.96,-0.46,-1.88,0.06,0.23
10/10/2016,24.42,0.16,0.66,0.18,0.76
10/07/2016,24.26,-0.20,-0.82,0.10,0.43
10/06/2016,24.46,-0.22,-0.89,0.13,0.53
10/05/2016,24.68,0.23,0.94,0.21,0.84
10/04/2016,24.45,-0.17,-0.69,-0.09,-0.35
10/03/2016,24.62,-0.08,-0.32,0.12,0.48
09/30/2016,24.7,0.24,0.98,0.24,1.00
09/29/2016,24.46,-0.29,-1.17,0.01,0.06
09/28/2016,24.75,0.33,1.35,0.28,1.15
09/27/2016,24.42,0.23,0.95,0.09,0.37
09/26/2016,24.19,-0.11,-0.45,0.02,0.09
09/23/2016,24.3,-0.35,-1.42,0.01,0.04
09/22/2016,24.65,-0.08,-0.32,0.12,0.50
09/21/2016,24.73,0.44,1.81,0.23,0.94
09/20/2016,24.29,-0.19,-0.78,0.05,0.21
09/19/2016,24.48,-0.09,-0.37,-0.03,-0.12
09/16/2016,24.57,0.04,0.16,0.12,0.48
09/15/2016,24.53,0.39,1.62,0.11,0.46
09/14/2016,24.14,0.11,0.46,-0.05,-0.19
09/13/2016,24.03,-0.54,-2.20,-0.07,-0.29
09/12/2016,24.57,0.11,0.45,0.28,1.16
09/09/2016,24.46,-0.93,-3.66,-0.15,-0.61
09/08/2016,25.39,-0.06,-0.24,0.02,0.07
09/07/2016,25.45,0.04,0.16,0.12,0.47
09/06/2016,25.41,0.42,1.68,0.15,0.59
09/02/2016,24.99,0.33,1.34,0.15,0.61
09/01/2016,24.66,0.14,0.57,0.08,0.33
08/31/2016,24.52,-0.21,-0.85,-0.01,-0.03
08/30/2016,24.73,0.17,0.69,0.08,0.31
08/29/2016,24.56,0.01,0.04,0.12,0.49
08/26/2016,24.55,-0.16,-0.65,-0.07,-0.29
08/25/2016,24.71,0.12,0.49,-0.05,-0.20
08/24/2016,24.59,-0.28,-1.13,-0.10,-0.42
08/23/2016,24.87,0.19,0.77,-0.10,-0.38
08/22/2016,24.68,-0.07,-0.28,-0.15,-0.61
08/19/2016,24.75,-0.06,-0.24,-0.11,-0.42
08/18/2016,24.81,0.28,1.14,-0.08,-0.34
08/17/2016,24.53,-0.20,-0.81,-0.09,-0.35
08/16/2016,24.73,-0.22,-0.88,-0.09,-0.36
08/15/2016,24.95,0.02,0.08,-0.02,-0.09
08/12/2016,24.93,-0.18,-0.72,-0.05,-0.21
08/11/2016,25.11,0.11,0.44,0.02,0.07
08/10/2016,25,-0.10,-0.40,-0.09,-0.35
08/09/2016,25.1,0.05,0.20,-0.03,-0.13
08/08/2016,25.05,-0.11,-0.44,-0.04,-0.17
08/05/2016,25.16,0.25,1.00,0.12,0.50
08/04/2016,24.91,0.28,1.14,-0.05,-0.22
08/03/2016,24.63,0.37,1.53,-0.01,-0.05
08/02/2016,24.26,-0.42,-1.70,-0.39,-1.59
08/01/2016,24.68,-0.24,-0.96,-0.10,-0.39
07/29/2016,24.92,-0.06,-0.24,0.09,0.35
07/28/2016,24.98,0.15,0.60,0.02,0.10
07/27/2016,24.83,-0.15,-0.60,-0.01,-0.02
07/26/2016,24.98,0.06,0.24,0.05,0.21
07/25/2016,24.92,-0.02,-0.08,0.03,0.12
07/22/2016,24.94,0.28,1.14,0.05,0.19
07/21/2016,24.66,-0.49,-1.95,-0.19,-0.78
07/20/2016,25.15,0.06,0.24,-0.08,-0.33
07/19/2016,25.09,-0.57,-2.22,-0.16,-0.64
07/18/2016,25.66,0.09,0.35,0.14,0.54
07/15/2016,25.57,-0.05,-0.20,0.10,0.39
07/14/2016,25.62,0.16,0.63,0.18,0.69
07/13/2016,25.46,0.00,0.00,0.13,0.50
07/12/2016,25.46,0.38,1.52,0.26,1.02
07/11/2016,25.08,0.17,0.68,0.14,0.55
07/08/2016,24.91,0.57,2.34,0.24,0.99
07/07/2016,24.34,-0.05,-0.21,-0.04,-0.18
07/06/2016,24.39,-0.41,-1.65,0.04,0.14
07/05/2016,24.8,-0.23,-0.92,0.03,0.14
07/01/2016,25.03,0.05,0.20,0.21,0.84
06/30/2016,24.98,0.34,1.38,0.28,1.13
06/29/2016,24.64,0.54,2.24,0.24,0.97
06/28/2016,24.1,1.08,4.69,0.37,1.57
06/27/2016,23.02,-0.96,-4.00,-0.08,-0.36
06/24/2016,23.98,-1.61,-6.29,0.19,0.82
06/23/2016,25.59,0.48,1.91,0.36,1.45
06/22/2016,25.11,-0.27,-1.06,0.14,0.55
06/21/2016,25.38,0.31,1.24,0.23,0.93
06/20/2016,25.07,25.07,0.00,0.15,0.60
06/17/2016,0,-24.64,-100.00,0.00,0.00
06/16/2016,24.64,-0.11,-0.44,0.21,0.85
06/15/2016,24.75,0.37,1.52,0.17,0.68
06/14/2016,24.38,-0.15,-0.61,-0.02,-0.07
06/13/2016,24.53,-0.42,-1.68,-0.08,-0.30
06/10/2016,24.95,-0.55,-2.16,-0.09,-0.36
06/09/2016,25.5,-0.26,-1.01,0.09,0.34
06/08/2016,25.76,0.35,1.38,0.23,0.89
06/07/2016,25.41,0.39,1.56,0.25,1.00
06/06/2016,25.02,0.47,1.91,0.30,1.20
06/03/2016,24.55,0.17,0.70,0.20,0.84
06/02/2016,24.38,-0.11,-0.45,0.19,0.79
06/01/2016,24.49,0.25,1.03,0.18,0.73
05/31/2016,24.24,0.17,0.71,0.13,0.55
05/27/2016,24.07,0.10,0.42,0.21,0.90
05/26/2016,23.97,0.18,0.76,0.23,0.99
05/25/2016,23.79,0.31,1.32,0.18,0.75
05/24/2016,23.48,-0.08,-0.34,0.22,0.96
05/23/2016,23.56,0.13,0.55,0.12,0.51
05/20/2016,23.43,0.29,1.25,0.17,0.74
05/19/2016,23.14,0.12,0.52,0.16,0.71
05/18/2016,23.02,-0.17,-0.73,0.10,0.41
05/17/2016,23.19,-0.06,-0.26,0.09,0.38
05/16/2016,23.25,0.17,0.74,0.20,0.88
05/13/2016,23.08,-0.21,-0.90,0.11,0.50
05/12/2016,23.29,0.04,0.17,0.01,0.03
05/11/2016,23.25,0.09,0.39,-0.01,-0.05
05/10/2016,23.16,0.65,2.89,0.18,0.77
05/09/2016,22.51,-0.18,-0.79,0.04,0.18
05/06/2016,22.69,0.06,0.27,0.04,0.19
05/05/2016,22.63,0.08,0.35,-0.01,-0.06
05/04/2016,22.55,-0.38,-1.66,-0.05,-0.24
05/03/2016,22.93,0.13,0.57,-0.01,-0.04
05/02/2016,22.8,0.16,0.71,0.13,0.58
04/29/2016,22.64,-0.24,-1.05,-0.05,-0.21
04/28/2016,22.88,-0.21,-0.91,0.12,0.53
04/27/2016,23.09,0.04,0.17,0.16,0.71
04/26/2016,23.05,-0.05,-0.22,0.19,0.84
04/25/2016,23.1,-0.20,-0.86,0.15,0.64
04/22/2016,23.3,-0.10,-0.43,0.19,0.82
04/21/2016,23.4,-0.21,-0.89,0.14,0.61
04/20/2016,23.61,-0.02,-0.08,0.20,0.84
04/19/2016,23.63,0.66,2.87,0.42,1.79
04/18/2016,22.97,0.45,2.00,0.38,1.67
04/15/2016,22.52,0.28,1.26,0.13,0.59
04/14/2016,22.24,0.01,0.04,0.16,0.73
04/13/2016,22.23,0.39,1.79,0.32,1.44
04/12/2016,21.84,0.21,0.97,0.17,0.80
04/11/2016,21.63,0.32,1.50,0.20,0.94
04/08/2016,21.31,0.46,2.21,0.09,0.41
04/07/2016,20.85,-0.23,-1.09,-0.10,-0.49
04/06/2016,21.08,0.08,0.38,0.12,0.56
04/05/2016,21,-0.39,-1.82,0.04,0.19
04/04/2016,21.39,21.39,0.00,0.06,0.29
04/01/2016,0,-21.40,-100.00,0.00,0.00
03/31/2016,21.4,21.40,0.00,-0.01,-0.05
03/30/2016,0,-21.41,-100.00,0.00,0.00
03/29/2016,21.41,0.20,0.94,0.20,0.96
03/28/2016,21.21,0.13,0.62,0.13,0.62
03/24/2016,21.08,-0.35,-1.63,0.01,0.05
03/23/2016,21.43,-0.33,-1.52,0.09,0.44
03/22/2016,21.76,0.05,0.23,0.11,0.51
03/21/2016,21.71,0.20,0.93,0.16,0.72
03/18/2016,21.51,0.14,0.66,0.17,0.78
03/17/2016,21.37,0.50,2.40,0.25,1.18
03/16/2016,20.87,0.38,1.85,0.26,1.27
03/15/2016,20.49,-0.30,-1.44,0.06,0.28
03/14/2016,20.79,0.16,0.78,0.20,1.00
03/11/2016,20.63,0.60,3.00,0.25,1.22
03/10/2016,20.03,-0.08,-0.40,0.00,0.02
03/09/2016,20.11,0.16,0.80,0.16,0.81
03/08/2016,19.95,-0.60,-2.92,-0.01,-0.04
03/07/2016,20.55,0.24,1.18,0.14,0.67
03/04/2016,20.31,0.58,2.94,0.17,0.83
03/03/2016,19.73,0.19,0.97,0.01,0.06
03/02/2016,19.54,0.16,0.83,0.08,0.43
03/01/2016,19.38,0.55,2.92,0.18,0.94
02/29/2016,18.83,-0.01,-0.05,-0.03,-0.15
02/26/2016,18.84,0.14,0.75,-0.04,-0.21
02/25/2016,18.7,0.17,0.92,0.01,0.03
02/24/2016,18.53,0.14,0.76,0.01,0.05
02/23/2016,18.39,-0.38,-2.02,-0.10,-0.57
02/22/2016,18.77,0.61,3.36,0.04,0.23
02/19/2016,18.16,-0.10,-0.55,-0.05,-0.26
02/18/2016,18.26,-0.11,-0.60,-0.11,-0.60
02/17/2016,18.37,0.47,2.63,0.08,0.46
02/16/2016,17.9,0.54,3.11,-0.08,-0.47
02/12/2016,17.36,0.13,0.75,-0.05,-0.28
02/11/2016,17.23,-0.18,-1.03,-0.15,-0.85
02/10/2016,17.41,0.02,0.12,-0.13,-0.72
02/09/2016,17.39,-0.24,-1.36,-0.22,-1.26
02/08/2016,17.63,-0.34,-1.89,-0.13,-0.72
02/05/2016,17.97,-0.40,-2.18,-0.15,-0.82
02/04/2016,18.37,0.31,1.72,0.00,-0.02
02/03/2016,18.06,0.39,2.21,0.07,0.37
02/02/2016,17.67,-0.45,-2.48,-0.13,-0.72
02/01/2016,18.12,-0.01,-0.06,-0.03,-0.17
01/29/2016,18.13,0.44,2.49,0.02,0.14
01/28/2016,17.69,-0.01,-0.06,-0.05,-0.26
01/27/2016,17.7,-0.17,-0.95,-0.09,-0.49
01/26/2016,17.87,0.06,0.34,0.10,0.55
01/25/2016,17.81,-0.39,-2.14,-0.11,-0.62
01/22/2016,18.2,0.39,2.19,-0.01,-0.06
01/21/2016,17.81,0.09,0.51,0.03,0.16
01/20/2016,17.72,-0.38,-2.10,-0.12,-0.69
01/19/2016,18.1,0.15,0.84,-0.11,-0.59
01/15/2016,17.95,-0.39,-2.13,-0.21,-1.14
01/14/2016,18.34,0.17,0.94,0.09,0.50
01/13/2016,18.17,-0.28,-1.52,-0.13,-0.70
01/12/2016,18.45,0.08,0.44,0.10,0.53
01/11/2016,18.37,-0.02,-0.11,0.06,0.32
01/08/2016,18.39,-0.23,-1.24,-0.28,-1.52
01/07/2016,18.62,-0.62,-3.22,-0.05,-0.29
01/06/2016,19.24,-0.54,-2.73,-0.09,-0.46
01/05/2016,19.78,0.00,0.00,0.03,0.16
01/04/2016,19.78,0.00,0.00,-0.06,-0.32
12/31/15,--,--,--,-0.06,-0.30
12/30/15,--,--,--,-0.07,-0.35
12/29/15,--,--,--,0.01,0.05
12/28/15,--,--,--,-0.06,-0.31
12/24/15,--,--,--,-0.02,-0.09
12/23/15,--,--,--,0.12,0.61
12/22/15,--,--,--,0.05,0.27
12/21/15,--,--,--,-0.02,-0.12
12/18/15,--,--,--,-0.08,-0.41
12/17/15,--,--,--,-0.05,-0.24
12/16/15,--,--,--,0.10,0.53
12/15/15,--,--,--,0.14,0.72
12/14/15,--,--,--,-0.03,-0.17
12/11/15,--,--,--,-0.15,-0.81
12/10/15,--,--,--,-0.01,-0.08
12/9/15,--,--,--,0.00,-0.00
12/8/15,--,--,--,-0.01,-0.03
12/7/15,--,--,--,-0.04,-0.18
12/4/15,--,--,--,0.06,0.27
12/3/15,--,--,--,-0.09,-0.46
12/2/15,--,--,--,-0.08,-0.38
12/1/15,--,--,--,0.01,0.04
11/30/15,--,--,--,0.09,0.46
11/27/15,--,--,--,-0.02,-0.10
11/25/15,--,--,--,0.09,0.45
11/24/15,--,--,--,-0.03,-0.16
11/23/15,--,--,--,0.00,0.02
11/20/15,--,--,--,0.01,0.03
11/19/15,--,--,--,0.07,0.34
11/18/15,--,--,--,-0.01,-0.05
11/17/15,--,--,--,0.08,0.78
11/16/15,--,--,--,0.11,1.13
11/13/15,--,--,--,0.03,0.31
11/12/15,--,--,--,0.04,0.45
11/11/15,--,--,--,0.03,0.30
11/10/15,--,--,--,0.01,0.10
11/9/15,--,--,--,0.01,0.10
11/6/15,--,--,--,0.03,0.34
11/5/15,--,--,--,0.13,1.27
11/4/15,--,--,--,0.07,0.64
11/3/15,--,--,--,0.09,0.84
11/2/15,--,--,--,0.11,1.07
11/1/15,--,--,--,0.06,0.58
10/31/15,--,--,--,0.06,0.58
10/30/15,--,--,--,0.05,0.51
10/29/15,--,--,--,0.08,0.76
10/28/15,--,--,--,0.02,0.15
10/27/15,--,--,--,0.01,0.14
10/26/15,--,--,--,0.08,0.79
10/23/15,--,--,--,0.10,0.98
10/22/15,--,--,--,0.05,0.51
10/21/15,--,--,--,-0.01,-0.08
10/20/15,--,--,--,-0.01,-0.10
10/19/15,--,--,--,-0.04,-0.42
10/16/15,--,--,--,0.03,0.34
10/15/15,--,--,--,0.02,0.23
10/14/15,--,--,--,-0.03,-0.30
10/13/15,--,--,--,-0.04,-0.41
10/12/15,--,--,--,-0.06,-0.56
10/9/15,--,--,--,-0.01,-0.05
10/8/15,--,--,--,0.06,0.61
10/7/15,--,--,--,0.00,-0.04
10/6/15,--,--,--,-0.04,-0.41
10/5/15,--,--,--,0.01,0.15
10/2/15,--,--,--,-0.09,-0.93
10/1/15,--,--,--,-0.09,-0.94
9/30/15,--,--,--,-0.04,-0.45
9/29/15,--,--,--,-0.10,-1.08
9/28/15,--,--,--,-0.12,-1.33
9/25/15,--,--,--,-0.05,-0.55
9/24/15,--,--,--,-0.04,-0.42
9/23/15,--,--,--,-0.08,-0.81
9/22/15,--,--,--,-0.12,-1.25
9/21/15,--,--,--,-0.05,-0.56
9/18/15,--,--,--,-0.12,-1.29
9/17/15,--,--,--,-0.03,-0.35
9/16/15,--,--,--,0.00,-0.03
9/15/15,--,--,--,-0.02,-0.18
9/14/15,--,--,--,-0.06,-0.67
9/11/15,--,--,--,-0.04,-0.43
9/10/15,--,--,--,-0.05,-0.51
9/9/15,--,--,--,-0.12,-1.23
9/8/15,--,--,--,0.01,0.08
9/4/15,--,--,--,-0.08,-0.84
9/3/15,--,--,--,0.00,-0.01
9/2/15,--,--,--,-0.01,-0.12
9/1/15,--,--,--,-0.08,-0.84
8/31/15,--,--,--,-0.04,-0.44
8/28/15,--,--,--,-0.03,-0.31
8/27/15,--,--,--,0.05,0.58
8/26/15,--,--,--,0.00,0.03
8/25/15,--,--,--,-0.01,-0.15
8/24/15,--,--,--,-0.05,-0.53
8/21/15,--,--,--,-0.10,-1.06
8/20/15,--,--,--,-0.03,-0.27
8/19/15,--,--,--,0.01,0.12
8/18/15,--,--,--,0.00,0.02
8/17/15,--,--,--,0.01,0.09
8/14/15,--,--,--,0.01,0.12
8/13/15,--,--,--,0.00,-0.01
8/12/15,--,--,--,0.02,0.23
8/11/15,--,--,--,0.00,0.04
8/10/15,--,--,--,0.04,0.35
8/7/15,--,--,--,-0.04,-0.35
8/6/15,--,--,--,-0.08,-0.74
8/5/15,--,--,--,-0.04,-0.35
8/4/15,--,--,--,-0.06,-0.56
8/3/15,--,--,--,-0.03,-0.32
7/31/15,--,--,--,-0.03,-0.24
7/30/15,--,--,--,0.00,-0.02
7/29/15,--,--,--,-0.02,-0.24
7/28/15,--,--,--,-0.02,-0.15
7/27/15,--,--,--,-0.04,-0.43
7/24/15,--,--,--,-0.03,-0.31
7/23/15,--,--,--,0.00,-0.04
7/22/15,--,--,--,0.01,0.11
7/21/15,--,--,--,-0.02,-0.19
7/20/15,--,--,--,0.02,0.21
7/17/15,--,--,--,0.03,0.31
7/16/15,--,--,--,0.04,0.35
7/15/15,--,--,--,0.02,0.16
7/14/15,--,--,--,0.08,0.77
7/13/15,--,--,--,0.08,0.75
7/10/15,--,--,--,0.08,0.79
7/9/15,--,--,--,0.03,0.28
7/8/15,--,--,--,-0.02,-0.22
7/7/15,--,--,--,0.00,-0.01
7/6/15,--,--,--,0.05,0.42
7/2/15,--,--,--,0.04,0.38
7/1/15,--,--,--,0.04,0.32
6/30/15,--,--,--,0.01,0.05
6/29/15,--,--,--,0.02,0.20
6/26/15,--,--,--,0.08,0.64
6/25/15,--,--,--,0.04,0.33
6/24/15,--,--,--,0.02,0.20
6/23/15,--,--,--,0.04,0.36
6/22/15,--,--,--,0.04,0.30
6/19/15,--,--,--,-0.02,-0.15
6/18/15,--,--,--,0.03,0.28
6/17/15,--,--,--,0.05,0.38
6/16/15,--,--,--,-0.05,-0.40
6/15/15,--,--,--,-0.07,-0.62
6/12/15,--,--,--,-0.07,-0.58
6/11/15,--,--,--,-0.04,-0.30
6/10/15,--,--,--,-0.02,-0.15
6/9/15,--,--,--,-0.03,-0.21
6/8/15,--,--,--,-0.08,-0.65
6/5/15,--,--,--,-0.05,-0.39
6/4/15,--,--,--,-0.11,-0.86
6/3/15,--,--,--,-0.06,-0.48
6/2/15,--,--,--,-0.02,-0.19
6/1/15,--,--,--,-0.05,-0.42
5/29/15,--,--,--,0.02,0.19
5/28/15,--,--,--,0.09,0.75
5/27/15,--,--,--,0.10,0.76
5/26/15,--,--,--,0.08,0.64
5/22/15,--,--,--,0.10,0.76
5/21/15,--,--,--,0.09,0.70
5/20/15,--,--,--,0.08,0.64
5/19/15,--,--,--,0.10,0.83
5/18/15,--,--,--,0.11,0.84
5/15/15,--,--,--,0.11,0.88
5/14/15,--,--,--,0.13,1.04
5/13/15,--,--,--,0.07,0.53
5/12/15,--,--,--,0.07,0.52
5/11/15,--,--,--,0.03,0.20
5/8/15,--,--,--,0.10,0.82
5/7/15,--,--,--,0.07,0.57
5/6/15,--,--,--,0.01,0.09
5/5/15,--,--,--,0.02,0.12
5/4/15,--,--,--,0.13,1.05
5/1/15,--,--,--,0.08,0.60
4/30/15,--,--,--,-0.06,-0.51
4/29/15,--,--,--,-0.06,-0.51
4/28/15,--,--,--,-0.03,-0.27
4/27/15,--,--,--,-0.05,-0.43
4/24/15,--,--,--,-0.03,-0.28
4/23/15,--,--,--,-0.03,-0.22
4/22/15,--,--,--,-0.02,-0.14
4/21/15,--,--,--,-0.03,-0.29
4/20/15,--,--,--,-0.05,-0.44
4/17/15,--,--,--,-0.10,-0.86
4/16/15,--,--,--,-0.02,-0.14
4/15/15,--,--,--,0.02,0.13
4/14/15,--,--,--,-0.06,-0.52
4/13/15,--,--,--,-0.06,-0.48
4/10/15,--,--,--,-0.02,-0.14
4/9/15,--,--,--,0.00,-0.03
4/8/15,--,--,--,0.02,0.16
4/7/15,--,--,--,-0.03,-0.22
4/6/15,--,--,--,0.01,0.12
4/2/15,--,--,--,-0.01,-0.12
4/1/15,--,--,--,-0.01,-0.06
3/31/15,--,--,--,-0.02,-0.21
3/30/15,--,--,--,0.02,0.18
3/27/15,--,--,--,-0.02,-0.20
3/26/15,--,--,--,-0.06,-0.56
3/25/15,--,--,--,-0.07,-0.61
3/24/15,--,--,--,-0.02,-0.17
3/23/15,--,--,--,-0.01,-0.09
3/20/15,--,--,--,0.02,0.14
3/19/15,--,--,--,-0.02,-0.22
3/18/15,--,--,--,0.04,0.36
3/17/15,--,--,--,-0.02,-0.19
3/16/15,--,--,--,-0.02,-0.14
3/13/15,--,--,--,-0.06,-0.50
3/12/15,--,--,--,0.00,0.00
3/11/15,--,--,--,-0.06,-0.52
3/10/15,--,--,--,-0.09,-0.73
3/9/15,--,--,--,-0.03,-0.23
3/6/15,--,--,--,-0.10,-0.80
3/5/15,--,--,--,-0.05,-0.39
3/4/15,--,--,--,-0.04,-0.33
3/3/15,--,--,--,-0.06,-0.49
3/2/15,--,--,--,-0.05,-0.45
2/27/15,--,--,--,-0.07,-0.60
2/26/15,--,--,--,-0.04,-0.32
2/25/15,--,--,--,-0.04,-0.35
2/24/15,--,--,--,0.00,0.01
2/23/15,--,--,--,-0.03,-0.29
2/20/15,--,--,--,-0.05,-0.38
2/19/15,--,--,--,-0.06,-0.51
2/18/15,--,--,--,-0.03,-0.25
2/17/15,--,--,--,-0.01,-0.08
2/13/15,--,--,--,-0.02,-0.16
2/12/15,--,--,--,-0.03,-0.29
2/11/15,--,--,--,-0.05,-0.45
2/10/15,--,--,--,-0.06,-0.49
2/9/15,--,--,--,-0.07,-0.63
2/6/15,--,--,--,-0.09,-0.78
2/5/15,--,--,--,-0.01,-0.10
2/4/15,--,--,--,-0.06,-0.55
2/3/15,--,--,--,0.00,0.04
2/2/15,--,--,--,-0.02,-0.18
1/30/15,--,--,--,-0.10,-0.91
1/29/15,--,--,--,-0.03,-0.23
1/28/15,--,--,--,-0.13,-1.13
1/27/15,--,--,--,-0.07,-0.65
1/26/15,--,--,--,-0.05,-0.41
1/23/15,--,--,--,-0.05,-0.46
1/22/15,--,--,--,-0.02,-0.21
1/21/15,--,--,--,-0.05,-0.46
1/20/15,--,--,--,-0.04,-0.33
1/16/15,--,--,--,-0.02,-0.22
1/15/15,--,--,--,-0.04,-0.34
1/14/15,--,--,--,-0.04,-0.32
1/13/15,--,--,--,-0.06,-0.56
1/12/15,--,--,--,-0.08,-0.70
1/9/15,--,--,--,-0.03,-0.31
1/8/15,--,--,--,0.01,0.12
1/7/15,--,--,--,-0.04,-0.38
1/6/15,--,--,--,-0.08,-0.75
1/5/15,--,--,--,-0.09,-0.84
1/2/15,--,--,--,-0.10,-0.92
1/1/15,--,--,--,-0.09,-0.76
