"Global X MSCI China Materials ETF",,,,,
Date,"Closing Price","Daily Change","Daily Change %",Premium/Discount,"Premium/Discount %"
03/20/2019,16.51,-0.19,-1.14,-0.24,-1.44
03/19/2019,16.7,-0.08,-0.48,-0.17,-0.99
03/18/2019,16.78,-0.02,-0.12,-0.06,-0.35
03/15/2019,16.8,0.08,0.48,-0.04,-0.21
03/14/2019,16.72,-0.12,-0.71,-0.05,-0.33
03/13/2019,16.84,-0.02,-0.12,-0.08,-0.49
03/12/2019,16.86,0.04,0.24,-0.20,-1.15
03/11/2019,16.82,0.22,1.33,-0.04,-0.25
03/08/2019,16.6,-0.67,-3.88,-0.26,-1.56
03/07/2019,17.27,-0.21,-1.20,-0.40,-2.24
03/06/2019,17.48,0.05,0.29,-0.36,-2.00
03/05/2019,17.43,0.00,0.00,-0.19,-1.08
03/04/2019,17.43,0.16,0.93,-0.31,-1.77
03/01/2019,17.27,0.26,1.53,-0.20,-1.16
02/28/2019,17.01,-0.13,-0.76,-0.20,-1.17
02/27/2019,17.14,-0.42,-2.39,-0.30,-1.71
02/26/2019,17.56,0.24,1.39,-0.09,-0.49
02/25/2019,17.32,0.31,1.82,-0.28,-1.61
02/22/2019,17.01,0.07,0.41,-0.22,-1.27
02/21/2019,16.94,-0.13,-0.76,-0.26,-1.53
02/20/2019,17.07,0.48,2.89,-0.01,-0.06
02/19/2019,16.59,0.36,2.22,-0.02,-0.14
02/15/2019,16.23,-0.04,-0.25,0.01,0.03
02/14/2019,16.27,-0.02,-0.12,-0.31,-1.87
02/13/2019,16.29,0.30,1.88,-0.27,-1.65
02/12/2019,15.99,-0.01,-0.06,-0.11,-0.67
02/11/2019,16,0.05,0.31,-0.10,-0.61
02/08/2019,15.95,0.14,0.89,-0.14,-0.85
02/07/2019,15.81,-0.17,-1.06,-0.27,-1.68
02/06/2019,15.98,-0.12,-0.75,-0.10,-0.63
02/05/2019,16.1,0.28,1.77,0.02,0.11
02/04/2019,15.82,-0.10,-0.63,-0.26,-1.63
02/01/2019,15.92,0.06,0.38,-0.18,-1.11
01/31/2019,15.86,0.34,2.19,-0.06,-0.35
01/30/2019,15.52,0.13,0.84,-0.03,-0.21
01/29/2019,15.39,0.16,1.05,-0.11,-0.70
01/28/2019,15.23,-0.10,-0.65,-0.29,-1.88
01/25/2019,15.33,0.20,1.32,-0.07,-0.45
01/24/2019,15.13,0.12,0.80,-0.12,-0.77
01/23/2019,15.01,0.20,1.35,-0.16,-1.06
01/22/2019,14.81,-0.51,-3.33,-0.29,-1.90
01/18/2019,15.32,0.30,2.00,-0.12,-0.75
01/17/2019,15.02,-0.03,-0.20,-0.20,-1.30
01/16/2019,15.05,0.11,0.74,-0.15,-1.01
01/15/2019,14.94,0.09,0.61,-0.30,-1.97
01/14/2019,14.85,0.06,0.41,-0.09,-0.58
01/11/2019,14.79,-0.14,-0.94,-0.19,-1.28
01/10/2019,14.93,0.11,0.74,-0.01,-0.06
01/09/2019,14.82,0.25,1.72,-0.04,-0.25
01/08/2019,14.57,0.06,0.41,-0.01,-0.08
01/07/2019,14.51,0.17,1.19,-0.11,-0.76
01/04/2019,14.34,0.00,0.00,0.00,-0.00
01/03/2019,14.34,-0.29,-1.98,0.05,0.37
01/02/2019,14.63,0.11,0.76,0.12,0.82
12/31/2018,14.52,-0.16,-1.09,-0.33,-2.21
12/28/2018,14.68,-0.51,-3.36,-0.10,-0.66
12/27/2018,15.19,-0.09,-0.59,-0.27,-1.76
12/26/2018,15.28,0.01,0.07,-0.17,-1.13
12/24/2018,15.27,0.05,0.33,-0.21,-1.37
12/21/2018,15.22,-0.32,-2.06,-0.38,-2.44
12/20/2018,15.54,-0.09,-0.58,-0.25,-1.59
12/19/2018,15.63,-0.33,-2.07,-0.39,-2.42
12/18/2018,15.96,0.11,0.69,-0.10,-0.60
12/17/2018,15.85,-0.41,-2.52,-0.30,-1.84
12/14/2018,16.26,0.01,0.06,0.07,0.44
12/13/2018,16.25,0.18,1.12,-0.23,-1.42
12/12/2018,16.07,0.08,0.50,0.07,0.42
12/11/2018,15.99,0.04,0.25,-0.03,-0.17
12/10/2018,15.95,0.04,0.25,-0.12,-0.77
12/07/2018,15.91,-0.53,-3.22,-0.32,-1.96
12/06/2018,16.44,0.07,0.43,0.10,0.59
12/05/2018,16.37,0.00,0.00,0.00,0.00
12/04/2018,16.37,-0.45,-2.68,-0.66,-3.86
12/03/2018,16.82,0.57,3.51,-0.16,-0.92
11/30/2018,16.25,0.08,0.49,-0.21,-1.29
11/29/2018,16.17,-0.16,-0.98,-0.15,-0.91
11/28/2018,16.33,0.21,1.30,0.05,0.28
11/27/2018,16.12,0.02,0.12,-0.07,-0.44
11/26/2018,16.1,0.10,0.63,-0.10,-0.65
11/23/2018,16,-0.48,-2.91,-0.24,-1.49
11/21/2018,16.48,0.32,1.98,-0.02,-0.10
11/20/2018,16.16,-0.23,-1.40,-0.30,-1.84
11/19/2018,16.39,-0.38,-2.27,-0.39,-2.33
11/16/2018,16.77,0.16,0.96,0.04,0.23
11/15/2018,16.61,0.12,0.73,-0.05,-0.28
11/14/2018,16.49,0.13,0.79,0.00,0.01
11/13/2018,16.36,0.15,0.93,-0.22,-1.32
11/12/2018,16.21,-0.06,-0.37,-0.36,-2.15
11/09/2018,16.27,-0.31,-1.87,-0.35,-2.11
11/08/2018,16.58,-0.51,-2.98,-0.33,-1.96
11/07/2018,17.09,0.39,2.34,0.15,0.87
11/06/2018,16.7,0.06,0.36,-0.20,-1.19
11/05/2018,16.64,0.04,0.24,-0.04,-0.22
11/02/2018,16.6,0.13,0.79,-0.41,-2.43
11/01/2018,16.47,0.64,4.04,0.27,1.67
10/31/2018,15.83,0.22,1.41,-0.14,-0.90
10/30/2018,15.61,0.17,1.10,-0.04,-0.27
10/29/2018,15.44,-0.36,-2.28,-0.29,-1.86
10/26/2018,15.8,-0.38,-2.35,-0.14,-0.86
10/25/2018,16.18,0.32,2.02,-0.01,-0.07
10/24/2018,15.86,-0.62,-3.76,-0.49,-2.98
10/23/2018,16.48,-0.09,-0.54,0.04,0.27
10/22/2018,16.57,0.15,0.91,-0.37,-2.17
10/19/2018,16.42,0.40,2.50,-0.14,-0.83
10/18/2018,16.02,-0.46,-2.79,-0.29,-1.77
10/17/2018,16.48,-0.16,-0.96,0.03,0.20
10/16/2018,16.64,0.06,0.36,0.17,1.05
10/15/2018,16.58,0.03,0.18,0.07,0.43
10/12/2018,16.55,0.45,2.80,-0.05,-0.27
10/11/2018,16.1,-0.28,-1.71,-0.03,-0.21
10/10/2018,16.38,-0.50,-2.96,-0.44,-2.64
10/09/2018,16.88,-0.04,-0.24,-0.04,-0.24
10/08/2018,16.92,-0.35,-2.03,0.01,0.07
10/05/2018,17.27,-0.12,-0.69,-0.29,-1.63
10/04/2018,17.39,-0.38,-2.14,-0.35,-1.96
10/03/2018,17.77,0.16,0.91,-0.20,-1.09
10/02/2018,17.61,-0.20,-1.12,-0.03,-0.20
10/01/2018,17.81,0.02,0.11,-0.10,-0.55
09/28/2018,17.79,-0.06,-0.34,-0.12,-0.67
09/27/2018,17.85,0.05,0.28,0.06,0.33
09/26/2018,17.8,-0.19,-1.06,-0.13,-0.75
09/25/2018,17.99,0.13,0.73,0.10,0.55
09/24/2018,17.86,-0.24,-1.33,-0.04,-0.24
09/21/2018,18.1,0.43,2.43,-0.15,-0.84
09/20/2018,17.67,0.10,0.57,0.09,0.49
09/19/2018,17.57,0.40,2.33,0.13,0.74
09/18/2018,17.17,0.37,2.20,0.06,0.37
09/17/2018,16.8,-0.05,-0.30,-0.05,-0.31
09/14/2018,16.85,-0.26,-1.52,-0.18,-1.06
09/13/2018,17.11,0.36,2.15,0.10,0.56
09/12/2018,16.75,0.32,1.95,0.25,1.53
09/11/2018,16.43,-0.49,-2.90,-0.09,-0.53
09/10/2018,16.92,-0.35,-2.03,-0.10,-0.61
09/07/2018,17.27,-0.29,-1.65,-0.24,-1.35
09/06/2018,17.56,0.03,0.17,0.00,0.01
09/05/2018,17.53,-0.27,-1.52,-0.09,-0.51
09/04/2018,17.8,-0.27,-1.49,-0.26,-1.46
08/31/2018,18.07,0.13,0.72,-0.10,-0.55
08/30/2018,17.94,-0.40,-2.18,-0.27,-1.49
08/29/2018,18.34,0.20,1.10,0.05,0.29
08/28/2018,18.14,-0.06,-0.33,-0.13,-0.70
08/27/2018,18.2,0.30,1.68,0.03,0.16
08/24/2018,17.9,0.17,0.96,0.13,0.70
08/23/2018,17.73,-0.32,-1.77,-0.22,-1.25
08/22/2018,18.05,-0.13,-0.72,0.03,0.16
08/21/2018,18.18,0.53,3.00,0.11,0.58
08/20/2018,17.65,0.12,0.68,0.03,0.19
08/17/2018,17.53,0.05,0.29,0.19,1.09
08/16/2018,17.48,0.06,0.34,0.07,0.43
08/15/2018,17.42,-0.83,-4.55,-0.13,-0.72
08/14/2018,18.25,-0.01,-0.05,0.08,0.44
08/13/2018,18.26,-0.01,-0.05,-0.03,-0.15
08/10/2018,18.27,-0.58,-3.08,-0.33,-1.75
08/09/2018,18.85,0.30,1.62,-0.01,-0.03
08/08/2018,18.55,-0.09,-0.48,-0.09,-0.51
08/07/2018,18.64,0.64,3.56,0.08,0.45
08/06/2018,18,-0.48,-2.60,-0.10,-0.53
08/03/2018,18.48,-0.39,-2.07,0.15,0.82
08/02/2018,18.87,-0.15,-0.79,0.12,0.66
08/01/2018,19.02,-0.20,-1.04,-0.10,-0.53
07/31/2018,19.22,0.02,0.10,-0.07,-0.35
07/30/2018,19.2,0.08,0.42,-0.13,-0.67
07/27/2018,19.12,0.00,0.00,-0.19,-0.98
07/26/2018,19.12,-0.37,-1.90,-0.04,-0.22
07/25/2018,19.49,0.14,0.72,0.22,1.15
07/24/2018,19.35,1.01,5.51,0.23,1.21
07/23/2018,18.34,0.15,0.82,-0.05,-0.27
07/20/2018,18.19,0.17,0.94,-0.02,-0.09
07/19/2018,18.02,-0.32,-1.74,-0.11,-0.58
07/18/2018,18.34,-0.14,-0.76,0.09,0.50
07/17/2018,18.48,-0.01,-0.05,0.07,0.40
07/16/2018,18.49,0.02,0.11,-0.09,-0.50
07/13/2018,18.47,-0.06,-0.32,-0.11,-0.60
07/12/2018,18.53,0.48,2.66,-0.04,-0.22
07/11/2018,18.05,-0.36,-1.96,-0.21,-1.13
07/10/2018,18.41,-0.24,-1.29,-0.23,-1.25
07/09/2018,18.65,0.55,3.04,0.05,0.29
07/06/2018,18.1,0.18,1.00,0.05,0.26
07/05/2018,17.92,-0.49,-2.66,-0.09,-0.51
07/03/2018,18.41,-0.03,-0.16,-0.19,-1.03
07/02/2018,18.44,-0.27,-1.44,-0.61,-3.23
06/29/2018,18.71,0.44,2.41,-0.33,-1.76
06/28/2018,18.27,-0.04,-0.22,-0.22,-1.18
06/27/2018,18.31,-1.00,-5.18,-0.21,-1.13
06/26/2018,19.31,0.28,1.47,0.07,0.36
06/25/2018,19.03,-0.71,-3.60,-0.25,-1.29
06/22/2018,19.74,0.17,0.87,-0.13,-0.65
06/21/2018,19.57,-0.39,-1.95,-0.29,-1.46
06/20/2018,19.96,-0.35,-1.72,-0.12,-0.61
06/19/2018,20.31,-0.61,-2.92,0.11,0.55
06/18/2018,20.92,0.00,0.00,-0.08,-0.40
06/15/2018,20.92,-0.10,-0.48,-0.09,-0.41
06/14/2018,21.02,0.01,0.05,-0.12,-0.57
06/13/2018,21.01,-0.20,-0.94,-0.38,-1.76
06/12/2018,21.21,-0.24,-1.12,-0.37,-1.71
06/11/2018,21.45,0.02,0.09,-0.15,-0.69
06/08/2018,21.43,0.09,0.42,-0.10,-0.45
06/07/2018,21.34,-0.16,-0.74,-0.33,-1.55
06/06/2018,21.5,0.23,1.08,-0.08,-0.39
06/05/2018,21.27,0.00,0.00,0.00,0.02
06/04/2018,21.27,0.00,0.00,-0.06,-0.30
06/01/2018,21.27,0.16,0.76,0.07,0.31
05/31/2018,21.11,0.00,0.00,-0.21,-0.97
05/30/2018,21.11,0.16,0.76,0.25,1.21
05/29/2018,20.95,-0.48,-2.24,-0.32,-1.52
05/25/2018,21.43,-0.20,-0.92,-0.12,-0.55
05/24/2018,21.63,-0.08,-0.37,0.06,0.26
05/23/2018,21.71,-0.07,-0.32,0.11,0.50
05/22/2018,21.78,-0.03,-0.14,-0.19,-0.84
05/21/2018,21.81,0.12,0.55,-0.14,-0.65
05/18/2018,21.69,0.05,0.23,-0.24,-1.10
05/17/2018,21.64,-0.08,-0.37,-0.05,-0.22
05/16/2018,21.72,0.20,0.93,-0.08,-0.34
05/15/2018,21.52,-0.18,-0.83,-0.33,-1.49
05/14/2018,21.7,0.13,0.60,-0.09,-0.39
05/11/2018,21.57,0.12,0.56,0.13,0.60
05/10/2018,21.45,0.42,2.00,0.04,0.21
05/09/2018,21.03,0.06,0.29,-0.10,-0.46
05/08/2018,20.97,0.18,0.87,-0.13,-0.63
05/07/2018,20.79,-0.07,-0.34,-0.09,-0.43
05/04/2018,20.86,0.17,0.82,0.13,0.61
05/03/2018,20.69,-0.25,-1.19,-0.17,-0.80
05/02/2018,20.94,0.06,0.29,-0.12,-0.58
05/01/2018,20.88,-0.10,-0.48,-0.40,-1.89
04/30/2018,20.98,0.10,0.48,-0.32,-1.51
04/27/2018,20.88,-0.05,-0.24,0.00,0.01
04/26/2018,20.93,0.04,0.19,0.15,0.71
04/25/2018,20.89,-0.11,-0.52,-0.17,-0.82
04/24/2018,21,0.33,1.60,-0.20,-0.96
04/23/2018,20.67,-0.02,-0.10,-0.17,-0.82
04/20/2018,20.69,-0.24,-1.15,-0.21,-1.02
04/19/2018,20.93,0.29,1.41,-0.34,-1.58
04/18/2018,20.64,-0.11,-0.53,0.08,0.37
04/17/2018,20.75,0.02,0.10,0.24,1.16
04/16/2018,20.73,-0.35,-1.66,0.01,0.03
04/13/2018,21.08,-0.16,-0.75,-0.15,-0.69
04/12/2018,21.24,-0.03,-0.14,0.04,0.21
04/11/2018,21.27,-0.19,-0.89,-0.07,-0.32
04/10/2018,21.46,0.79,3.82,-0.06,-0.30
04/09/2018,20.67,0.03,0.15,-0.18,-0.86
04/06/2018,20.64,-0.43,-2.04,-0.21,-1.03
04/05/2018,21.07,0.04,0.19,0.51,2.50
04/04/2018,21.03,0.20,0.96,0.47,2.30
04/03/2018,20.83,0.20,0.97,-0.07,-0.36
04/02/2018,20.63,-0.50,-2.37,-0.24,-1.17
03/29/2018,21.13,0.36,1.73,0.25,1.21
03/28/2018,20.77,-0.41,-1.94,-0.09,-0.41
03/27/2018,21.18,-0.05,-0.24,-0.25,-1.17
03/26/2018,21.23,0.61,2.96,0.14,0.65
03/23/2018,20.62,-0.81,-3.78,-0.34,-1.64
03/22/2018,21.43,-0.77,-3.47,-0.47,-2.15
03/21/2018,22.2,-0.13,-0.58,0.11,0.50
03/20/2018,22.33,0.04,0.18,-0.01,-0.07
03/19/2018,22.29,-0.40,-1.76,-0.21,-0.93
03/16/2018,22.69,-0.28,-1.22,-0.11,-0.49
03/15/2018,22.97,0.07,0.31,-0.08,-0.37
03/14/2018,22.9,0.51,2.28,-0.11,-0.46
03/13/2018,22.39,-0.11,-0.49,-0.50,-2.17
03/12/2018,22.5,0.07,0.31,-0.14,-0.62
03/09/2018,22.43,0.39,1.77,0.33,1.51
03/08/2018,22.04,0.01,0.05,-0.12,-0.56
03/07/2018,22.03,-0.44,-1.96,0.05,0.22
03/06/2018,22.47,0.30,1.35,-0.04,-0.20
03/05/2018,22.17,-0.14,-0.63,0.29,1.34
03/02/2018,22.31,0.13,0.59,-0.10,-0.45
03/01/2018,22.18,-0.29,-1.29,-0.57,-2.50
02/28/2018,22.47,0.01,0.04,-0.23,-1.02
02/27/2018,22.46,-1.07,-4.55,-0.33,-1.46
02/26/2018,23.53,0.34,1.47,0.18,0.76
02/23/2018,23.19,0.19,0.83,0.02,0.07
02/22/2018,23,0.13,0.57,0.16,0.72
02/21/2018,22.87,0.55,2.46,0.07,0.29
02/20/2018,22.32,-0.34,-1.50,-0.17,-0.75
02/16/2018,22.66,-0.07,-0.31,0.25,1.14
02/15/2018,22.73,0.86,3.93,0.32,1.43
02/14/2018,21.87,0.43,2.01,-0.03,-0.13
02/13/2018,21.44,0.30,1.42,0.09,0.44
02/12/2018,21.14,0.77,3.78,0.17,0.80
02/09/2018,20.37,-0.36,-1.74,-0.19,-0.93
02/08/2018,20.73,-1.00,-4.60,-0.71,-3.30
02/07/2018,21.73,-1.19,-5.19,0.01,0.02
02/06/2018,22.92,-0.42,-1.80,0.68,3.08
02/05/2018,23.34,-0.15,-0.64,-0.62,-2.61
02/02/2018,23.49,0.11,0.47,-0.50,-2.07
02/01/2018,23.38,-0.27,-1.14,0.04,0.18
01/31/2018,23.65,0.31,1.33,0.14,0.61
01/30/2018,23.34,-0.46,-1.93,-0.06,-0.27
01/29/2018,23.8,-0.24,-1.00,-0.05,-0.20
01/26/2018,24.04,0.30,1.26,0.29,1.24
01/25/2018,23.74,0.21,0.89,0.07,0.29
01/24/2018,23.53,0.10,0.43,0.16,0.68
01/23/2018,23.43,-0.01,-0.04,0.21,0.91
01/22/2018,23.44,0.24,1.03,0.18,0.79
01/19/2018,23.2,0.66,2.93,0.28,1.23
01/18/2018,22.54,0.14,0.63,0.08,0.35
01/17/2018,22.4,0.24,1.08,0.15,0.68
01/16/2018,22.16,-0.60,-2.64,-0.16,-0.70
01/12/2018,22.76,0.34,1.52,0.34,1.51
01/11/2018,22.42,0.27,1.22,0.29,1.31
01/10/2018,22.15,-0.04,-0.18,-0.01,-0.04
01/09/2018,22.19,-0.17,-0.76,0.10,0.46
01/08/2018,22.36,0.43,1.96,0.04,0.18
01/05/2018,21.93,-0.06,-0.27,0.20,0.92
01/04/2018,21.99,0.08,0.37,0.23,1.04
01/03/2018,21.91,0.23,1.06,0.22,1.02
01/02/2018,21.68,0.82,3.93,0.10,0.45
12/29/2017,20.86,-0.06,-0.29,-0.10,-0.46
12/28/2017,20.92,0.10,0.48,-0.07,-0.32
12/27/2017,20.82,0.04,0.19,-0.05,-0.23
12/26/2017,20.78,0.12,0.58,0.15,0.73
12/22/2017,20.66,-0.10,-0.48,0.04,0.17
12/21/2017,20.76,0.69,3.44,0.24,1.19
12/20/2017,20.07,0.00,0.00,-0.04,-0.21
12/19/2017,20.07,0.03,0.15,-0.06,-0.27
12/18/2017,20.04,0.20,1.01,0.07,0.35
12/15/2017,19.84,-0.09,-0.45,0.04,0.23
12/14/2017,19.93,-0.10,-0.50,-0.10,-0.49
12/13/2017,20.03,0.29,1.47,0.08,0.42
12/12/2017,19.74,-0.30,-1.50,-0.12,-0.61
12/11/2017,20.04,0.31,1.57,-0.02,-0.09
12/08/2017,19.73,0.34,1.75,-0.04,-0.18
12/07/2017,19.39,-0.26,-1.32,0.09,0.47
12/06/2017,19.65,-0.80,-3.91,0.10,0.52
12/05/2017,20.45,-0.18,-0.87,0.02,0.12
12/04/2017,20.63,-0.05,-0.24,0.00,-0.01
12/01/2017,20.68,-0.20,-0.96,0.10,0.49
11/30/2017,20.88,0.03,0.14,0.05,0.25
11/29/2017,20.85,0.16,0.77,0.00,0.00
11/28/2017,20.69,0.11,0.53,0.04,0.21
11/27/2017,20.58,-0.19,-0.91,0.01,0.03
11/24/2017,20.77,0.14,0.68,0.09,0.42
11/22/2017,20.63,0.21,1.03,0.06,0.30
11/21/2017,20.42,0.07,0.34,0.15,0.74
11/20/2017,20.35,-0.08,-0.39,0.09,0.45
11/17/2017,20.43,-0.39,-1.87,0.01,0.03
11/16/2017,20.82,-0.12,-0.57,0.12,0.57
11/15/2017,20.94,-0.43,-2.01,0.07,0.32
11/14/2017,21.37,-0.07,-0.33,0.10,0.45
11/13/2017,21.44,-0.12,-0.56,0.11,0.52
11/10/2017,21.56,0.11,0.51,0.08,0.38
11/09/2017,21.45,-0.13,-0.60,-0.09,-0.42
11/08/2017,21.58,-0.05,-0.23,0.08,0.38
11/07/2017,21.63,-0.08,-0.37,0.07,0.32
11/06/2017,21.71,0.00,0.00,0.15,0.67
11/03/2017,21.71,-0.21,-0.96,0.06,0.30
11/02/2017,21.92,0.32,1.48,0.17,0.77
11/01/2017,21.6,0.01,0.05,-0.08,-0.37
10/31/2017,21.59,0.34,1.60,0.01,0.04
10/30/2017,21.25,-0.33,-1.53,-0.15,-0.72
10/27/2017,21.58,-0.25,-1.15,0.22,1.01
10/26/2017,21.83,0.11,0.51,0.05,0.23
10/25/2017,21.72,0.05,0.23,-0.17,-0.78
10/24/2017,21.67,-0.03,-0.14,0.05,0.22
10/23/2017,21.7,-0.16,-0.73,-0.03,-0.15
10/20/2017,21.86,0.62,2.92,0.05,0.25
10/19/2017,21.24,-0.45,-2.07,0.21,1.01
10/18/2017,21.69,-0.11,-0.50,0.13,0.58
10/17/2017,21.8,-0.39,-1.76,0.16,0.76
10/16/2017,22.19,0.41,1.88,0.36,1.66
10/13/2017,21.78,0.51,2.40,0.32,1.49
10/12/2017,21.27,-0.05,-0.23,-0.03,-0.15
10/11/2017,21.32,-0.30,-1.39,0.09,0.42
10/10/2017,21.62,-0.01,-0.05,0.10,0.45
10/09/2017,21.63,-0.03,-0.14,0.09,0.40
10/06/2017,21.66,-0.16,-0.73,-0.12,-0.57
10/05/2017,21.82,0.29,1.35,0.21,0.99
10/04/2017,21.53,-0.09,-0.42,-0.09,-0.39
10/03/2017,21.62,0.41,1.93,0.16,0.74
10/02/2017,21.21,0.10,0.47,0.20,0.96
09/29/2017,21.11,0.41,1.98,0.11,0.51
09/28/2017,20.7,-0.11,-0.53,0.05,0.22
09/27/2017,20.81,0.23,1.12,-0.13,-0.63
09/26/2017,20.58,0.17,0.83,-0.06,-0.27
09/25/2017,20.41,-1.01,-4.72,-0.10,-0.49
09/22/2017,21.42,-0.26,-1.20,0.15,0.73
09/21/2017,21.68,-0.09,-0.41,0.18,0.83
09/20/2017,21.77,0.26,1.21,-0.15,-0.69
09/19/2017,21.51,-0.10,-0.46,0.09,0.40
09/18/2017,21.61,-0.16,-0.73,0.04,0.19
09/15/2017,21.77,-0.18,-0.82,0.36,1.68
09/14/2017,21.95,-0.32,-1.44,0.19,0.87
09/13/2017,22.27,0.47,2.16,0.28,1.27
09/12/2017,21.8,0.24,1.11,0.10,0.46
09/11/2017,21.56,0.22,1.03,0.22,1.01
09/08/2017,21.34,0.26,1.23,0.13,0.60
09/07/2017,21.08,0.27,1.30,0.12,0.55
09/06/2017,20.81,0.08,0.39,-0.02,-0.11
09/05/2017,20.73,-0.18,-0.86,-0.04,-0.20
09/01/2017,20.91,0.28,1.36,0.08,0.40
08/31/2017,20.63,0.66,3.30,0.12,0.58
08/30/2017,19.97,0.09,0.45,-0.17,-0.85
08/29/2017,19.88,0.04,0.20,0.17,0.86
08/28/2017,19.84,0.07,0.35,0.18,0.90
08/25/2017,19.77,0.29,1.49,-0.01,-0.04
08/24/2017,19.48,-0.28,-1.42,0.03,0.18
08/23/2017,19.76,0.11,0.56,0.14,0.72
08/22/2017,19.65,0.25,1.29,0.03,0.16
08/21/2017,19.4,0.48,2.54,0.03,0.13
08/18/2017,18.92,-0.06,-0.32,-0.18,-0.96
08/17/2017,18.98,-0.03,-0.16,-0.29,-1.51
08/16/2017,19.01,0.38,2.04,0.01,0.07
08/15/2017,18.63,-0.43,-2.26,-0.01,-0.04
08/14/2017,19.06,0.45,2.42,0.08,0.42
08/11/2017,18.61,-0.59,-3.07,-0.01,-0.07
08/10/2017,19.2,-0.73,-3.66,-0.29,-1.51
08/09/2017,19.93,0.17,0.86,-0.02,-0.08
08/08/2017,19.76,0.13,0.66,-0.06,-0.30
08/07/2017,19.63,0.51,2.67,-0.12,-0.62
08/04/2017,19.12,0.06,0.31,-0.01,-0.05
08/03/2017,19.06,0.04,0.21,-0.08,-0.43
08/02/2017,19.02,0.09,0.48,-0.12,-0.62
08/01/2017,18.93,-0.05,-0.26,-0.02,-0.11
07/31/2017,18.98,0.72,3.94,-0.04,-0.19
07/28/2017,18.26,0.04,0.22,-0.12,-0.65
07/27/2017,18.22,-0.27,-1.46,-0.33,-1.78
07/26/2017,18.49,0.36,1.99,0.04,0.20
07/25/2017,18.13,-0.06,-0.33,-0.14,-0.76
07/24/2017,18.19,-0.03,-0.16,-0.11,-0.59
07/21/2017,18.22,0.03,0.16,-0.17,-0.94
07/20/2017,18.19,-0.26,-1.41,-0.19,-1.05
07/19/2017,18.45,0.50,2.79,-0.25,-1.34
07/18/2017,17.95,0.12,0.67,-0.25,-1.35
07/17/2017,17.83,-0.21,-1.16,-0.11,-0.60
07/14/2017,18.04,0.26,1.46,0.09,0.50
07/13/2017,17.78,-0.05,-0.28,0.03,0.18
07/12/2017,17.83,0.29,1.65,0.24,1.36
07/11/2017,17.54,-0.08,-0.45,0.02,0.09
07/10/2017,17.62,0.03,0.17,0.12,0.71
07/07/2017,17.59,0.14,0.80,-0.01,-0.08
07/06/2017,17.45,0.00,0.00,-0.06,-0.32
07/05/2017,17.45,0.36,2.11,0.00,-0.02
07/03/2017,17.09,0.01,0.06,-0.36,-2.07
06/30/2017,17.08,0.32,1.91,-0.01,-0.05
06/29/2017,16.76,0.05,0.30,-0.18,-1.06
06/28/2017,16.71,0.26,1.58,0.07,0.43
06/27/2017,16.45,-0.08,-0.48,-0.09,-0.56
06/26/2017,16.53,0.13,0.79,-0.02,-0.12
06/23/2017,16.4,-0.11,-0.67,-0.04,-0.27
06/22/2017,16.51,-0.03,-0.18,-0.03,-0.20
06/21/2017,16.54,0.06,0.36,-0.11,-0.68
06/20/2017,16.48,-0.06,-0.36,-0.17,-1.01
06/19/2017,16.54,0.16,0.98,-0.03,-0.19
06/16/2017,16.38,0.01,0.06,-0.10,-0.59
06/15/2017,16.37,-0.26,-1.56,-0.07,-0.40
06/14/2017,16.63,-0.04,-0.24,-0.07,-0.39
06/13/2017,16.67,0.32,1.96,-0.03,-0.20
06/12/2017,16.35,-0.10,-0.61,-0.03,-0.20
06/09/2017,16.45,-0.16,-0.96,-0.08,-0.48
06/08/2017,16.61,0.04,0.24,0.00,-0.02
06/07/2017,16.57,0.31,1.91,0.01,0.06
06/06/2017,16.26,0.13,0.81,0.02,0.11
06/05/2017,16.13,-0.13,-0.80,-0.02,-0.14
06/02/2017,16.26,0.13,0.81,0.00,-0.01
06/01/2017,16.13,0.15,0.94,-0.13,-0.79
05/31/2017,15.98,-0.26,-1.60,-0.09,-0.59
05/30/2017,16.24,-0.08,-0.49,-0.02,-0.12
05/26/2017,16.32,-0.08,-0.49,0.02,0.10
05/25/2017,16.4,0.20,1.23,0.08,0.47
05/24/2017,16.2,0.00,0.00,-0.01,-0.06
05/23/2017,16.2,-0.14,-0.86,-0.04,-0.22
05/22/2017,16.34,0.17,1.05,0.02,0.11
05/19/2017,16.17,0.25,1.57,-0.01,-0.06
05/18/2017,15.92,-0.06,-0.38,-0.01,-0.05
05/17/2017,15.98,-0.11,-0.68,-0.14,-0.85
05/16/2017,16.09,0.03,0.19,0.03,0.20
05/15/2017,16.06,0.08,0.50,0.04,0.24
05/12/2017,15.98,0.06,0.38,0.06,0.35
05/11/2017,15.92,-0.08,-0.50,-0.02,-0.13
05/10/2017,16,-0.11,-0.68,0.04,0.25
05/09/2017,16.11,0.25,1.58,0.04,0.23
05/08/2017,15.86,-0.05,-0.31,-0.03,-0.19
05/05/2017,15.91,-0.20,-1.24,0.00,0.02
05/04/2017,16.11,-0.38,-2.30,-0.15,-0.93
05/03/2017,16.49,-0.01,-0.06,-0.05,-0.29
05/02/2017,16.5,-0.02,-0.12,-0.04,-0.23
05/01/2017,16.52,0.15,0.92,0.10,0.59
04/28/2017,16.37,0.01,0.06,-0.07,-0.45
04/27/2017,16.36,-0.25,-1.51,0.00,-0.00
04/26/2017,16.61,-0.06,-0.36,0.10,0.61
04/25/2017,16.67,0.23,1.40,0.08,0.47
04/24/2017,16.44,-0.22,-1.32,0.03,0.20
04/21/2017,16.66,0.05,0.30,0.07,0.43
04/20/2017,16.61,0.05,0.30,0.17,1.06
04/19/2017,16.56,-0.01,-0.06,0.08,0.48
04/18/2017,16.57,-0.46,-2.70,0.06,0.36
04/17/2017,17.03,0.05,0.29,0.09,0.56
04/13/2017,16.98,-0.06,-0.35,0.04,0.26
04/12/2017,17.04,-0.09,-0.53,-0.01,-0.08
04/11/2017,17.13,-0.03,-0.17,0.11,0.63
04/10/2017,17.16,-0.13,-0.75,0.05,0.27
04/07/2017,17.29,0.10,0.58,0.02,0.12
04/06/2017,17.19,-0.13,-0.75,0.08,0.47
04/05/2017,17.32,0.12,0.70,0.05,0.28
04/04/2017,17.2,0.07,0.41,0.19,1.11
04/03/2017,17.13,0.45,2.70,0.12,0.70
03/31/2017,16.68,0.05,0.30,0.07,0.44
03/30/2017,16.63,-0.02,-0.12,0.08,0.50
03/29/2017,16.65,-0.01,-0.06,0.02,0.10
03/28/2017,16.66,0.21,1.28,0.13,0.78
03/27/2017,16.45,-0.50,-2.95,0.16,0.96
03/24/2017,16.95,-0.27,-1.57,0.10,0.57
03/23/2017,17.22,0.17,1.00,0.20,1.16
03/22/2017,17.05,-0.12,-0.70,0.15,0.90
03/21/2017,17.17,-0.17,-0.98,-0.06,-0.37
03/20/2017,17.34,-0.04,-0.23,0.08,0.48
03/17/2017,17.38,-0.30,-1.70,-0.01,-0.08
03/16/2017,17.68,0.23,1.32,0.10,0.56
03/15/2017,17.45,0.46,2.71,0.37,2.16
03/14/2017,16.99,-0.21,-1.22,0.05,0.28
03/13/2017,17.2,0.47,2.81,0.16,0.91
03/10/2017,16.73,-0.07,-0.42,0.11,0.67
03/09/2017,16.8,-0.52,-3.00,0.04,0.22
03/08/2017,17.32,0.11,0.64,0.12,0.67
03/07/2017,17.21,-0.11,-0.64,0.03,0.19
03/06/2017,17.32,-0.05,-0.29,0.16,0.92
03/03/2017,17.37,0.09,0.52,0.38,2.25
03/02/2017,17.28,-0.21,-1.20,0.02,0.14
03/01/2017,17.49,0.37,2.16,0.20,1.15
02/28/2017,17.12,0.10,0.59,0.02,0.11
02/27/2017,17.02,-0.03,-0.18,-0.05,-0.29
02/24/2017,17.05,-0.52,-2.96,0.03,0.16
02/23/2017,17.57,-0.24,-1.35,0.11,0.60
02/22/2017,17.81,0.74,4.34,0.22,1.23
02/21/2017,17.07,0.29,1.73,0.09,0.53
02/17/2017,16.78,-0.11,-0.65,0.05,0.28
02/16/2017,16.89,-0.16,-0.94,0.07,0.41
02/15/2017,17.05,-0.24,-1.39,0.21,1.25
02/14/2017,17.29,0.09,0.52,0.36,2.10
02/13/2017,17.2,0.47,2.81,0.24,1.41
02/10/2017,16.73,0.01,0.06,0.02,0.12
02/09/2017,16.72,0.17,1.03,0.06,0.39
02/08/2017,16.55,0.17,1.04,-0.04,-0.25
02/07/2017,16.38,0.18,1.11,-0.02,-0.12
02/06/2017,16.2,-0.58,-3.46,-0.09,-0.54
02/03/2017,16.78,0.28,1.70,0.42,2.59
02/02/2017,16.5,-0.18,-1.08,0.01,0.06
02/01/2017,16.68,0.57,3.54,0.14,0.85
01/31/2017,16.11,-0.20,-1.23,-0.13,-0.79
01/30/2017,16.31,-0.18,-1.09,0.07,0.41
01/27/2017,16.49,0.06,0.37,0.25,1.53
01/26/2017,16.43,0.25,1.55,0.09,0.53
01/25/2017,16.18,0.06,0.37,0.07,0.44
01/24/2017,16.12,0.52,3.33,0.09,0.56
01/23/2017,15.6,0.26,1.69,0.03,0.19
01/20/2017,15.34,0.18,1.19,0.01,0.07
01/19/2017,15.16,-0.10,-0.66,-0.12,-0.80
01/18/2017,15.26,0.19,1.26,-0.02,-0.13
01/17/2017,15.07,0.15,1.01,0.00,-0.03
01/13/2017,14.92,0.00,0.00,-0.01,-0.07
01/12/2017,14.92,0.00,0.00,0.02,0.15
01/11/2017,14.92,0.35,2.40,-0.02,-0.16
01/10/2017,14.57,0.41,2.90,0.04,0.25
01/09/2017,14.16,0.03,0.21,-0.06,-0.39
01/06/2017,14.13,-0.14,-0.98,-0.02,-0.13
01/05/2017,14.27,0.21,1.49,0.05,0.32
01/04/2017,14.06,0.22,1.59,0.08,0.56
01/03/2017,13.84,0.08,0.58,-0.02,-0.11
12/30/2016,13.76,0.24,1.78,-0.10,-0.74
12/29/2016,13.52,0.05,0.37,-0.14,-1.03
12/28/2016,13.47,-0.10,-0.74,-0.17,-1.23
12/27/2016,13.57,0.01,0.07,-0.06,-0.47
12/23/2016,13.56,-0.02,-0.15,-0.08,-0.57
12/22/2016,13.58,-0.19,-1.38,-0.11,-0.83
12/21/2016,13.77,0.02,0.15,-0.10,-0.74
12/20/2016,13.75,-0.04,-0.29,-0.01,-0.08
12/19/2016,13.79,-0.14,-1.01,-0.05,-0.38
12/16/2016,13.93,-0.22,-1.55,-0.04,-0.31
12/15/2016,14.15,-0.21,-1.46,-0.03,-0.24
12/14/2016,14.36,-0.27,-1.85,-0.11,-0.74
12/13/2016,14.63,0.22,1.53,0.03,0.24
12/12/2016,14.41,-0.31,-2.11,-0.07,-0.52
12/09/2016,14.72,-0.06,-0.41,0.00,-0.03
12/08/2016,14.78,0.10,0.68,0.00,-0.01
12/07/2016,14.68,0.32,2.23,0.11,0.75
12/06/2016,14.36,0.16,1.13,0.06,0.43
12/05/2016,14.2,-0.10,-0.70,0.05,0.36
12/02/2016,14.3,-0.02,-0.14,0.03,0.20
12/01/2016,14.32,0.11,0.77,-0.06,-0.42
11/30/2016,14.21,-0.19,-1.32,0.03,0.24
11/29/2016,14.4,-0.01,-0.07,0.00,0.03
11/28/2016,14.41,0.08,0.56,-0.08,-0.52
11/25/2016,14.33,0.17,1.20,-0.06,-0.44
11/23/2016,14.16,-0.04,-0.28,-0.12,-0.87
11/22/2016,14.2,0.12,0.85,-0.06,-0.42
11/21/2016,14.08,0.15,1.08,0.04,0.30
11/18/2016,13.93,-0.15,-1.07,-0.02,-0.14
11/17/2016,14.08,0.18,1.29,0.05,0.39
11/16/2016,13.9,-0.06,-0.43,-0.05,-0.37
11/15/2016,13.96,-0.16,-1.13,0.04,0.26
11/14/2016,14.12,-0.12,-0.84,-0.01,-0.04
11/11/2016,14.24,0.27,1.93,-0.09,-0.64
11/10/2016,13.97,0.06,0.43,-0.11,-0.77
11/09/2016,13.91,0.13,0.94,0.25,1.84
11/08/2016,13.78,0.05,0.36,0.08,0.62
11/07/2016,13.73,0.33,2.46,0.09,0.65
11/04/2016,13.4,-0.10,-0.74,-0.09,-0.67
11/03/2016,13.5,0.03,0.22,-0.04,-0.28
11/02/2016,13.47,0.00,0.00,-0.07,-0.48
11/01/2016,13.47,-0.03,-0.22,-0.10,-0.77
10/31/2016,13.5,-0.05,-0.37,0.08,0.57
10/28/2016,13.55,-0.22,-1.60,-0.07,-0.49
10/27/2016,13.77,0.00,0.00,-0.03,-0.20
10/26/2016,13.77,-0.03,-0.22,-0.03,-0.25
10/25/2016,13.8,0.05,0.36,-0.05,-0.38
10/24/2016,13.75,0.09,0.66,-0.04,-0.26
10/21/2016,13.66,-0.01,-0.07,0.01,0.11
10/20/2016,13.67,-0.02,-0.15,0.03,0.19
10/19/2016,13.69,0.03,0.22,0.05,0.35
10/18/2016,13.66,0.19,1.41,-0.02,-0.15
10/17/2016,13.47,-0.13,-0.96,-0.01,-0.09
10/14/2016,13.6,0.15,1.12,0.02,0.15
10/13/2016,13.45,-0.07,-0.52,0.05,0.38
10/12/2016,13.52,-0.11,-0.81,-0.01,-0.05
10/11/2016,13.63,-0.31,-2.22,-0.09,-0.63
10/10/2016,13.94,0.07,0.50,0.06,0.41
10/07/2016,13.87,-0.06,-0.43,-0.01,-0.08
10/06/2016,13.93,0.08,0.58,0.00,0.03
10/05/2016,13.85,0.11,0.80,0.02,0.11
10/04/2016,13.74,0.06,0.44,-0.10,-0.72
10/03/2016,13.68,-0.01,-0.07,0.00,0.02
09/30/2016,13.69,0.01,0.07,0.11,0.82
09/29/2016,13.68,0.02,0.15,-0.09,-0.68
09/28/2016,13.66,0.00,0.00,0.10,0.76
09/27/2016,13.66,0.07,0.52,-0.01,-0.08
09/26/2016,13.59,-0.32,-2.30,-0.06,-0.42
09/23/2016,13.91,-0.24,-1.70,-0.07,-0.50
09/22/2016,14.15,0.08,0.57,0.06,0.43
09/21/2016,14.07,0.26,1.88,0.10,0.68
09/20/2016,13.81,0.09,0.66,-0.02,-0.17
09/19/2016,13.72,0.01,0.07,-0.06,-0.45
09/16/2016,13.71,-0.02,-0.15,0.01,0.08
09/15/2016,13.73,0.27,2.01,0.03,0.22
09/14/2016,13.46,0.04,0.30,-0.04,-0.31
09/13/2016,13.42,-0.33,-2.40,-0.07,-0.50
09/12/2016,13.75,-0.02,-0.15,0.17,1.23
09/09/2016,13.77,-0.20,-1.43,-0.27,-1.93
09/08/2016,13.97,0.03,0.22,0.03,0.20
09/07/2016,13.94,0.01,0.07,0.01,0.06
09/06/2016,13.93,0.47,3.49,-0.01,-0.06
09/02/2016,13.46,0.18,1.36,0.10,0.72
09/01/2016,13.28,-0.02,-0.15,0.02,0.14
08/31/2016,13.3,-0.12,-0.89,-0.01,-0.10
08/30/2016,13.42,0.08,0.60,0.02,0.13
08/29/2016,13.34,-0.04,-0.30,0.05,0.39
08/26/2016,13.38,-0.03,-0.22,-0.02,-0.16
08/25/2016,13.41,-0.06,-0.45,0.02,0.14
08/24/2016,13.47,0.05,0.37,-0.04,-0.32
08/23/2016,13.42,-0.01,-0.07,-0.03,-0.24
08/22/2016,13.43,-0.14,-1.03,-0.05,-0.33
08/19/2016,13.57,-0.12,-0.88,0.01,0.08
08/18/2016,13.69,0.10,0.74,0.04,0.32
08/17/2016,13.59,0.06,0.44,0.02,0.16
08/16/2016,13.53,0.09,0.67,0.04,0.30
08/15/2016,13.44,0.11,0.83,0.02,0.17
08/12/2016,13.33,-0.08,-0.60,-0.02,-0.14
08/11/2016,13.41,0.19,1.44,0.10,0.73
08/10/2016,13.22,-0.03,-0.23,0.01,0.06
08/09/2016,13.25,-0.03,-0.23,0.05,0.35
08/08/2016,13.28,0.17,1.30,0.10,0.78
08/05/2016,13.11,0.11,0.85,0.09,0.72
08/04/2016,13,0.04,0.31,0.08,0.59
08/03/2016,12.96,0.32,2.53,0.10,0.75
08/02/2016,12.64,-0.11,-0.86,-0.21,-1.61
08/01/2016,12.75,0.08,0.63,-0.10,-0.79
07/29/2016,12.67,-0.17,-1.32,0.08,0.65
07/28/2016,12.84,0.05,0.39,0.02,0.12
07/27/2016,12.79,-0.05,-0.39,0.01,0.11
07/26/2016,12.84,0.17,1.34,0.07,0.57
07/25/2016,12.67,-0.09,-0.71,0.02,0.17
07/22/2016,12.76,0.01,0.08,0.07,0.55
07/21/2016,12.75,-0.03,-0.23,-0.02,-0.17
07/20/2016,12.78,-0.20,-1.54,0.05,0.35
07/19/2016,12.98,-0.19,-1.44,0.27,2.10
07/18/2016,13.17,0.09,0.69,0.33,2.60
07/15/2016,13.08,0.06,0.46,0.22,1.71
07/14/2016,13.02,0.04,0.31,0.11,0.84
07/13/2016,12.98,0.01,0.08,0.04,0.28
07/12/2016,12.97,0.20,1.57,0.11,0.86
07/11/2016,12.77,-0.05,-0.39,0.09,0.69
07/08/2016,12.82,0.27,2.15,0.34,2.69
07/07/2016,12.55,-0.10,-0.79,-0.08,-0.59
07/06/2016,12.65,0.21,1.69,0.11,0.85
07/05/2016,12.44,0.01,0.08,0.01,0.10
07/01/2016,12.43,0.06,0.49,0.22,1.82
06/30/2016,12.37,-0.26,-2.06,0.16,1.28
06/29/2016,12.63,0.16,1.28,0.50,4.13
06/28/2016,12.47,0.32,2.63,0.44,3.62
06/27/2016,12.15,0.12,1.00,-0.06,-0.47
06/24/2016,12.03,-0.59,-4.68,-0.02,-0.16
06/23/2016,12.62,0.43,3.53,0.39,3.18
06/22/2016,12.19,0.06,0.49,-0.01,-0.12
06/21/2016,12.13,0.07,0.58,0.05,0.39
06/20/2016,12.06,12.06,0.00,0.01,0.08
06/17/2016,0,-12.12,-100.00,0.00,0.00
06/16/2016,12.12,0.21,1.76,0.16,1.32
06/15/2016,11.91,-0.31,-2.54,-0.04,-0.36
06/14/2016,12.22,-0.01,-0.08,0.30,2.52
06/13/2016,12.23,0.09,0.74,0.23,1.95
06/10/2016,12.14,-0.33,-2.65,-0.09,-0.71
06/09/2016,12.47,-0.16,-1.27,0.04,0.34
06/08/2016,12.63,0.08,0.64,0.20,1.60
06/07/2016,12.55,0.19,1.54,0.04,0.35
06/06/2016,12.36,0.24,1.98,0.11,0.89
06/03/2016,12.12,-0.08,-0.66,0.04,0.35
06/02/2016,12.2,-0.18,-1.45,0.12,0.95
06/01/2016,12.38,0.34,2.82,0.39,3.25
05/31/2016,12.04,-0.02,-0.17,0.11,0.95
05/27/2016,12.06,0.05,0.42,0.11,0.96
05/26/2016,12.01,0.01,0.08,0.04,0.29
05/25/2016,12,-0.04,-0.33,0.05,0.42
05/24/2016,12.04,-0.34,-2.75,0.17,1.47
05/23/2016,12.38,0.52,4.38,0.43,3.63
05/20/2016,11.86,0.10,0.85,-0.02,-0.15
05/19/2016,11.76,-0.20,-1.67,-0.08,-0.69
05/18/2016,11.96,0.26,2.22,-0.03,-0.24
05/17/2016,11.7,-0.50,-4.10,-0.43,-3.54
05/16/2016,12.2,0.38,3.21,0.26,2.14
05/13/2016,11.82,-0.17,-1.42,0.02,0.14
05/12/2016,11.99,-0.13,-1.07,-0.05,-0.39
05/11/2016,12.12,-0.11,-0.90,0.00,-0.03
05/10/2016,12.23,0.08,0.66,0.20,1.69
05/09/2016,12.15,-0.40,-3.19,0.08,0.68
05/06/2016,12.55,0.15,1.21,0.33,2.66
05/05/2016,12.4,-0.03,-0.24,-0.05,-0.42
05/04/2016,12.43,-0.04,-0.32,-0.03,-0.26
05/03/2016,12.47,-0.14,-1.11,-0.19,-1.50
05/02/2016,12.61,0.09,0.72,-0.07,-0.57
04/29/2016,12.52,-0.35,-2.72,-0.19,-1.46
04/28/2016,12.87,0.43,3.46,0.14,1.13
04/27/2016,12.44,0.06,0.48,-0.26,-2.04
04/26/2016,12.38,-0.09,-0.72,-0.29,-2.25
04/25/2016,12.47,-0.39,-3.03,-0.24,-1.89
04/22/2016,12.86,0.28,2.23,0.04,0.34
04/21/2016,12.58,-0.20,-1.56,-0.52,-3.93
04/20/2016,12.78,-0.18,-1.39,-0.14,-1.06
04/19/2016,12.96,0.33,2.61,-0.08,-0.61
04/18/2016,12.63,-0.01,-0.08,-0.08,-0.67
04/15/2016,12.64,-0.22,-1.71,-0.24,-1.88
04/14/2016,12.86,-0.10,-0.77,-0.05,-0.42
04/13/2016,12.96,0.42,3.35,-0.05,-0.39
04/12/2016,12.54,0.24,1.95,-0.22,-1.70
04/11/2016,12.3,0.21,1.74,-0.38,-2.99
04/08/2016,12.09,-0.38,-3.05,-0.20,-1.63
04/07/2016,12.47,0.38,3.14,0.14,1.11
04/06/2016,12.09,0.24,2.03,-0.20,-1.61
04/05/2016,11.85,-0.12,-1.00,-0.41,-3.37
04/04/2016,11.97,11.97,0.00,-0.39,-3.18
04/01/2016,0,-12.10,-100.00,0.00,0.00
03/31/2016,12.1,12.10,0.00,-0.31,-2.53
03/30/2016,0,-12.17,-100.00,0.00,0.00
03/29/2016,12.17,0.19,1.59,-0.04,-0.30
03/28/2016,11.98,-0.14,-1.16,-0.25,-2.05
03/24/2016,12.12,-0.18,-1.46,-0.11,-0.90
03/23/2016,12.3,-0.17,-1.36,-0.18,-1.46
03/22/2016,12.47,-0.15,-1.19,-0.03,-0.26
03/21/2016,12.62,0.03,0.24,0.02,0.14
03/18/2016,12.59,0.17,1.37,0.03,0.27
03/17/2016,12.42,0.18,1.47,0.04,0.30
03/16/2016,12.24,0.24,2.00,0.15,1.28
03/15/2016,12,-0.06,-0.50,-0.25,-2.07
03/14/2016,12.06,-0.03,-0.25,-0.34,-2.71
03/11/2016,12.09,0.46,3.96,-0.22,-1.81
03/10/2016,11.63,-0.18,-1.52,-0.33,-2.74
03/09/2016,11.81,-0.25,-2.07,-0.25,-2.11
03/08/2016,12.06,0.07,0.58,-0.42,-3.36
03/07/2016,11.99,-0.21,-1.72,-0.48,-3.87
03/04/2016,12.2,0.46,3.92,-0.12,-1.00
03/03/2016,11.74,-0.01,-0.09,-0.27,-2.25
03/02/2016,11.75,0.03,0.26,-0.19,-1.58
03/01/2016,11.72,0.14,1.21,0.17,1.49
02/29/2016,11.58,0.47,4.23,0.43,3.85
02/26/2016,11.11,0.11,1.00,-0.22,-1.97
02/25/2016,11,-0.06,-0.54,-0.05,-0.47
02/24/2016,11.06,0.24,2.22,-0.29,-2.56
02/23/2016,10.82,-0.24,-2.17,-0.50,-4.42
02/22/2016,11.06,0.33,3.08,-0.13,-1.18
02/19/2016,10.73,0.04,0.37,-0.31,-2.84
02/18/2016,10.69,-0.26,-2.37,-0.29,-2.66
02/17/2016,10.95,0.29,2.72,0.19,1.78
02/16/2016,10.66,0.42,4.10,-0.14,-1.30
02/12/2016,10.24,0.00,0.00,-0.02,-0.19
02/11/2016,10.24,0.19,1.89,-0.09,-0.84
02/10/2016,10.05,-0.27,-2.62,-0.59,-5.56
02/09/2016,10.32,0.02,0.19,-0.31,-2.95
02/08/2016,10.3,-0.03,-0.29,-0.35,-3.25
02/05/2016,10.33,0.08,0.78,-0.31,-2.94
02/04/2016,10.25,-0.21,-2.01,-0.22,-2.12
02/03/2016,10.46,0.26,2.55,0.14,1.38
02/02/2016,10.2,-0.22,-2.11,-0.29,-2.73
02/01/2016,10.42,-0.38,-3.52,-0.10,-0.99
01/29/2016,10.8,0.27,2.56,0.15,1.39
01/28/2016,10.53,0.17,1.64,-0.02,-0.18
01/27/2016,10.36,-0.26,-2.45,-0.11,-1.08
01/26/2016,10.62,0.02,0.19,0.21,2.01
01/25/2016,10.6,-0.26,-2.39,-0.29,-2.63
01/22/2016,10.86,0.39,3.72,0.13,1.23
01/21/2016,10.47,-0.57,-5.16,0.14,1.35
01/20/2016,11.04,0.22,2.03,0.43,4.02
01/19/2016,10.82,0.33,3.15,-0.20,-1.77
01/15/2016,10.49,-0.80,-7.09,-0.26,-2.45
01/14/2016,11.29,0.55,5.12,0.20,1.76
01/13/2016,10.74,-0.54,-4.79,-0.40,-3.61
01/12/2016,11.28,0.17,1.53,0.20,1.83
01/11/2016,11.11,0.14,1.28,-0.07,-0.59
01/08/2016,10.97,-0.16,-1.44,-0.62,-5.32
01/07/2016,11.13,-0.81,-6.78,-0.29,-2.58
01/06/2016,11.94,0.03,0.25,-0.02,-0.19
01/05/2016,11.91,0.22,1.88,0.03,0.25
01/04/2016,11.69,0.00,0.00,-0.06,-0.55
12/31/15,--,--,--,-0.21,-1.73
12/30/15,--,--,--,-0.19,-1.52
12/29/15,--,--,--,-0.03,-0.22
12/28/15,--,--,--,0.08,0.61
12/24/15,--,--,--,-0.12,-0.91
12/23/15,--,--,--,0.09,0.69
12/22/15,--,--,--,-0.03,-0.23
12/21/15,--,--,--,0.19,1.52
12/18/15,--,--,--,-0.11,-0.89
12/17/15,--,--,--,-0.25,-1.96
12/16/15,--,--,--,-0.06,-0.46
12/15/15,--,--,--,0.16,1.29
12/14/15,--,--,--,0.00,-0.03
12/11/15,--,--,--,-0.29,-2.36
12/10/15,--,--,--,-0.09,-0.74
12/9/15,--,--,--,-0.19,-1.49
12/8/15,--,--,--,-0.10,-0.82
12/7/15,--,--,--,-0.03,-0.24
12/4/15,--,--,--,0.17,1.32
12/3/15,--,--,--,-0.28,-2.14
12/2/15,--,--,--,-0.22,-1.69
12/1/15,--,--,--,0.09,0.67
11/30/15,--,--,--,0.12,0.92
11/27/15,--,--,--,-0.02,-0.19
11/25/15,--,--,--,-0.01,-0.05
11/24/15,--,--,--,0.01,0.04
11/23/15,--,--,--,-0.13,-1.00
11/20/15,--,--,--,0.00,-0.03
11/19/15,--,--,--,-0.04,-0.29
11/18/15,--,--,--,0.20,1.59
11/17/15,--,--,--,-0.02,-0.17
11/16/15,--,--,--,0.29,2.22
11/13/15,--,--,--,-0.41,-3.11
11/12/15,--,--,--,-0.39,-2.95
11/11/15,--,--,--,-0.10,-0.72
11/10/15,--,--,--,-0.01,-0.09
11/9/15,--,--,--,-0.08,-0.61
11/6/15,--,--,--,0.17,1.27
11/5/15,--,--,--,0.24,1.73
11/4/15,--,--,--,0.01,0.09
11/3/15,--,--,--,0.29,2.21
11/2/15,--,--,--,0.38,2.87
10/30/15,--,--,--,-0.08,-0.60
10/29/15,--,--,--,0.07,0.52
10/28/15,--,--,--,-0.20,-1.49
10/27/15,--,--,--,0.02,0.15
10/26/15,--,--,--,0.26,1.90
10/23/15,--,--,--,0.47,3.43
10/22/15,--,--,--,0.37,2.73
10/21/15,--,--,--,0.04,0.27
10/20/15,--,--,--,0.06,0.46
10/19/15,--,--,--,-0.04,-0.26
10/16/15,--,--,--,0.12,0.88
10/15/15,--,--,--,0.25,1.83
10/14/15,--,--,--,0.04,0.31
10/13/15,--,--,--,-0.05,-0.36
10/12/15,--,--,--,-0.09,-0.69
10/9/15,--,--,--,0.19,1.43
10/8/15,--,--,--,0.40,3.02
10/7/15,--,--,--,0.13,1.00
10/6/15,--,--,--,0.19,1.51
10/5/15,--,--,--,0.37,2.91
10/2/15,--,--,--,0.28,2.24
10/1/15,--,--,--,0.32,2.62
9/30/15,--,--,--,0.22,1.78
9/29/15,--,--,--,0.18,1.54
9/28/15,--,--,--,-0.26,-2.08
9/25/15,--,--,--,0.11,0.93
9/24/15,--,--,--,0.11,0.84
9/23/15,--,--,--,0.16,1.29
9/22/15,--,--,--,0.00,-0.03
9/21/15,--,--,--,0.17,1.31
9/18/15,--,--,--,-0.18,-1.37
9/17/15,--,--,--,0.32,2.43
9/16/15,--,--,--,0.39,3.04
9/15/15,--,--,--,0.30,2.35
9/14/15,--,--,--,0.17,1.33
9/11/15,--,--,--,0.32,2.50
9/10/15,--,--,--,0.21,1.68
9/9/15,--,--,--,-0.15,-1.18
9/8/15,--,--,--,0.30,2.44
9/4/15,--,--,--,-0.14,-1.20
9/3/15,--,--,--,0.17,1.43
9/2/15,--,--,--,0.08,0.64
9/1/15,--,--,--,-0.22,-1.86
8/31/15,--,--,--,-0.01,-0.11
8/28/15,--,--,--,0.11,0.82
8/27/15,--,--,--,0.16,1.22
8/26/15,--,--,--,0.28,2.28
8/25/15,--,--,--,0.22,1.78
8/24/15,--,--,--,0.08,0.67
8/21/15,--,--,--,-0.36,-2.67
8/20/15,--,--,--,-0.17,-1.24
8/19/15,--,--,--,-0.11,-0.73
8/18/15,--,--,--,0.10,0.71
8/17/15,--,--,--,0.12,0.78
8/14/15,--,--,--,0.11,0.74
8/13/15,--,--,--,0.28,1.85
8/12/15,--,--,--,0.04,0.26
8/11/15,--,--,--,0.04,0.25
8/10/15,--,--,--,0.23,1.49
8/7/15,--,--,--,-0.05,-0.34
8/6/15,--,--,--,-0.03,-0.20
8/5/15,--,--,--,0.02,0.12
8/4/15,--,--,--,0.00,0.02
8/3/15,--,--,--,0.06,0.42
7/31/15,--,--,--,0.08,0.57
7/30/15,--,--,--,0.16,1.09
7/29/15,--,--,--,0.21,1.43
7/28/15,--,--,--,0.19,1.26
7/27/15,--,--,--,-0.15,-1.00
7/24/15,--,--,--,-0.11,-0.68
7/23/15,--,--,--,-0.05,-0.33
7/22/15,--,--,--,0.06,0.35
7/21/15,--,--,--,-0.07,-0.45
7/20/15,--,--,--,0.18,1.13
7/17/15,--,--,--,0.19,1.20
7/16/15,--,--,--,0.30,1.89
7/15/15,--,--,--,0.02,0.13
7/14/15,--,--,--,0.20,1.26
7/13/15,--,--,--,0.27,1.66
7/10/15,--,--,--,0.04,0.28
7/9/15,--,--,--,0.03,0.23
7/8/15,--,--,--,0.10,0.75
7/7/15,--,--,--,0.29,1.98
7/6/15,--,--,--,0.14,0.91
7/2/15,--,--,--,0.19,1.06
7/1/15,--,--,--,0.01,0.08
6/30/15,--,--,--,-0.15,-0.81
6/29/15,--,--,--,-0.21,-1.16
6/26/15,--,--,--,-0.05,-0.25
6/25/15,--,--,--,0.14,0.71
6/24/15,--,--,--,0.06,0.33
6/23/15,--,--,--,0.29,1.53
6/22/15,--,--,--,-0.03,-0.14
6/19/15,--,--,--,0.16,0.86
6/18/15,--,--,--,0.54,2.86
6/17/15,--,--,--,-0.11,-0.59
6/16/15,--,--,--,0.26,1.41
6/15/15,--,--,--,0.14,0.76
6/12/15,--,--,--,-0.08,-0.40
6/11/15,--,--,--,0.27,1.42
6/10/15,--,--,--,0.25,1.33
6/9/15,--,--,--,0.15,0.78
6/8/15,--,--,--,0.13,0.65
6/5/15,--,--,--,0.17,0.88
6/4/15,--,--,--,0.04,0.23
6/3/15,--,--,--,0.35,1.73
6/2/15,--,--,--,-0.19,-0.92
6/1/15,--,--,--,-0.08,-0.36
5/29/15,--,--,--,-0.41,-2.02
5/28/15,--,--,--,0.09,0.46
5/27/15,--,--,--,0.25,1.19
5/26/15,--,--,--,0.05,0.26
5/22/15,--,--,--,0.43,2.14
5/21/15,--,--,--,0.29,1.47
5/20/15,--,--,--,0.28,1.42
5/19/15,--,--,--,0.16,0.82
5/18/15,--,--,--,-0.14,-0.70
5/15/15,--,--,--,0.07,0.34
5/14/15,--,--,--,0.06,0.31
5/13/15,--,--,--,0.08,0.39
5/12/15,--,--,--,0.22,1.11
5/11/15,--,--,--,0.15,0.76
5/8/15,--,--,--,0.24,1.23
5/7/15,--,--,--,0.15,0.79
5/6/15,--,--,--,-0.02,-0.10
5/5/15,--,--,--,0.19,0.92
5/4/15,--,--,--,0.49,2.36
5/1/15,--,--,--,0.51,2.50
4/30/15,--,--,--,0.20,0.98
4/29/15,--,--,--,-0.13,-0.63
4/28/15,--,--,--,0.21,1.03
4/27/15,--,--,--,0.06,0.30
4/24/15,--,--,--,0.05,0.26
4/23/15,--,--,--,-0.13,-0.65
4/22/15,--,--,--,0.26,1.33
4/21/15,--,--,--,0.14,0.73
4/20/15,--,--,--,0.25,1.35
4/17/15,--,--,--,-0.08,-0.40
4/16/15,--,--,--,0.21,1.08
4/15/15,--,--,--,0.18,0.96
4/14/15,--,--,--,0.24,1.20
4/13/15,--,--,--,-0.08,-0.38
4/10/15,--,--,--,0.37,1.87
4/9/15,--,--,--,0.68,3.48
4/8/15,--,--,--,0.34,1.83
4/7/15,--,--,--,0.48,2.89
4/6/15,--,--,--,0.21,1.25
4/2/15,--,--,--,0.24,1.44
4/1/15,--,--,--,0.17,1.08
3/31/15,--,--,--,0.01,0.06
3/30/15,--,--,--,-0.13,-0.81
3/27/15,--,--,--,0.15,1.02
3/26/15,--,--,--,0.05,0.31
3/25/15,--,--,--,-0.06,-0.40
3/24/15,--,--,--,0.06,0.40
3/23/15,--,--,--,0.03,0.21
3/20/15,--,--,--,0.13,0.91
3/19/15,--,--,--,0.06,0.39
3/18/15,--,--,--,0.22,1.47
3/17/15,--,--,--,0.10,0.67
3/16/15,--,--,--,0.17,1.17
3/13/15,--,--,--,0.05,0.34
3/12/15,--,--,--,0.13,0.91
3/11/15,--,--,--,-0.02,-0.14
3/10/15,--,--,--,-0.11,-0.73
3/9/15,--,--,--,0.02,0.13
3/6/15,--,--,--,-0.17,-1.08
3/5/15,--,--,--,0.01,0.05
3/4/15,--,--,--,0.01,0.04
3/3/15,--,--,--,0.01,0.04
3/2/15,--,--,--,0.08,0.54
2/27/15,--,--,--,0.06,0.38
2/26/15,--,--,--,0.01,0.09
2/25/15,--,--,--,0.01,0.04
2/24/15,--,--,--,0.07,0.44
2/23/15,--,--,--,-0.04,-0.30
2/20/15,--,--,--,0.07,0.50
2/19/15,--,--,--,0.03,0.20
2/18/15,--,--,--,0.01,0.07
2/17/15,--,--,--,0.06,0.40
2/13/15,--,--,--,0.05,0.31
2/12/15,--,--,--,0.11,0.72
2/11/15,--,--,--,0.11,0.74
2/10/15,--,--,--,0.12,0.82
2/9/15,--,--,--,0.02,0.14
2/6/15,--,--,--,0.01,0.05
2/5/15,--,--,--,0.16,1.10
2/4/15,--,--,--,0.20,1.36
2/3/15,--,--,--,0.20,1.39
2/2/15,--,--,--,0.17,1.20
1/30/15,--,--,--,-0.08,-0.54
1/29/15,--,--,--,0.16,1.10
1/28/15,--,--,--,-0.14,-0.96
1/27/15,--,--,--,-0.03,-0.18
1/26/15,--,--,--,0.21,1.38
1/23/15,--,--,--,0.19,1.24
1/22/15,--,--,--,0.36,2.39
1/21/15,--,--,--,0.26,1.76
1/20/15,--,--,--,0.09,0.59
1/16/15,--,--,--,0.10,0.70
1/15/15,--,--,--,-0.04,-0.24
1/14/15,--,--,--,-0.04,-0.29
1/13/15,--,--,--,0.16,1.06
1/12/15,--,--,--,0.08,0.50
1/9/15,--,--,--,0.35,2.29
1/8/15,--,--,--,0.39,2.53
1/7/15,--,--,--,0.28,1.78
1/6/15,--,--,--,0.10,0.67
1/5/15,--,--,--,0.04,0.27
1/2/15,--,--,--,-0.11,-0.73
1/1/15,--,--,--,0.33,2.27
