"Global X Gold Explorers ETF",,,,,
Date,"Closing Price","Daily Change","Daily Change %",Premium/Discount,"Premium/Discount %"
03/20/2019,22.42,0.56,2.56,0.21,0.94
03/19/2019,21.86,0.05,0.23,-0.12,-0.56
03/18/2019,21.81,-0.02,-0.09,-0.03,-0.14
03/15/2019,21.83,-0.22,-1.00,-0.17,-0.79
03/14/2019,22.05,-0.27,-1.21,-0.07,-0.34
03/13/2019,22.32,0.11,0.50,-0.13,-0.56
03/12/2019,22.21,0.37,1.69,-0.11,-0.48
03/11/2019,21.84,0.03,0.14,-0.13,-0.59
03/08/2019,21.81,0.63,2.97,-0.06,-0.26
03/07/2019,21.18,-0.01,-0.05,-0.14,-0.66
03/06/2019,21.19,-0.06,-0.28,0.07,0.35
03/05/2019,21.25,-0.08,-0.38,-0.11,-0.50
03/04/2019,21.33,-0.12,-0.56,-0.04,-0.18
03/01/2019,21.45,-0.48,-2.19,-0.22,-1.02
02/28/2019,21.93,-0.32,-1.44,-0.08,-0.35
02/27/2019,22.25,-0.27,-1.20,0.07,0.31
02/26/2019,22.52,0.01,0.04,-0.07,-0.30
02/25/2019,22.51,-0.51,-2.22,-0.03,-0.14
02/22/2019,23.02,0.37,1.63,0.13,0.57
02/21/2019,22.65,-0.20,-0.88,-0.20,-0.85
02/20/2019,22.85,0.07,0.31,-0.11,-0.46
02/19/2019,22.78,0.83,3.78,0.15,0.67
02/15/2019,21.95,0.37,1.71,0.00,-0.01
02/14/2019,21.58,0.05,0.23,-0.10,-0.48
02/13/2019,21.53,0.11,0.51,-0.17,-0.78
02/12/2019,21.42,-0.09,-0.42,-0.09,-0.43
02/11/2019,21.51,-0.05,-0.23,-0.08,-0.37
02/08/2019,21.56,0.21,0.98,-0.15,-0.68
02/07/2019,21.35,-0.52,-2.38,-0.12,-0.54
02/06/2019,21.87,-0.06,-0.27,-0.11,-0.49
02/05/2019,21.93,-0.08,-0.36,-0.20,-0.89
02/04/2019,22.01,-0.02,-0.09,-0.03,-0.13
02/01/2019,22.03,-0.15,-0.68,-0.13,-0.58
01/31/2019,22.18,0.33,1.51,-0.07,-0.33
01/30/2019,21.85,0.51,2.39,0.15,0.70
01/29/2019,21.34,0.44,2.11,-0.08,-0.39
01/28/2019,20.9,0.35,1.70,-0.06,-0.27
01/25/2019,20.55,0.70,3.53,-0.12,-0.59
01/24/2019,19.85,0.10,0.51,-0.14,-0.69
01/23/2019,19.75,-0.06,-0.30,-0.19,-0.96
01/22/2019,19.81,0.18,0.92,0.01,0.03
01/18/2019,19.63,-0.51,-2.53,-0.16,-0.81
01/17/2019,20.14,0.03,0.15,-0.02,-0.10
01/16/2019,20.11,0.17,0.85,-0.14,-0.69
01/15/2019,19.94,-0.38,-1.87,-0.34,-1.70
01/14/2019,20.32,-0.03,-0.15,-0.18,-0.86
01/11/2019,20.35,-0.21,-1.02,-0.09,-0.44
01/10/2019,20.56,-0.21,-1.01,-0.13,-0.64
01/09/2019,20.77,0.32,1.56,-0.08,-0.40
01/08/2019,20.45,-0.15,-0.73,-0.20,-0.96
01/07/2019,20.6,-0.07,-0.34,-0.08,-0.37
01/04/2019,20.67,-0.09,-0.43,-0.24,-1.16
01/03/2019,20.76,0.76,3.80,-0.10,-0.48
01/02/2019,20,0.15,0.76,-0.16,-0.80
12/31/2018,19.85,0.26,1.33,-0.13,-0.66
12/28/2018,19.59,0.08,0.41,-0.11,-0.56
12/27/2018,19.51,-0.10,-0.51,-0.16,-0.84
12/26/2018,19.61,0.11,0.56,0.00,0.02
12/24/2018,19.5,0.47,2.47,-0.10,-0.53
12/21/2018,19.03,-0.14,-0.73,-0.23,-1.18
12/20/2018,19.17,0.39,2.08,-0.04,-0.22
12/19/2018,18.78,-0.55,-2.85,-0.17,-0.88
12/18/2018,19.33,0.45,2.38,0.06,0.29
12/17/2018,18.88,0.63,3.45,-0.07,-0.37
12/14/2018,18.25,-0.35,-1.88,-0.15,-0.82
12/13/2018,18.6,0.07,0.38,-0.09,-0.46
12/12/2018,18.53,0.01,0.05,-0.21,-1.14
12/11/2018,18.52,-0.03,-0.16,0.02,0.12
12/10/2018,18.55,0.00,0.00,-0.01,-0.03
12/07/2018,18.55,0.71,3.98,-0.05,-0.27
12/06/2018,17.84,-0.35,-1.92,-0.22,-1.22
12/05/2018,18.19,0.00,0.00,0.00,0.00
12/04/2018,18.19,0.14,0.78,0.02,0.11
12/03/2018,18.05,0.26,1.46,-0.13,-0.72
11/30/2018,17.79,-0.09,-0.50,-0.14,-0.76
11/29/2018,17.88,0.09,0.51,-0.03,-0.19
11/28/2018,17.79,0.12,0.68,-0.12,-0.68
11/27/2018,17.67,-0.40,-2.21,-0.09,-0.49
11/26/2018,18.07,-0.48,-2.59,-0.02,-0.11
11/23/2018,18.55,-0.08,-0.43,0.20,1.08
11/21/2018,18.63,0.28,1.53,-0.11,-0.61
11/20/2018,18.35,-0.12,-0.65,-0.23,-1.23
11/19/2018,18.47,0.17,0.93,-0.20,-1.05
11/16/2018,18.3,0.32,1.78,-0.24,-1.30
11/15/2018,17.98,0.09,0.50,-0.23,-1.26
11/14/2018,17.89,0.22,1.25,-0.12,-0.68
11/13/2018,17.67,-0.22,-1.23,-0.04,-0.22
11/12/2018,17.89,-0.26,-1.43,-0.13,-0.72
11/09/2018,18.15,-0.32,-1.73,-0.21,-1.15
11/08/2018,18.47,-0.01,-0.05,-0.07,-0.36
11/07/2018,18.48,-0.44,-2.33,-0.23,-1.23
11/06/2018,18.92,-0.28,-1.46,0.10,0.53
11/05/2018,19.2,0.67,3.62,0.32,1.69
11/02/2018,18.53,-0.43,-2.27,-0.38,-2.02
11/01/2018,18.96,0.55,2.99,0.06,0.29
10/31/2018,18.41,-0.28,-1.50,-0.09,-0.47
10/30/2018,18.69,-0.14,-0.74,-0.13,-0.68
10/29/2018,18.83,-0.33,-1.72,-0.11,-0.56
10/26/2018,19.16,-0.14,-0.73,0.05,0.28
10/25/2018,19.3,-0.25,-1.28,0.15,0.80
10/24/2018,19.55,-0.29,-1.46,-0.17,-0.85
10/23/2018,19.84,0.12,0.61,-0.01,-0.03
10/22/2018,19.72,-0.13,-0.65,-0.14,-0.73
10/19/2018,19.85,0.07,0.35,-0.14,-0.72
10/18/2018,19.78,-0.12,-0.60,-0.05,-0.24
10/17/2018,19.9,-0.05,-0.25,-0.02,-0.11
10/16/2018,19.95,0.01,0.05,-0.15,-0.74
10/15/2018,19.94,0.27,1.37,0.01,0.03
10/12/2018,19.67,0.09,0.46,-0.13,-0.64
10/11/2018,19.58,1.00,5.38,0.02,0.09
10/10/2018,18.58,0.02,0.11,-0.09,-0.47
10/09/2018,18.56,-0.20,-1.07,-0.01,-0.05
10/08/2018,18.76,-0.04,-0.21,-0.15,-0.78
10/05/2018,18.8,-0.12,-0.63,-0.18,-0.95
10/04/2018,18.92,-0.13,-0.68,-0.26,-1.33
10/03/2018,19.05,0.08,0.42,-0.12,-0.65
10/02/2018,18.97,0.29,1.55,-0.13,-0.69
10/01/2018,18.68,0.11,0.59,0.00,-0.03
09/28/2018,18.57,0.29,1.59,-0.10,-0.54
09/27/2018,18.28,-0.48,-2.56,-0.08,-0.43
09/26/2018,18.76,-0.14,-0.74,0.00,0.01
09/25/2018,18.9,-0.09,-0.47,-0.07,-0.39
09/24/2018,18.99,-0.19,-0.99,-0.03,-0.16
09/21/2018,19.18,-0.12,-0.62,-0.05,-0.25
09/20/2018,19.3,0.35,1.85,0.00,-0.00
09/19/2018,18.95,0.56,3.05,-0.02,-0.12
09/18/2018,18.39,-0.14,-0.76,-0.18,-0.97
09/17/2018,18.53,0.25,1.37,-0.12,-0.63
09/14/2018,18.28,-0.02,-0.11,-0.08,-0.44
09/13/2018,18.3,-0.14,-0.76,-0.13,-0.71
09/12/2018,18.44,0.52,2.90,-0.02,-0.12
09/11/2018,17.92,-0.09,-0.50,0.02,0.13
09/10/2018,18.01,0.05,0.28,0.08,0.45
09/07/2018,17.96,-0.09,-0.50,-0.21,-1.16
09/06/2018,18.05,-0.07,-0.39,-0.04,-0.20
09/05/2018,18.12,-0.37,-2.00,-0.07,-0.39
09/04/2018,18.49,-0.64,-3.35,-0.03,-0.16
08/31/2018,19.13,0.05,0.26,-0.07,-0.37
08/30/2018,19.08,-0.44,-2.25,-0.18,-0.95
08/29/2018,19.52,-0.08,-0.41,-0.03,-0.13
08/28/2018,19.6,-0.25,-1.26,-0.12,-0.62
08/27/2018,19.85,0.29,1.48,-0.05,-0.23
08/24/2018,19.56,0.81,4.32,0.03,0.14
08/23/2018,18.75,-0.69,-3.55,-0.21,-1.12
08/22/2018,19.44,-0.04,-0.21,-0.01,-0.05
08/21/2018,19.48,0.16,0.83,0.03,0.17
08/20/2018,19.32,0.27,1.42,0.05,0.28
08/17/2018,19.05,0.30,1.60,0.05,0.28
08/16/2018,18.75,-0.23,-1.21,-0.02,-0.13
08/15/2018,18.98,-1.08,-5.38,-0.17,-0.91
08/14/2018,20.06,0.11,0.55,-0.03,-0.14
08/13/2018,19.95,-0.66,-3.20,-0.17,-0.84
08/10/2018,20.61,-0.25,-1.20,-0.15,-0.74
08/09/2018,20.86,0.03,0.14,0.06,0.30
08/08/2018,20.83,0.06,0.29,0.08,0.36
08/07/2018,20.77,-0.40,-1.89,-0.13,-0.61
08/06/2018,21.17,-0.07,-0.33,-0.01,-0.05
08/03/2018,21.24,0.13,0.62,0.04,0.17
08/02/2018,21.11,-0.27,-1.26,-0.12,-0.57
08/01/2018,21.38,-0.14,-0.65,-0.05,-0.22
07/31/2018,21.52,-0.14,-0.65,0.05,0.23
07/30/2018,21.66,-0.35,-1.59,0.00,0.01
07/27/2018,22.01,-0.19,-0.86,0.08,0.37
07/26/2018,22.2,-0.23,-1.03,0.03,0.14
07/25/2018,22.43,0.28,1.26,0.09,0.39
07/24/2018,22.15,0.14,0.64,0.00,0.01
07/23/2018,22.01,-0.27,-1.21,-0.11,-0.48
07/20/2018,22.28,0.17,0.77,-0.02,-0.07
07/19/2018,22.11,-0.07,-0.32,-0.10,-0.47
07/18/2018,22.18,0.06,0.27,0.04,0.19
07/17/2018,22.12,-0.14,-0.63,-0.06,-0.28
07/16/2018,22.26,-0.17,-0.76,-0.06,-0.27
07/13/2018,22.43,-0.21,-0.93,-0.08,-0.34
07/12/2018,22.64,0.15,0.67,-0.11,-0.50
07/11/2018,22.49,-0.35,-1.53,-0.16,-0.70
07/10/2018,22.84,-0.03,-0.13,-0.12,-0.52
07/09/2018,22.87,0.11,0.48,-0.19,-0.80
07/06/2018,22.76,0.15,0.66,-0.12,-0.51
07/05/2018,22.61,0.25,1.12,-0.09,-0.39
07/03/2018,22.36,0.27,1.22,-0.14,-0.61
07/02/2018,22.09,-0.09,-0.41,-0.07,-0.31
06/29/2018,22.18,0.22,1.00,-0.19,-0.84
06/28/2018,21.96,-0.10,-0.45,-0.09,-0.39
06/27/2018,22.06,-0.13,-0.59,-0.01,-0.06
06/26/2018,22.19,-0.09,-0.40,-0.05,-0.22
06/25/2018,22.28,-0.21,-0.93,-0.01,-0.06
06/22/2018,22.49,0.20,0.90,-0.03,-0.13
06/21/2018,22.29,0.14,0.63,-0.04,-0.17
06/20/2018,22.15,-0.08,-0.36,0.00,-0.01
06/19/2018,22.23,-0.27,-1.20,-0.07,-0.30
06/18/2018,22.5,-0.02,-0.09,-0.03,-0.14
06/15/2018,22.52,-0.25,-1.10,-0.03,-0.15
06/14/2018,22.77,0.05,0.22,-0.16,-0.69
06/13/2018,22.72,0.03,0.13,-0.02,-0.09
06/12/2018,22.69,-0.17,-0.74,-0.10,-0.44
06/11/2018,22.86,0.14,0.62,0.00,0.02
06/08/2018,22.72,-0.16,-0.70,-0.05,-0.21
06/07/2018,22.88,-0.05,-0.22,-0.09,-0.41
06/06/2018,22.93,0.16,0.70,-0.10,-0.45
06/05/2018,22.77,0.00,0.00,0.01,0.06
06/04/2018,22.77,0.00,0.00,-0.02,-0.09
06/01/2018,22.77,-0.09,-0.39,0.02,0.10
05/31/2018,22.86,0.00,0.00,0.09,0.39
05/30/2018,22.86,0.26,1.15,-0.04,-0.16
05/29/2018,22.6,-0.19,-0.83,-0.01,-0.06
05/25/2018,22.79,-0.46,-1.98,0.02,0.08
05/24/2018,23.25,0.41,1.80,0.17,0.74
05/23/2018,22.84,0.00,0.00,0.05,0.22
05/22/2018,22.84,-0.09,-0.39,0.08,0.33
05/21/2018,22.93,0.06,0.26,0.04,0.16
05/18/2018,22.87,0.09,0.40,0.05,0.20
05/17/2018,22.78,0.02,0.09,-0.07,-0.29
05/16/2018,22.76,0.01,0.04,0.03,0.12
05/15/2018,22.75,-0.46,-1.98,0.01,0.03
05/14/2018,23.21,-0.28,-1.19,-0.08,-0.34
05/11/2018,23.49,0.04,0.17,0.06,0.26
05/10/2018,23.45,0.31,1.34,0.09,0.38
05/09/2018,23.14,0.13,0.56,0.06,0.26
05/08/2018,23.01,-0.10,-0.43,0.01,0.06
05/07/2018,23.11,-0.17,-0.73,-0.05,-0.20
05/04/2018,23.28,0.19,0.82,0.11,0.48
05/03/2018,23.09,0.22,0.96,0.07,0.32
05/02/2018,22.87,0.26,1.15,0.00,0.01
05/01/2018,22.61,0.00,0.00,0.08,0.35
04/30/2018,22.61,-0.11,-0.48,-0.06,-0.27
04/27/2018,22.72,0.05,0.22,-0.05,-0.23
04/26/2018,22.67,0.14,0.62,0.03,0.11
04/25/2018,22.53,-0.10,-0.44,-0.07,-0.29
04/24/2018,22.63,0.12,0.53,-0.15,-0.65
04/23/2018,22.51,-0.58,-2.51,-0.18,-0.78
04/20/2018,23.09,-0.26,-1.11,-0.12,-0.51
04/19/2018,23.35,0.02,0.09,-0.24,-1.03
04/18/2018,23.33,0.18,0.78,-0.10,-0.44
04/17/2018,23.15,0.30,1.31,-0.04,-0.17
04/16/2018,22.85,-0.03,-0.13,-0.09,-0.40
04/13/2018,22.88,0.28,1.24,-0.11,-0.48
04/12/2018,22.6,-0.24,-1.05,-0.15,-0.65
04/11/2018,22.84,0.58,2.61,-0.16,-0.70
04/10/2018,22.26,0.30,1.37,-0.08,-0.35
04/09/2018,21.96,0.09,0.41,-0.08,-0.35
04/06/2018,21.87,0.30,1.39,-0.19,-0.87
04/05/2018,21.57,-0.10,-0.46,-0.15,-0.67
04/04/2018,21.67,0.09,0.42,0.03,0.12
04/03/2018,21.58,-0.14,-0.64,-0.17,-0.76
04/02/2018,21.72,0.17,0.79,-0.10,-0.45
03/29/2018,21.55,0.36,1.70,-0.05,-0.23
03/28/2018,21.19,-0.50,-2.31,-0.21,-0.97
03/27/2018,21.69,-0.43,-1.94,-0.23,-1.05
03/26/2018,22.12,0.04,0.18,-0.04,-0.18
03/23/2018,22.08,0.36,1.66,-0.13,-0.59
03/22/2018,21.72,-0.33,-1.50,-0.06,-0.29
03/21/2018,22.05,0.59,2.75,0.09,0.42
03/20/2018,21.46,-0.24,-1.11,-0.04,-0.18
03/19/2018,21.7,0.17,0.79,0.00,-0.01
03/16/2018,21.53,-0.01,-0.05,0.02,0.09
03/15/2018,21.54,-0.23,-1.06,-0.09,-0.44
03/14/2018,21.77,0.06,0.28,-0.12,-0.57
03/13/2018,21.71,0.06,0.28,-0.10,-0.47
03/12/2018,21.65,0.03,0.14,-0.04,-0.18
03/09/2018,21.62,0.10,0.46,0.03,0.12
03/08/2018,21.52,-0.11,-0.51,-0.07,-0.34
03/07/2018,21.63,-0.39,-1.77,0.01,0.07
03/06/2018,22.02,0.35,1.62,-0.05,-0.21
03/05/2018,21.67,0.00,0.00,-0.06,-0.28
03/02/2018,21.67,0.09,0.42,-0.03,-0.14
03/01/2018,21.58,0.06,0.28,-0.05,-0.21
02/28/2018,21.52,-0.11,-0.51,-0.04,-0.19
02/27/2018,21.63,-0.51,-2.30,-0.18,-0.82
02/26/2018,22.14,0.43,1.98,-0.02,-0.10
02/23/2018,21.71,0.30,1.40,0.06,0.29
02/22/2018,21.41,0.09,0.42,-0.04,-0.21
02/21/2018,21.32,-0.01,-0.05,-0.10,-0.47
02/20/2018,21.33,-0.47,-2.16,-0.09,-0.40
02/16/2018,21.8,-0.60,-2.68,-0.28,-1.25
02/15/2018,22.4,0.22,0.99,-0.04,-0.18
02/14/2018,22.18,0.95,4.47,0.00,0.00
02/13/2018,21.23,-0.05,-0.23,-0.09,-0.41
02/12/2018,21.28,0.80,3.91,0.09,0.44
02/09/2018,20.48,-0.58,-2.75,-0.14,-0.66
02/08/2018,21.06,0.18,0.86,-0.17,-0.81
02/07/2018,20.88,-0.36,-1.69,-0.29,-1.39
02/06/2018,21.24,-0.24,-1.12,0.02,0.10
02/05/2018,21.48,-0.21,-0.97,-0.22,-1.01
02/02/2018,21.69,-0.86,-3.81,-0.28,-1.26
02/01/2018,22.55,-0.13,-0.57,-0.11,-0.50
01/31/2018,22.68,0.13,0.58,-0.18,-0.80
01/30/2018,22.55,-0.26,-1.14,-0.07,-0.32
01/29/2018,22.81,-0.63,-2.69,-0.11,-0.50
01/26/2018,23.44,0.07,0.30,-0.17,-0.72
01/25/2018,23.37,-0.56,-2.34,-0.29,-1.21
01/24/2018,23.93,0.39,1.66,-0.08,-0.34
01/23/2018,23.54,0.19,0.81,-0.05,-0.22
01/22/2018,23.35,0.06,0.26,-0.11,-0.45
01/19/2018,23.29,-0.05,-0.21,-0.15,-0.64
01/18/2018,23.34,-0.49,-2.06,-0.06,-0.28
01/17/2018,23.83,-0.25,-1.04,-0.01,-0.03
01/16/2018,24.08,0.47,1.99,-0.07,-0.30
01/12/2018,23.61,0.79,3.46,0.12,0.51
01/11/2018,22.82,0.07,0.31,-0.04,-0.20
01/10/2018,22.75,0.23,1.02,-0.15,-0.66
01/09/2018,22.52,-0.56,-2.43,-0.09,-0.42
01/08/2018,23.08,-0.35,-1.49,-0.10,-0.44
01/05/2018,23.43,-0.13,-0.55,-0.06,-0.24
01/04/2018,23.56,0.06,0.26,0.08,0.35
01/03/2018,23.5,-0.23,-0.97,0.01,0.06
01/02/2018,23.73,0.42,1.80,0.05,0.22
12/29/2017,23.31,0.08,0.34,0.05,0.21
12/28/2017,23.23,-0.06,-0.26,0.10,0.44
12/27/2017,23.29,0.07,0.30,0.24,1.03
12/26/2017,23.22,0.53,2.34,0.51,2.26
12/22/2017,22.69,0.26,1.16,0.14,0.63
12/21/2017,22.43,0.31,1.40,0.08,0.36
12/20/2017,22.12,0.34,1.56,0.07,0.33
12/19/2017,21.78,0.18,0.83,0.09,0.41
12/18/2017,21.6,0.36,1.69,0.06,0.28
12/15/2017,21.24,-0.06,-0.28,0.03,0.16
12/14/2017,21.3,0.11,0.52,0.14,0.68
12/13/2017,21.19,0.61,2.96,0.11,0.53
12/12/2017,20.58,0.11,0.54,0.04,0.19
12/11/2017,20.47,0.03,0.15,-0.02,-0.11
12/08/2017,20.44,0.12,0.59,0.00,-0.02
12/07/2017,20.32,-0.30,-1.45,-0.03,-0.15
12/06/2017,20.62,-0.15,-0.72,0.09,0.41
12/05/2017,20.77,-0.32,-1.52,-0.04,-0.18
12/04/2017,21.09,-0.20,-0.94,0.04,0.18
12/01/2017,21.29,0.14,0.66,-0.01,-0.05
11/30/2017,21.15,-0.17,-0.80,-0.13,-0.60
11/29/2017,21.32,-0.45,-2.07,-0.03,-0.12
11/28/2017,21.77,-0.17,-0.77,0.09,0.43
11/27/2017,21.94,0.10,0.46,0.01,0.03
11/24/2017,21.84,-0.12,-0.55,-0.08,-0.38
11/22/2017,21.96,0.24,1.10,0.03,0.13
11/21/2017,21.72,0.08,0.37,0.02,0.09
11/20/2017,21.64,-0.13,-0.60,0.14,0.64
11/17/2017,21.77,0.35,1.63,0.09,0.41
11/16/2017,21.42,0.02,0.09,0.03,0.16
11/15/2017,21.4,-0.04,-0.19,0.09,0.43
11/14/2017,21.44,-0.26,-1.20,0.07,0.34
11/13/2017,21.7,-0.09,-0.41,0.10,0.46
11/10/2017,21.79,-0.31,-1.40,0.01,0.04
11/09/2017,22.1,0.04,0.18,0.12,0.56
11/08/2017,22.06,0.06,0.27,0.08,0.38
11/07/2017,22,-0.11,-0.50,0.11,0.53
11/06/2017,22.11,0.51,2.36,0.13,0.59
11/03/2017,21.6,-0.24,-1.10,-0.09,-0.40
11/02/2017,21.84,0.14,0.65,0.02,0.11
11/01/2017,21.7,0.17,0.79,0.08,0.35
10/31/2017,21.53,-0.34,-1.55,0.06,0.30
10/30/2017,21.87,0.17,0.78,0.09,0.43
10/27/2017,21.7,0.15,0.70,0.20,0.92
10/26/2017,21.55,-0.25,-1.15,-0.05,-0.25
10/25/2017,21.8,-0.46,-2.07,-0.11,-0.50
10/24/2017,22.26,-0.19,-0.85,0.04,0.19
10/23/2017,22.45,-0.33,-1.45,-0.01,-0.04
10/20/2017,22.78,-0.22,-0.96,-0.01,-0.03
10/19/2017,23,0.10,0.44,-0.06,-0.26
10/18/2017,22.9,-0.14,-0.61,-0.09,-0.39
10/17/2017,23.04,-0.01,-0.04,-0.07,-0.32
10/16/2017,23.05,-0.66,-2.78,-0.11,-0.49
10/13/2017,23.71,-0.10,-0.42,0.07,0.28
10/12/2017,23.81,-0.28,-1.16,0.02,0.07
10/11/2017,24.09,0.32,1.35,0.15,0.62
10/10/2017,23.77,-0.15,-0.63,0.01,0.03
10/09/2017,23.92,0.38,1.61,0.28,1.17
10/06/2017,23.54,0.37,1.60,0.01,0.04
10/05/2017,23.17,-0.15,-0.64,-0.02,-0.11
10/04/2017,23.32,0.13,0.56,-0.02,-0.10
10/03/2017,23.19,0.33,1.44,0.09,0.39
10/02/2017,22.86,-0.10,-0.44,-0.05,-0.23
09/29/2017,22.96,-0.08,-0.35,0.17,0.73
09/28/2017,23.04,0.22,0.96,0.15,0.65
09/27/2017,22.82,-0.27,-1.17,-0.12,-0.51
09/26/2017,23.09,-0.47,-1.99,-0.01,-0.04
09/25/2017,23.56,0.43,1.86,0.04,0.19
09/22/2017,23.13,0.26,1.14,-0.03,-0.13
09/21/2017,22.87,-0.22,-0.95,-0.02,-0.08
09/20/2017,23.09,-0.32,-1.37,-0.21,-0.90
09/19/2017,23.41,0.29,1.25,0.12,0.50
09/18/2017,23.12,-0.45,-1.91,-0.22,-0.96
09/15/2017,23.57,-0.34,-1.42,-0.18,-0.77
09/14/2017,23.91,0.21,0.89,0.03,0.11
09/13/2017,23.7,-0.35,-1.46,0.00,-0.02
09/12/2017,24.05,0.22,0.92,0.04,0.19
09/11/2017,23.83,-0.94,-3.79,-0.01,-0.04
09/08/2017,24.77,-0.29,-1.16,0.00,0.02
09/07/2017,25.06,0.42,1.70,0.11,0.44
09/06/2017,24.64,-0.25,-1.00,-0.05,-0.21
09/05/2017,24.89,0.67,2.77,-0.05,-0.20
09/01/2017,24.22,0.16,0.67,-0.03,-0.12
08/31/2017,24.06,0.69,2.95,0.17,0.72
08/30/2017,23.37,-0.22,-0.93,-0.06,-0.27
08/29/2017,23.59,0.18,0.77,-0.08,-0.34
08/28/2017,23.41,0.70,3.08,0.01,0.04
08/25/2017,22.71,0.26,1.16,0.01,0.04
08/24/2017,22.45,0.00,0.00,-0.15,-0.66
08/23/2017,22.45,0.07,0.31,0.00,-0.01
08/22/2017,22.38,-0.07,-0.31,-0.07,-0.33
08/21/2017,22.45,0.29,1.31,0.04,0.16
08/18/2017,22.16,-0.11,-0.49,0.03,0.14
08/17/2017,22.27,0.10,0.45,0.08,0.38
08/16/2017,22.17,0.50,2.31,0.14,0.63
08/15/2017,21.67,-0.44,-1.99,0.04,0.20
08/14/2017,22.11,-0.27,-1.21,0.05,0.24
08/11/2017,22.38,0.24,1.08,0.07,0.32
08/10/2017,22.14,0.14,0.64,-0.01,-0.06
08/09/2017,22,0.49,2.28,0.09,0.40
08/08/2017,21.51,-0.05,-0.23,-0.02,-0.11
08/07/2017,21.56,-0.11,-0.51,-0.05,-0.23
08/04/2017,21.67,-0.55,-2.48,-0.03,-0.15
08/03/2017,22.22,-0.12,-0.54,-0.01,-0.05
08/02/2017,22.34,-0.08,-0.36,0.10,0.46
08/01/2017,22.42,-0.28,-1.23,-0.09,-0.40
07/31/2017,22.7,-0.01,-0.04,0.17,0.74
07/28/2017,22.71,0.21,0.93,-0.05,-0.20
07/27/2017,22.5,-0.41,-1.79,-0.04,-0.19
07/26/2017,22.91,0.60,2.69,0.21,0.94
07/25/2017,22.31,-0.06,-0.27,0.08,0.35
07/24/2017,22.37,-0.36,-1.58,0.02,0.11
07/21/2017,22.73,0.29,1.29,0.04,0.19
07/20/2017,22.44,0.01,0.04,-0.04,-0.20
07/19/2017,22.43,-0.05,-0.22,0.01,0.04
07/18/2017,22.48,0.32,1.44,0.06,0.26
07/17/2017,22.16,0.14,0.64,-0.08,-0.38
07/14/2017,22.02,0.34,1.57,0.10,0.43
07/13/2017,21.68,-0.30,-1.36,0.01,0.04
07/12/2017,21.98,0.16,0.73,0.19,0.86
07/11/2017,21.82,0.03,0.14,0.02,0.07
07/10/2017,21.79,0.45,2.11,-0.02,-0.11
07/07/2017,21.34,-0.41,-1.89,-0.03,-0.15
07/06/2017,21.75,-0.06,-0.28,-0.08,-0.35
07/05/2017,21.81,-1.07,-4.68,-0.02,-0.08
07/03/2017,22.88,0.34,1.51,0.60,2.68
06/30/2017,22.54,0.14,0.63,0.07,0.30
06/29/2017,22.4,-0.47,-2.06,-0.06,-0.26
06/28/2017,22.87,0.34,1.51,0.06,0.26
06/27/2017,22.53,-0.04,-0.18,-0.03,-0.15
06/26/2017,22.57,-0.05,-0.22,-0.04,-0.16
06/23/2017,22.62,0.31,1.39,-0.13,-0.58
06/22/2017,22.31,0.40,1.83,-0.04,-0.20
06/21/2017,21.91,0.34,1.58,-0.01,-0.04
06/20/2017,21.57,-0.16,-0.74,-0.07,-0.32
06/19/2017,21.73,-0.08,-0.37,-0.03,-0.13
06/16/2017,21.81,-0.03,-0.14,0.09,0.41
06/15/2017,21.84,0.02,0.09,0.09,0.41
06/14/2017,21.82,-0.85,-3.75,-0.13,-0.61
06/13/2017,22.67,0.44,1.98,-0.15,-0.66
06/12/2017,22.23,0.20,0.91,0.00,0.02
06/09/2017,22.03,-0.28,-1.26,-0.09,-0.42
06/08/2017,22.31,-0.31,-1.37,-0.01,-0.04
06/07/2017,22.62,-0.22,-0.96,-0.13,-0.55
06/06/2017,22.84,1.14,5.25,0.10,0.45
06/05/2017,21.7,0.17,0.79,0.07,0.31
06/02/2017,21.53,0.19,0.89,-0.05,-0.25
06/01/2017,21.34,-0.06,-0.28,-0.08,-0.35
05/31/2017,21.4,-0.13,-0.60,-0.03,-0.15
05/30/2017,21.53,-0.40,-1.82,0.03,0.12
05/26/2017,21.93,0.10,0.46,0.17,0.79
05/25/2017,21.83,-0.10,-0.46,0.05,0.22
05/24/2017,21.93,0.24,1.11,0.09,0.42
05/23/2017,21.69,-0.85,-3.77,-0.18,-0.84
05/22/2017,22.54,0.35,1.58,0.26,1.19
05/19/2017,22.19,0.08,0.36,0.09,0.41
05/18/2017,22.11,-0.41,-1.82,0.05,0.23
05/17/2017,22.52,0.12,0.54,0.02,0.09
05/16/2017,22.4,0.41,1.86,0.21,0.95
05/15/2017,21.99,-0.02,-0.09,0.02,0.08
05/12/2017,22.01,0.32,1.48,0.10,0.48
05/11/2017,21.69,0.60,2.84,0.12,0.54
05/10/2017,21.09,0.43,2.08,0.12,0.55
05/09/2017,20.66,-0.08,-0.39,-0.03,-0.14
05/08/2017,20.74,-0.06,-0.29,0.02,0.12
05/05/2017,20.8,0.50,2.46,0.15,0.74
05/04/2017,20.3,-1.01,-4.74,-0.05,-0.24
05/03/2017,21.31,-0.24,-1.11,0.03,0.15
05/02/2017,21.55,0.01,0.05,0.06,0.28
05/01/2017,21.54,-0.64,-2.89,-0.15,-0.68
04/28/2017,22.18,0.31,1.42,0.06,0.28
04/27/2017,21.87,-0.20,-0.91,0.02,0.11
04/26/2017,22.07,0.02,0.09,-0.07,-0.34
04/25/2017,22.05,-0.99,-4.30,-0.05,-0.22
04/24/2017,23.04,-0.46,-1.96,0.10,0.44
04/21/2017,23.5,0.11,0.47,0.13,0.58
04/20/2017,23.39,0.03,0.13,0.02,0.09
04/19/2017,23.36,-0.62,-2.59,-0.14,-0.59
04/18/2017,23.98,-0.29,-1.19,-0.05,-0.20
04/17/2017,24.27,-0.47,-1.90,-0.14,-0.58
04/13/2017,24.74,-0.33,-1.32,-0.07,-0.28
04/12/2017,25.07,0.23,0.93,-0.06,-0.26
04/11/2017,24.84,0.55,2.26,0.04,0.18
04/10/2017,24.29,-0.11,-0.45,0.03,0.14
04/07/2017,24.4,0.18,0.74,0.12,0.50
04/06/2017,24.22,0.20,0.83,-0.03,-0.13
04/05/2017,24.02,-0.13,-0.54,-0.27,-1.09
04/04/2017,24.15,0.09,0.37,-0.01,-0.06
04/03/2017,24.06,0.27,1.13,0.06,0.25
03/31/2017,23.79,0.22,0.93,0.06,0.25
03/30/2017,23.57,-0.41,-1.71,-0.16,-0.66
03/29/2017,23.98,0.35,1.48,0.02,0.06
03/28/2017,23.63,-0.41,-1.71,-0.27,-1.13
03/27/2017,24.04,0.20,0.84,-0.01,-0.04
03/24/2017,23.84,-0.05,-0.21,0.05,0.19
03/23/2017,23.89,-0.48,-1.97,-0.02,-0.09
03/22/2017,24.37,-0.04,-0.16,0.09,0.39
03/21/2017,24.41,0.33,1.37,-0.11,-0.45
03/20/2017,24.08,0.44,1.86,0.02,0.10
03/17/2017,23.64,-0.62,-2.56,0.00,-0.01
03/16/2017,24.26,0.03,0.12,-0.08,-0.32
03/15/2017,24.23,2.03,9.14,0.27,1.15
03/14/2017,22.2,-1.03,-4.43,-0.11,-0.48
03/13/2017,23.23,0.82,3.66,-0.01,-0.06
03/10/2017,22.41,0.97,4.52,-0.02,-0.11
03/09/2017,21.44,-0.39,-1.79,-0.10,-0.45
03/08/2017,21.83,0.00,0.00,-0.07,-0.34
03/07/2017,21.83,-0.08,-0.37,-0.09,-0.39
03/06/2017,21.91,-0.93,-4.07,-0.05,-0.23
03/03/2017,22.84,0.39,1.74,-0.02,-0.07
03/02/2017,22.45,-1.40,-5.87,-0.13,-0.57
03/01/2017,23.85,0.37,1.58,-0.05,-0.22
02/28/2017,23.48,-0.31,-1.30,-0.12,-0.49
02/27/2017,23.79,-1.86,-7.25,-0.20,-0.85
02/24/2017,25.65,-0.65,-2.47,-0.03,-0.13
02/23/2017,26.3,0.32,1.23,0.05,0.18
02/22/2017,25.98,-0.35,-1.33,-0.03,-0.10
02/21/2017,26.33,-0.31,-1.16,0.03,0.12
02/17/2017,26.64,-0.40,-1.48,0.03,0.12
02/16/2017,27.04,0.66,2.50,0.02,0.09
02/15/2017,26.38,-0.17,-0.64,-0.03,-0.13
02/14/2017,26.55,0.10,0.38,0.06,0.23
02/13/2017,26.45,-0.01,-0.04,-0.07,-0.27
02/10/2017,26.46,0.43,1.65,-0.07,-0.27
02/09/2017,26.03,-0.44,-1.66,-0.07,-0.28
02/08/2017,26.47,-0.10,-0.38,-0.03,-0.11
02/07/2017,26.57,-0.01,-0.04,-0.06,-0.23
02/06/2017,26.58,1.41,5.60,0.02,0.06
02/03/2017,25.17,0.17,0.68,-0.11,-0.44
02/02/2017,25,0.35,1.42,-0.08,-0.30
02/01/2017,24.65,0.36,1.48,0.02,0.10
01/31/2017,24.29,0.52,2.19,-0.07,-0.28
01/30/2017,23.77,-0.23,-0.96,-0.15,-0.61
01/27/2017,24,0.25,1.05,-0.09,-0.39
01/26/2017,23.75,-0.23,-0.96,-0.10,-0.43
01/25/2017,23.98,-0.20,-0.83,-0.07,-0.28
01/24/2017,24.18,-0.30,-1.23,-0.10,-0.40
01/23/2017,24.48,0.58,2.43,0.05,0.19
01/20/2017,23.9,0.27,1.14,0.02,0.07
01/19/2017,23.63,-0.02,-0.08,-0.01,-0.04
01/18/2017,23.65,-0.61,-2.51,-0.35,-1.44
01/17/2017,24.26,0.70,2.97,-0.03,-0.12
01/13/2017,23.56,0.07,0.30,-0.03,-0.14
01/12/2017,23.49,-0.07,-0.30,0.06,0.26
01/11/2017,23.56,0.07,0.30,0.13,0.56
01/10/2017,23.49,0.26,1.12,0.08,0.36
01/09/2017,23.23,0.49,2.15,0.00,0.02
01/06/2017,22.74,-0.99,-4.17,-0.16,-0.70
01/05/2017,23.73,1.86,8.50,0.10,0.41
01/04/2017,21.87,0.29,1.34,-0.34,-1.53
01/03/2017,21.58,0.94,4.55,-0.23,-1.04
12/30/2016,20.64,-0.45,-2.13,-0.27,-1.29
12/29/2016,21.09,1.54,7.88,-0.39,-1.82
12/28/2016,19.55,-6.90,-26.09,-0.24,-1.21
12/27/2016,26.45,0.41,1.57,-0.14,-0.54
12/23/2016,26.04,0.32,1.24,-0.50,-1.89
12/22/2016,25.72,-0.23,-0.89,-0.56,-2.12
12/21/2016,25.95,-0.07,-0.27,-0.41,-1.54
12/20/2016,26.02,0.07,0.27,-0.38,-1.44
12/19/2016,25.95,-0.25,-0.95,-0.54,-2.04
12/16/2016,26.2,-0.02,-0.08,-0.77,-2.85
12/15/2016,26.22,-1.82,-6.49,-0.30,-1.13
12/14/2016,28.04,-1.07,-3.68,-0.56,-1.97
12/13/2016,29.11,-0.23,-0.78,-0.52,-1.74
12/12/2016,29.34,0.46,1.59,-0.21,-0.71
12/09/2016,28.88,-1.10,-3.67,-0.55,-1.88
12/08/2016,29.98,-0.07,-0.23,-0.37,-1.22
12/07/2016,30.05,-0.27,-0.89,-0.57,-1.87
12/06/2016,30.32,-0.19,-0.62,-0.19,-0.61
12/05/2016,30.51,-0.12,-0.39,-0.48,-1.55
12/02/2016,30.63,1.43,4.90,-0.15,-0.49
12/01/2016,29.2,0.29,1.00,-0.27,-0.92
11/30/2016,28.91,-0.63,-2.13,-0.29,-0.99
11/29/2016,29.54,0.30,1.03,-0.45,-1.51
11/28/2016,29.24,1.37,4.92,-0.53,-1.79
11/25/2016,27.87,-0.42,-1.48,-0.49,-1.72
11/23/2016,28.29,-1.31,-4.43,-0.35,-1.21
11/22/2016,29.6,0.19,0.65,-0.27,-0.91
11/21/2016,29.41,0.85,2.98,-0.32,-1.07
11/18/2016,28.56,-0.24,-0.83,-0.22,-0.76
11/17/2016,28.8,-1.46,-4.82,-0.45,-1.53
11/16/2016,30.26,-0.36,-1.18,-0.25,-0.83
11/15/2016,30.62,1.76,6.10,-0.18,-0.60
11/14/2016,28.86,-0.41,-1.40,-0.47,-1.62
11/11/2016,29.27,-2.00,-6.40,-0.21,-0.72
11/10/2016,31.27,-2.57,-7.59,-0.32,-1.02
11/09/2016,33.84,0.23,0.68,-0.20,-0.59
11/08/2016,33.61,-0.10,-0.30,-0.03,-0.09
11/07/2016,33.71,-1.11,-3.19,-0.16,-0.46
11/04/2016,34.82,-0.61,-1.72,-0.15,-0.43
11/03/2016,35.43,0.09,0.25,-0.06,-0.16
11/02/2016,35.34,-0.52,-1.45,-0.10,-0.28
11/01/2016,35.86,1.20,3.46,-0.16,-0.43
10/31/2016,34.66,0.38,1.11,-0.29,-0.84
10/28/2016,34.28,-0.02,-0.06,-0.25,-0.73
10/27/2016,34.3,-0.36,-1.04,-0.02,-0.07
10/26/2016,34.66,-0.98,-2.75,-0.37,-1.05
10/25/2016,35.64,0.78,2.24,-0.08,-0.23
10/24/2016,34.86,-0.71,-2.00,-0.25,-0.71
10/21/2016,35.57,-0.26,-0.73,-0.20,-0.55
10/20/2016,35.83,-0.46,-1.27,-0.16,-0.45
10/19/2016,36.29,0.96,2.72,-0.27,-0.73
10/18/2016,35.33,1.11,3.24,-0.10,-0.28
10/17/2016,34.22,0.15,0.44,-0.03,-0.09
10/14/2016,34.07,-0.83,-2.38,-0.17,-0.51
10/13/2016,34.9,0.85,2.50,-0.15,-0.43
10/12/2016,34.05,0.74,2.22,-0.23,-0.68
10/11/2016,33.31,-0.91,-2.66,-0.40,-1.18
10/10/2016,34.22,0.59,1.75,-0.03,-0.09
10/07/2016,33.63,0.65,1.97,-0.30,-0.89
10/06/2016,32.98,-1.45,-4.21,-0.22,-0.65
10/05/2016,34.43,0.20,0.58,-0.33,-0.96
10/04/2016,34.23,-3.41,-9.06,-0.48,-1.39
10/03/2016,37.64,-0.78,-2.03,0.07,0.18
09/30/2016,38.42,-0.14,-0.36,0.00,-0.01
09/29/2016,38.56,-0.42,-1.08,-0.10,-0.27
09/28/2016,38.98,0.95,2.50,0.29,0.74
09/27/2016,38.03,-1.25,-3.18,0.11,0.29
09/26/2016,39.28,-0.79,-1.97,-0.35,-0.88
09/23/2016,40.07,-1.25,-3.03,-0.12,-0.30
09/22/2016,41.32,-0.23,-0.55,-0.22,-0.52
09/21/2016,41.55,2.61,6.70,0.50,1.21
09/20/2016,38.94,0.06,0.15,-0.30,-0.76
09/19/2016,38.88,0.04,0.10,-0.07,-0.19
09/16/2016,38.84,-0.97,-2.44,-0.03,-0.09
09/15/2016,39.81,0.26,0.66,0.03,0.06
09/14/2016,39.55,0.35,0.89,-0.14,-0.36
09/13/2016,39.2,-1.49,-3.66,-0.06,-0.16
09/12/2016,40.69,1.20,3.04,0.09,0.23
09/09/2016,39.49,-2.11,-5.07,-0.15,-0.37
09/08/2016,41.6,-0.81,-1.91,-0.24,-0.57
09/07/2016,42.41,-0.59,-1.37,-0.02,-0.06
09/06/2016,43,2.42,5.96,0.08,0.18
09/02/2016,40.58,2.40,6.29,0.11,0.28
09/01/2016,38.18,1.20,3.24,-0.02,-0.05
08/31/2016,36.98,-0.68,-1.81,-0.42,-1.11
08/30/2016,37.66,-2.20,-5.52,-0.15,-0.38
08/29/2016,39.86,-0.27,-0.67,0.04,0.09
08/26/2016,40.13,0.55,1.39,-0.22,-0.54
08/25/2016,39.58,1.11,2.89,-0.16,-0.40
08/24/2016,38.47,-3.30,-7.90,0.01,0.04
08/23/2016,41.77,-0.87,-2.04,-0.04,-0.09
08/22/2016,42.64,-1.39,-3.16,0.29,0.67
08/19/2016,44.03,-1.17,-2.59,0.20,0.45
08/18/2016,45.2,0.90,2.03,0.37,0.82
08/17/2016,44.3,-1.09,-2.40,0.37,0.84
08/16/2016,45.39,0.59,1.32,0.42,0.94
08/15/2016,44.8,0.35,0.79,0.28,0.63
08/12/2016,44.45,0.08,0.18,0.29,0.65
08/11/2016,44.37,0.10,0.23,0.55,1.26
08/10/2016,44.27,1.14,2.64,0.24,0.54
08/09/2016,43.13,0.64,1.51,0.57,1.35
08/08/2016,42.49,-0.04,-0.09,0.43,1.03
08/05/2016,42.53,-2.08,-4.66,0.10,0.23
08/04/2016,44.61,0.46,1.04,0.58,1.31
08/03/2016,44.15,-0.59,-1.32,0.35,0.80
08/02/2016,44.74,-0.21,-0.47,0.06,0.13
08/01/2016,44.95,0.67,1.51,0.72,1.62
07/29/2016,44.28,1.67,3.92,0.24,0.54
07/28/2016,42.61,0.47,1.12,0.43,1.02
07/27/2016,42.14,2.19,5.48,0.41,0.99
07/26/2016,39.95,0.95,2.44,0.45,1.14
07/25/2016,39,-1.73,-4.25,0.15,0.38
07/22/2016,40.73,-0.05,-0.12,0.41,1.02
07/21/2016,40.78,1.28,3.24,0.23,0.57
07/20/2016,39.5,-3.22,-7.54,0.10,0.25
07/19/2016,42.72,-0.84,-1.93,0.47,1.10
07/18/2016,43.56,-0.34,-0.77,0.56,1.31
07/15/2016,43.9,-0.88,-1.97,0.42,0.98
07/14/2016,44.78,0.02,0.04,0.53,1.20
07/13/2016,44.76,1.56,3.61,0.14,0.31
07/12/2016,43.2,-1.41,-3.16,0.26,0.60
07/11/2016,44.61,1.86,4.35,0.12,0.26
07/08/2016,42.75,0.18,0.42,0.67,1.60
07/07/2016,42.57,-1.91,-4.29,0.16,0.37
07/06/2016,44.48,1.91,4.49,0.54,1.24
07/05/2016,42.57,1.62,3.96,0.34,0.82
07/01/2016,40.95,1.50,3.80,1.16,2.92
06/30/2016,39.45,0.18,0.46,0.56,1.43
06/29/2016,39.27,1.32,3.48,0.38,0.98
06/28/2016,37.95,0.40,1.07,0.58,1.56
06/27/2016,37.55,0.10,0.27,0.28,0.76
06/24/2016,37.45,1.95,5.49,0.32,0.88
06/23/2016,35.5,-0.05,-0.14,0.16,0.46
06/22/2016,35.55,0.36,1.02,0.40,1.13
06/21/2016,35.19,-0.71,-1.98,0.34,0.97
06/20/2016,35.9,35.90,0.00,0.36,1.01
06/17/2016,0,-35.20,-100.00,0.00,0.00
06/16/2016,35.2,-1.42,-3.88,0.42,1.19
06/15/2016,36.62,0.90,2.52,0.27,0.73
06/14/2016,35.72,-0.99,-2.70,0.25,0.70
06/13/2016,36.71,0.03,0.08,0.18,0.48
06/10/2016,36.68,0.12,0.33,0.21,0.57
06/09/2016,36.56,0.59,1.64,0.28,0.77
06/08/2016,35.97,1.45,4.20,0.26,0.72
06/07/2016,34.52,-0.16,-0.46,0.02,0.05
06/06/2016,34.68,1.15,3.43,-0.05,-0.16
06/03/2016,33.53,3.08,10.11,0.10,0.29
06/02/2016,30.45,-0.37,-1.20,-0.05,-0.15
06/01/2016,30.82,0.18,0.59,-0.04,-0.14
05/31/2016,30.64,0.49,1.63,-0.18,-0.57
05/27/2016,30.15,-1.83,-5.72,-0.11,-0.36
05/26/2016,31.98,0.15,0.47,-0.04,-0.12
05/25/2016,31.83,0.43,1.37,0.16,0.50
05/24/2016,31.4,-2.37,-7.02,0.06,0.19
05/23/2016,33.77,-0.05,-0.15,-0.08,-0.24
05/20/2016,33.82,-0.16,-0.47,0.16,0.46
05/19/2016,33.98,0.45,1.34,0.31,0.93
05/18/2016,33.53,-2.20,-6.16,0.06,0.19
05/17/2016,35.73,0.50,1.42,0.27,0.77
05/16/2016,35.23,0.68,1.97,0.15,0.44
05/13/2016,34.55,-0.15,-0.43,0.10,0.29
05/12/2016,34.7,0.29,0.84,0.17,0.48
05/11/2016,34.41,0.97,2.90,0.24,0.71
05/10/2016,33.44,0.58,1.77,0.32,0.96
05/09/2016,32.86,-1.58,-4.59,-0.11,-0.34
05/06/2016,34.44,1.33,4.02,0.26,0.76
05/05/2016,33.11,0.71,2.19,0.07,0.21
05/04/2016,32.4,-2.10,-6.09,-0.10,-0.30
05/03/2016,34.5,-1.73,-4.78,0.09,0.25
05/02/2016,36.23,-0.24,-0.66,0.33,0.93
04/29/2016,36.47,2.55,7.52,0.35,0.97
04/28/2016,33.92,1.33,4.08,0.30,0.88
04/27/2016,32.59,0.64,2.00,0.32,0.99
04/26/2016,31.95,0.98,3.16,0.20,0.64
04/25/2016,30.97,-0.39,-1.24,0.18,0.58
04/22/2016,31.36,-1.02,-3.15,0.21,0.68
04/21/2016,32.38,0.51,1.60,0.20,0.61
04/20/2016,31.87,-1.10,-3.34,0.00,0.01
04/19/2016,32.97,1.27,4.01,0.09,0.28
04/18/2016,31.7,2.36,8.04,0.46,1.46
04/15/2016,29.34,1.42,5.09,0.25,0.87
04/14/2016,27.92,-0.22,-0.78,0.21,0.75
04/13/2016,28.14,-0.98,-3.37,0.25,0.90
04/12/2016,29.12,1.39,5.01,0.62,2.16
04/11/2016,27.73,2.40,9.47,0.30,1.10
04/08/2016,25.33,1.05,4.32,0.21,0.82
04/07/2016,24.28,0.75,3.19,0.27,1.13
04/06/2016,23.53,0.18,0.77,0.22,0.93
04/05/2016,23.35,0.77,3.41,0.23,0.98
04/04/2016,22.58,22.58,0.00,0.22,0.99
04/01/2016,0,-22.82,-100.00,0.00,0.00
03/31/2016,22.82,22.82,0.00,0.09,0.40
03/30/2016,0,-23.20,-100.00,0.00,0.00
03/29/2016,23.2,1.11,5.02,0.37,1.64
03/28/2016,22.09,-0.18,-0.81,0.24,1.09
03/24/2016,22.27,-0.30,-1.33,0.24,1.07
03/23/2016,22.57,-1.28,-5.37,0.19,0.87
03/22/2016,23.85,0.15,0.63,0.22,0.93
03/21/2016,23.7,-0.11,-0.46,0.09,0.38
03/18/2016,23.81,0.00,0.00,0.06,0.25
03/17/2016,23.81,0.10,0.42,0.08,0.35
03/16/2016,23.71,1.58,7.14,0.53,2.27
03/15/2016,22.13,-0.24,-1.07,0.15,0.67
03/14/2016,22.37,-0.62,-2.70,0.18,0.80
03/11/2016,22.99,-0.45,-1.92,0.08,0.35
03/10/2016,23.44,0.60,2.63,0.15,0.66
03/09/2016,22.84,-0.01,-0.04,0.22,0.97
03/08/2016,22.85,-1.05,-4.39,0.08,0.35
03/07/2016,23.9,0.73,3.15,0.25,1.07
03/04/2016,23.17,0.21,0.91,0.44,1.93
03/03/2016,22.96,1.34,6.20,0.31,1.36
03/02/2016,21.62,0.40,1.89,0.22,1.01
03/01/2016,21.22,-0.46,-2.12,0.33,1.59
02/29/2016,21.68,0.52,2.46,0.22,1.04
02/26/2016,21.16,-0.33,-1.54,0.07,0.35
02/25/2016,21.49,0.27,1.27,0.19,0.90
02/24/2016,21.22,0.41,1.97,0.32,1.53
02/23/2016,20.81,0.33,1.61,0.14,0.70
02/22/2016,20.48,-0.37,-1.77,0.00,0.01
02/19/2016,20.85,-0.13,-0.62,0.23,1.10
02/18/2016,20.98,0.98,4.90,-0.03,-0.13
02/17/2016,20,0.51,2.62,0.14,0.69
02/16/2016,19.49,-0.96,-4.69,0.11,0.59
02/12/2016,20.45,0.23,1.14,0.18,0.90
02/11/2016,20.22,1.26,6.65,0.21,1.07
02/10/2016,18.96,0.16,0.85,0.20,1.09
02/09/2016,18.8,-0.43,-2.24,0.00,0.01
02/08/2016,19.23,0.80,4.34,0.13,0.68
02/05/2016,18.43,0.25,1.38,-0.01,-0.05
02/04/2016,18.18,0.55,3.12,0.22,1.23
02/03/2016,17.63,1.00,6.01,0.19,1.10
02/02/2016,16.63,-0.16,-0.95,0.11,0.68
02/01/2016,16.79,0.66,4.09,0.17,1.03
01/29/2016,16.13,0.09,0.56,0.00,0.02
01/28/2016,16.04,-0.21,-1.29,0.08,0.52
01/27/2016,16.25,0.20,1.25,0.06,0.36
01/26/2016,16.05,0.77,5.04,-0.02,-0.11
01/25/2016,15.28,-0.08,-0.52,-0.01,-0.07
01/22/2016,15.36,0.25,1.65,0.07,0.43
01/21/2016,15.11,0.23,1.55,0.16,1.08
01/20/2016,14.88,-0.08,-0.53,0.05,0.32
01/19/2016,14.96,-0.96,-6.03,0.12,0.78
01/15/2016,15.92,-0.01,-0.06,-0.01,-0.05
01/14/2016,15.93,-0.69,-4.15,0.05,0.33
01/13/2016,16.62,-0.07,-0.42,0.00,0.03
01/12/2016,16.69,-0.63,-3.64,0.18,1.08
01/11/2016,17.32,-0.87,-4.78,0.21,1.21
01/08/2016,18.19,-0.07,-0.38,0.25,1.39
01/07/2016,18.26,0.75,4.28,0.19,1.08
01/06/2016,17.51,0.33,1.92,0.19,1.08
01/05/2016,17.18,0.25,1.48,0.16,0.92
01/04/2016,16.93,0.00,0.00,0.16,0.95
12/31/15,--,--,--,0.19,1.19
12/30/15,--,--,--,0.27,1.63
12/29/15,--,--,--,0.15,0.89
12/28/15,--,--,--,-0.29,-1.53
12/24/15,--,--,--,0.16,0.84
12/23/15,--,--,--,0.19,1.02
12/22/15,--,--,--,-0.22,-1.17
12/21/15,--,--,--,0.02,0.10
12/18/15,--,--,--,0.25,1.40
12/17/15,--,--,--,0.07,0.38
12/16/15,--,--,--,0.20,1.08
12/15/15,--,--,--,0.27,1.49
12/14/15,--,--,--,0.07,0.38
12/11/15,--,--,--,-0.05,-0.28
12/10/15,--,--,--,0.03,0.19
12/9/15,--,--,--,0.09,0.49
12/8/15,--,--,--,0.14,0.77
12/7/15,--,--,--,0.13,0.70
12/4/15,--,--,--,-0.01,-0.06
12/3/15,--,--,--,0.36,1.93
12/2/15,--,--,--,0.32,1.77
12/1/15,--,--,--,0.18,1.00
11/30/15,--,--,--,0.11,0.59
11/27/15,--,--,--,0.11,0.61
11/25/15,--,--,--,0.31,1.71
11/24/15,--,--,--,-0.03,-0.14
11/23/15,--,--,--,-0.20,-1.10
11/20/15,--,--,--,-0.13,-0.70
11/19/15,--,--,--,-0.32,-1.74
11/18/15,--,--,--,0.02,0.12
11/17/15,--,--,--,0.10,1.16
11/16/15,--,--,--,0.09,0.93
11/13/15,--,--,--,0.06,0.61
11/12/15,--,--,--,0.07,0.71
11/11/15,--,--,--,0.08,0.84
11/10/15,--,--,--,-0.01,-0.13
11/9/15,--,--,--,-0.02,-0.19
11/6/15,--,--,--,0.10,1.09
11/5/15,--,--,--,0.07,0.70
11/4/15,--,--,--,0.06,0.67
11/3/15,--,--,--,0.09,0.95
11/2/15,--,--,--,0.07,0.65
10/30/15,--,--,--,0.18,1.84
10/29/15,--,--,--,-0.01,-0.10
10/28/15,--,--,--,0.07,0.72
10/27/15,--,--,--,0.01,0.12
10/26/15,--,--,--,0.06,0.61
10/23/15,--,--,--,-0.03,-0.24
10/22/15,--,--,--,0.04,0.37
10/21/15,--,--,--,-0.08,-0.76
10/20/15,--,--,--,-0.04,-0.38
10/19/15,--,--,--,-0.10,-0.96
10/16/15,--,--,--,-0.05,-0.46
10/15/15,--,--,--,0.03,0.27
10/14/15,--,--,--,-0.01,-0.14
10/13/15,--,--,--,-0.02,-0.17
10/12/15,--,--,--,-0.24,-2.37
10/9/15,--,--,--,-0.04,-0.43
10/8/15,--,--,--,-0.01,-0.14
10/7/15,--,--,--,-0.08,-0.83
10/6/15,--,--,--,0.07,0.69
10/5/15,--,--,--,0.00,-0.02
10/2/15,--,--,--,-0.02,-0.26
10/1/15,--,--,--,-0.02,-0.28
9/30/15,--,--,--,-0.02,-0.28
9/29/15,--,--,--,-0.04,-0.49
9/28/15,--,--,--,-0.06,-0.65
9/25/15,--,--,--,-0.06,-0.65
9/24/15,--,--,--,-0.02,-0.17
9/23/15,--,--,--,-0.10,-1.07
9/22/15,--,--,--,-0.04,-0.38
9/21/15,--,--,--,-0.04,-0.44
9/18/15,--,--,--,-0.08,-0.79
9/17/15,--,--,--,-0.02,-0.24
9/16/15,--,--,--,-0.02,-0.24
9/15/15,--,--,--,-0.01,-0.17
9/14/15,--,--,--,-0.07,-0.84
9/11/15,--,--,--,-0.01,-0.11
9/10/15,--,--,--,0.03,0.31
9/9/15,--,--,--,-0.05,-0.56
9/8/15,--,--,--,0.03,0.37
9/4/15,--,--,--,0.01,0.11
9/3/15,--,--,--,-0.09,-1.01
9/2/15,--,--,--,0.02,0.25
9/1/15,--,--,--,-0.07,-0.76
8/31/15,--,--,--,0.04,0.43
8/28/15,--,--,--,-0.04,-0.44
8/27/15,--,--,--,0.05,0.63
8/26/15,--,--,--,0.08,1.00
8/25/15,--,--,--,0.03,0.41
8/24/15,--,--,--,0.01,0.10
8/21/15,--,--,--,0.08,0.86
8/20/15,--,--,--,0.04,0.44
8/19/15,--,--,--,0.00,0.05
8/18/15,--,--,--,0.04,0.40
8/17/15,--,--,--,0.09,1.04
8/14/15,--,--,--,0.08,0.86
8/13/15,--,--,--,0.08,0.90
8/12/15,--,--,--,-0.01,-0.06
8/11/15,--,--,--,0.03,0.32
8/10/15,--,--,--,-0.03,-0.35
8/7/15,--,--,--,0.06,0.72
8/6/15,--,--,--,0.02,0.18
8/5/15,--,--,--,0.05,0.57
8/4/15,--,--,--,-0.03,-0.40
8/3/15,--,--,--,-0.15,-1.80
7/31/15,--,--,--,-0.06,-0.68
7/30/15,--,--,--,0.03,0.31
7/29/15,--,--,--,0.03,0.33
7/28/15,--,--,--,0.02,0.21
7/27/15,--,--,--,0.05,0.62
7/24/15,--,--,--,0.00,0.03
7/23/15,--,--,--,-0.05,-0.65
7/22/15,--,--,--,-0.04,-0.50
7/21/15,--,--,--,-0.05,-0.59
7/20/15,--,--,--,-0.06,-0.75
7/17/15,--,--,--,-0.09,-0.95
7/16/15,--,--,--,-0.13,-1.31
7/15/15,--,--,--,-0.04,-0.39
7/14/15,--,--,--,-0.06,-0.59
7/13/15,--,--,--,-0.08,-0.81
7/10/15,--,--,--,-0.04,-0.40
7/9/15,--,--,--,-0.04,-0.46
7/8/15,--,--,--,-0.10,-1.03
7/7/15,--,--,--,-0.03,-0.27
7/6/15,--,--,--,-0.07,-0.72
7/2/15,--,--,--,-0.02,-0.24
7/1/15,--,--,--,-0.12,-1.18
6/30/15,--,--,--,-0.02,-0.15
6/29/15,--,--,--,-0.05,-0.49
6/26/15,--,--,--,-0.04,-0.37
6/25/15,--,--,--,-0.04,-0.39
6/24/15,--,--,--,-0.09,-0.83
6/23/15,--,--,--,-0.08,-0.78
6/22/15,--,--,--,-0.12,-1.12
6/19/15,--,--,--,-0.08,-0.71
6/18/15,--,--,--,-0.05,-0.47
6/17/15,--,--,--,-0.04,-0.38
6/16/15,--,--,--,-0.07,-0.72
6/15/15,--,--,--,0.03,0.29
6/12/15,--,--,--,-0.05,-0.50
6/11/15,--,--,--,-0.01,-0.14
6/10/15,--,--,--,0.02,0.22
6/9/15,--,--,--,0.02,0.15
6/8/15,--,--,--,0.03,0.28
6/5/15,--,--,--,0.02,0.19
6/4/15,--,--,--,-0.05,-0.50
6/3/15,--,--,--,-0.05,-0.49
6/2/15,--,--,--,-0.04,-0.39
6/1/15,--,--,--,-0.03,-0.24
5/29/15,--,--,--,-0.03,-0.30
5/28/15,--,--,--,-0.01,-0.05
5/27/15,--,--,--,-0.07,-0.69
5/26/15,--,--,--,-0.12,-1.13
5/22/15,--,--,--,-0.20,-1.75
5/21/15,--,--,--,-0.11,-1.02
5/20/15,--,--,--,0.01,0.05
5/19/15,--,--,--,-0.10,-0.89
5/18/15,--,--,--,-0.06,-0.51
5/15/15,--,--,--,-0.08,-0.67
5/14/15,--,--,--,-0.08,-0.74
5/13/15,--,--,--,-0.07,-0.61
5/12/15,--,--,--,-0.18,-1.60
5/11/15,--,--,--,-0.10,-0.95
5/8/15,--,--,--,0.02,0.20
5/7/15,--,--,--,-0.10,-0.92
5/6/15,--,--,--,-0.13,-1.17
5/5/15,--,--,--,-0.04,-0.32
5/4/15,--,--,--,-0.04,-0.38
5/1/15,--,--,--,-0.09,-0.82
4/30/15,--,--,--,-0.04,-0.39
4/29/15,--,--,--,-0.06,-0.49
4/28/15,--,--,--,-0.08,-0.69
4/27/15,--,--,--,0.00,-0.03
4/24/15,--,--,--,-0.09,-0.82
4/23/15,--,--,--,0.02,0.21
4/22/15,--,--,--,0.04,0.37
4/21/15,--,--,--,-0.04,-0.36
4/20/15,--,--,--,0.00,-0.02
4/17/15,--,--,--,-0.08,-0.71
4/16/15,--,--,--,0.06,0.59
4/15/15,--,--,--,0.03,0.30
4/14/15,--,--,--,0.10,1.00
4/13/15,--,--,--,0.14,1.43
4/10/15,--,--,--,0.10,1.01
4/9/15,--,--,--,0.10,0.99
4/8/15,--,--,--,0.06,0.60
4/7/15,--,--,--,0.13,1.26
4/6/15,--,--,--,0.02,0.22
4/2/15,--,--,--,0.00,-0.01
4/1/15,--,--,--,0.01,0.10
3/31/15,--,--,--,-0.04,-0.37
3/30/15,--,--,--,0.00,-0.03
3/27/15,--,--,--,-0.04,-0.38
3/26/15,--,--,--,-0.02,-0.24
3/25/15,--,--,--,0.00,-0.04
3/24/15,--,--,--,0.08,0.82
3/23/15,--,--,--,0.02,0.19
3/20/15,--,--,--,0.10,1.04
3/19/15,--,--,--,0.08,0.80
3/18/15,--,--,--,0.10,1.07
3/17/15,--,--,--,0.04,0.42
3/16/15,--,--,--,0.14,1.51
3/13/15,--,--,--,0.12,1.22
3/12/15,--,--,--,0.11,1.16
3/11/15,--,--,--,0.03,0.36
3/10/15,--,--,--,-0.05,-0.52
3/9/15,--,--,--,-0.03,-0.29
3/6/15,--,--,--,-0.06,-0.63
3/5/15,--,--,--,-0.02,-0.22
3/4/15,--,--,--,0.08,0.72
3/3/15,--,--,--,0.01,0.09
3/2/15,--,--,--,0.06,0.54
2/27/15,--,--,--,-0.05,-0.44
2/26/15,--,--,--,-0.07,-0.62
2/25/15,--,--,--,-0.06,-0.53
2/24/15,--,--,--,0.01,0.13
2/23/15,--,--,--,-0.02,-0.16
2/20/15,--,--,--,-0.03,-0.32
2/19/15,--,--,--,-0.09,-0.85
2/18/15,--,--,--,0.04,0.33
2/17/15,--,--,--,0.01,0.09
2/13/15,--,--,--,0.04,0.39
2/12/15,--,--,--,-0.02,-0.16
2/11/15,--,--,--,0.05,0.43
2/10/15,--,--,--,0.00,0.01
2/9/15,--,--,--,0.05,0.40
2/6/15,--,--,--,-0.04,-0.38
2/5/15,--,--,--,-0.12,-0.97
2/4/15,--,--,--,-0.06,-0.52
2/3/15,--,--,--,-0.02,-0.20
2/2/15,--,--,--,-0.05,-0.39
1/30/15,--,--,--,-0.03,-0.30
1/29/15,--,--,--,-0.03,-0.29
1/28/15,--,--,--,-0.08,-0.71
1/27/15,--,--,--,-0.02,-0.13
1/26/15,--,--,--,0.10,0.83
1/23/15,--,--,--,0.04,0.37
1/22/15,--,--,--,0.00,-0.01
1/21/15,--,--,--,0.04,0.35
1/20/15,--,--,--,0.10,0.81
1/16/15,--,--,--,0.06,0.49
1/15/15,--,--,--,-0.04,-0.38
1/14/15,--,--,--,-0.01,-0.11
1/13/15,--,--,--,-0.04,-0.38
1/12/15,--,--,--,-0.01,-0.11
1/9/15,--,--,--,0.03,0.25
1/8/15,--,--,--,-0.07,-0.67
1/7/15,--,--,--,0.03,0.27
1/6/15,--,--,--,-0.06,-0.48
1/5/15,--,--,--,-0.02,-0.18
1/2/15,--,--,--,-0.02,-0.23
1/1/15,--,--,--,-0.06,-0.56
