"Global X Silver Miners ETF",,,,,
Date,"Closing Price","Daily Change","Daily Change %",Premium/Discount,"Premium/Discount %"
03/20/2019,27.1,0.52,1.96,0.21,0.78
03/19/2019,26.58,0.07,0.26,0.02,0.08
03/18/2019,26.51,-0.06,-0.23,-0.01,-0.02
03/15/2019,26.57,0.31,1.18,-0.15,-0.56
03/14/2019,26.26,-0.58,-2.16,-0.07,-0.25
03/13/2019,26.84,0.16,0.60,0.02,0.07
03/12/2019,26.68,0.46,1.75,0.02,0.08
03/11/2019,26.22,-0.08,-0.30,0.02,0.08
03/08/2019,26.3,0.56,2.18,0.05,0.19
03/07/2019,25.74,0.00,0.00,-0.07,-0.29
03/06/2019,25.74,-0.48,-1.83,-0.09,-0.33
03/05/2019,26.22,0.12,0.46,0.01,0.04
03/04/2019,26.1,0.08,0.31,0.05,0.19
03/01/2019,26.02,-0.85,-3.16,-0.15,-0.58
02/28/2019,26.87,-0.34,-1.25,0.02,0.07
02/27/2019,27.21,-0.44,-1.59,0.01,0.05
02/26/2019,27.65,-0.09,-0.32,0.02,0.08
02/25/2019,27.74,0.06,0.22,0.04,0.14
02/22/2019,27.68,0.24,0.87,0.00,-0.02
02/21/2019,27.44,-0.18,-0.65,0.00,-0.00
02/20/2019,27.62,-0.04,-0.14,-0.06,-0.21
02/19/2019,27.66,0.88,3.29,0.12,0.45
02/15/2019,26.78,0.35,1.32,0.10,0.36
02/14/2019,26.43,0.34,1.30,-0.04,-0.17
02/13/2019,26.09,-0.22,-0.84,-0.16,-0.59
02/12/2019,26.31,-0.05,-0.19,-0.04,-0.14
02/11/2019,26.36,-0.48,-1.79,-0.04,-0.16
02/08/2019,26.84,0.32,1.21,0.12,0.44
02/07/2019,26.52,-0.31,-1.16,-0.08,-0.29
02/06/2019,26.83,-0.31,-1.14,0.02,0.07
02/05/2019,27.14,0.18,0.67,0.14,0.54
02/04/2019,26.96,0.05,0.19,0.07,0.24
02/01/2019,26.91,-0.21,-0.77,0.06,0.22
01/31/2019,27.12,0.36,1.35,-0.01,-0.02
01/30/2019,26.76,0.58,2.22,0.26,0.97
01/29/2019,26.18,0.50,1.95,0.03,0.10
01/28/2019,25.68,0.22,0.86,0.07,0.27
01/25/2019,25.46,0.91,3.71,-0.03,-0.12
01/24/2019,24.55,0.03,0.12,-0.07,-0.30
01/23/2019,24.52,0.01,0.04,-0.12,-0.51
01/22/2019,24.51,-0.21,-0.85,-0.04,-0.15
01/18/2019,24.72,-0.37,-1.47,-0.03,-0.14
01/17/2019,25.09,-0.07,-0.28,0.06,0.22
01/16/2019,25.16,-0.04,-0.16,-0.05,-0.20
01/15/2019,25.2,-0.58,-2.25,-0.09,-0.35
01/14/2019,25.78,-0.16,-0.62,-0.12,-0.47
01/11/2019,25.94,-0.20,-0.77,-0.15,-0.59
01/10/2019,26.14,-0.35,-1.32,-0.01,-0.03
01/09/2019,26.49,0.46,1.77,0.02,0.09
01/08/2019,26.03,0.14,0.54,0.01,0.05
01/07/2019,25.89,-0.08,-0.31,0.02,0.08
01/04/2019,25.97,0.05,0.19,0.07,0.25
01/03/2019,25.92,0.69,2.73,0.16,0.64
01/02/2019,25.23,0.18,0.72,0.03,0.11
12/31/2018,25.05,0.08,0.32,0.07,0.27
12/28/2018,24.97,-0.38,-1.50,0.08,0.34
12/27/2018,25.35,0.06,0.24,0.02,0.08
12/26/2018,25.29,0.04,0.16,0.18,0.72
12/24/2018,25.25,0.54,2.19,-0.03,-0.12
12/21/2018,24.71,-0.54,-2.14,-0.16,-0.65
12/20/2018,25.25,0.82,3.36,0.06,0.23
12/19/2018,24.43,-1.01,-3.97,-0.04,-0.15
12/18/2018,25.44,0.59,2.37,0.20,0.78
12/17/2018,24.85,0.27,1.10,0.08,0.34
12/14/2018,24.58,0.10,0.41,0.11,0.44
12/13/2018,24.48,0.17,0.70,0.03,0.14
12/12/2018,24.31,0.50,2.10,0.10,0.40
12/11/2018,23.81,-0.06,-0.25,0.14,0.59
12/10/2018,23.87,0.00,0.00,0.10,0.42
12/07/2018,23.87,0.33,1.40,-0.07,-0.30
12/06/2018,23.54,0.00,0.00,0.10,0.44
12/05/2018,23.54,0.00,0.00,0.00,0.00
12/04/2018,23.54,0.03,0.13,-0.01,-0.05
12/03/2018,23.51,0.42,1.82,0.03,0.11
11/30/2018,23.09,-0.26,-1.11,0.03,0.11
11/29/2018,23.35,-0.10,-0.43,0.14,0.61
11/28/2018,23.45,0.61,2.67,0.27,1.15
11/27/2018,22.84,-0.34,-1.47,0.11,0.46
11/26/2018,23.18,-0.22,-0.94,0.14,0.60
11/23/2018,23.4,-0.81,-3.35,0.10,0.45
11/21/2018,24.21,0.65,2.76,0.08,0.32
11/20/2018,23.56,-0.32,-1.34,-0.08,-0.33
11/19/2018,23.88,-0.01,-0.04,-0.01,-0.03
11/16/2018,23.89,0.52,2.23,0.09,0.37
11/15/2018,23.37,0.27,1.17,0.06,0.24
11/14/2018,23.1,0.58,2.58,0.03,0.12
11/13/2018,22.52,-0.13,-0.57,0.00,-0.02
11/12/2018,22.65,-0.68,-2.91,-0.04,-0.16
11/09/2018,23.33,-0.32,-1.35,-0.07,-0.28
11/08/2018,23.65,-0.03,-0.13,-0.07,-0.31
11/07/2018,23.68,-0.12,-0.50,0.06,0.24
11/06/2018,23.8,-0.22,-0.92,-0.06,-0.24
11/05/2018,24.02,-0.03,-0.12,-0.10,-0.43
11/02/2018,24.05,0.06,0.25,-0.15,-0.61
11/01/2018,23.99,0.91,3.94,-0.01,-0.03
10/31/2018,23.08,-0.38,-1.62,-0.13,-0.54
10/30/2018,23.46,-0.11,-0.47,-0.14,-0.61
10/29/2018,23.57,-0.38,-1.59,-0.09,-0.39
10/26/2018,23.95,-0.12,-0.50,-0.04,-0.15
10/25/2018,24.07,-0.58,-2.35,0.04,0.17
10/24/2018,24.65,-0.52,-2.07,-0.07,-0.29
10/23/2018,25.17,0.21,0.84,0.01,0.04
10/22/2018,24.96,-0.15,-0.60,-0.07,-0.26
10/19/2018,25.11,-0.03,-0.12,-0.12,-0.46
10/18/2018,25.14,-0.19,-0.75,-0.14,-0.54
10/17/2018,25.33,-0.06,-0.24,-0.21,-0.80
10/16/2018,25.39,0.26,1.03,-0.15,-0.60
10/15/2018,25.13,0.40,1.62,-0.09,-0.35
10/12/2018,24.73,0.13,0.53,-0.16,-0.64
10/11/2018,24.6,0.98,4.15,-0.04,-0.18
10/10/2018,23.62,-0.22,-0.92,-0.17,-0.71
10/09/2018,23.84,-0.07,-0.29,0.01,0.04
10/08/2018,23.91,0.03,0.13,0.01,0.06
10/05/2018,23.88,-0.11,-0.46,-0.08,-0.34
10/04/2018,23.99,-0.04,-0.17,-0.10,-0.41
10/03/2018,24.03,-0.20,-0.83,-0.15,-0.63
10/02/2018,24.23,0.24,1.00,-0.07,-0.30
10/01/2018,23.99,-0.29,-1.19,-0.09,-0.36
09/28/2018,24.28,0.17,0.71,-0.08,-0.31
09/27/2018,24.11,-0.12,-0.50,0.00,-0.02
09/26/2018,24.23,-0.36,-1.46,-0.08,-0.33
09/25/2018,24.59,0.08,0.33,-0.12,-0.48
09/24/2018,24.51,-0.20,-0.81,-0.20,-0.83
09/21/2018,24.71,-0.30,-1.20,0.01,0.04
09/20/2018,25.01,0.28,1.13,0.08,0.32
09/19/2018,24.73,0.63,2.61,0.05,0.19
09/18/2018,24.1,0.18,0.75,0.05,0.20
09/17/2018,23.92,0.27,1.14,-0.02,-0.09
09/14/2018,23.65,-0.11,-0.46,0.02,0.08
09/13/2018,23.76,-0.14,-0.59,0.03,0.11
09/12/2018,23.9,0.69,2.97,0.18,0.74
09/11/2018,23.21,-0.09,-0.39,0.14,0.61
09/10/2018,23.3,-0.29,-1.23,0.07,0.28
09/07/2018,23.59,-0.22,-0.92,-0.02,-0.09
09/06/2018,23.81,0.04,0.17,0.13,0.57
09/05/2018,23.77,-0.04,-0.17,0.11,0.45
09/04/2018,23.81,-0.88,-3.56,0.04,0.19
08/31/2018,24.69,-0.12,-0.48,-0.06,-0.23
08/30/2018,24.81,-0.49,-1.94,-0.03,-0.11
08/29/2018,25.3,0.10,0.40,0.09,0.35
08/28/2018,25.2,-0.47,-1.83,-0.07,-0.29
08/27/2018,25.67,0.49,1.95,0.07,0.29
08/24/2018,25.18,0.95,3.92,-0.01,-0.06
08/23/2018,24.23,-0.80,-3.20,-0.15,-0.60
08/22/2018,25.03,0.02,0.08,-0.07,-0.27
08/21/2018,25.01,0.27,1.09,0.03,0.13
08/20/2018,24.74,0.19,0.77,0.06,0.24
08/17/2018,24.55,0.66,2.76,0.08,0.31
08/16/2018,23.89,-0.25,-1.04,-0.13,-0.56
08/15/2018,24.14,-1.42,-5.56,-0.09,-0.39
08/14/2018,25.56,-0.12,-0.47,-0.07,-0.26
08/13/2018,25.68,-0.87,-3.28,-0.11,-0.45
08/10/2018,26.55,-0.36,-1.34,-0.09,-0.35
08/09/2018,26.91,0.15,0.56,-0.08,-0.28
08/08/2018,26.76,-0.09,-0.34,0.08,0.31
08/07/2018,26.85,-0.06,-0.22,0.00,0.01
08/06/2018,26.91,-0.29,-1.07,-0.06,-0.22
08/03/2018,27.2,0.28,1.04,-0.06,-0.21
08/02/2018,26.92,-0.38,-1.39,-0.06,-0.21
08/01/2018,27.3,-0.41,-1.48,-0.07,-0.26
07/31/2018,27.71,0.36,1.32,0.04,0.15
07/30/2018,27.35,-0.16,-0.58,-0.01,-0.04
07/27/2018,27.51,-0.21,-0.76,-0.03,-0.10
07/26/2018,27.72,-0.56,-1.98,-0.06,-0.21
07/25/2018,28.28,0.06,0.21,0.15,0.53
07/24/2018,28.22,0.59,2.14,-0.05,-0.17
07/23/2018,27.63,-0.44,-1.57,-0.06,-0.20
07/20/2018,28.07,0.29,1.04,0.08,0.28
07/19/2018,27.78,-0.58,-2.05,0.09,0.32
07/18/2018,28.36,0.06,0.21,0.24,0.85
07/17/2018,28.3,-0.12,-0.42,0.19,0.67
07/16/2018,28.42,-0.22,-0.77,0.16,0.58
07/13/2018,28.64,-0.17,-0.59,0.14,0.49
07/12/2018,28.81,0.31,1.09,0.14,0.48
07/11/2018,28.5,-0.98,-3.32,-0.02,-0.05
07/10/2018,29.48,0.00,0.00,0.11,0.36
07/09/2018,29.48,0.03,0.10,0.07,0.24
07/06/2018,29.45,0.24,0.82,0.09,0.30
07/05/2018,29.21,0.24,0.83,-0.02,-0.07
07/03/2018,28.97,0.38,1.33,-0.01,-0.04
07/02/2018,28.59,-0.28,-0.97,0.20,0.69
06/29/2018,28.87,0.45,1.58,0.02,0.08
06/28/2018,28.42,-0.12,-0.42,0.12,0.42
06/27/2018,28.54,-0.40,-1.38,-0.05,-0.17
06/26/2018,28.94,-0.06,-0.21,0.06,0.21
06/25/2018,29,-0.27,-0.92,0.12,0.41
06/22/2018,29.27,0.43,1.49,0.05,0.16
06/21/2018,28.84,-0.13,-0.45,0.07,0.24
06/20/2018,28.97,0.06,0.21,0.00,-0.00
06/19/2018,28.91,-0.55,-1.87,0.03,0.09
06/18/2018,29.46,-0.12,-0.41,0.08,0.26
06/15/2018,29.58,-0.68,-2.25,0.02,0.08
06/14/2018,30.26,-0.03,-0.10,0.01,0.04
06/13/2018,30.29,0.14,0.46,0.09,0.30
06/12/2018,30.15,-0.11,-0.36,0.03,0.09
06/11/2018,30.26,0.08,0.27,0.13,0.42
06/08/2018,30.18,-0.29,-0.95,0.20,0.68
06/07/2018,30.47,-0.09,-0.29,0.09,0.30
06/06/2018,30.56,0.06,0.20,0.15,0.48
06/05/2018,30.5,0.00,0.00,0.32,1.04
06/04/2018,30.5,0.00,0.00,0.39,1.29
06/01/2018,30.5,0.01,0.03,0.11,0.37
05/31/2018,30.49,0.00,0.00,0.28,0.91
05/30/2018,30.49,0.14,0.46,0.16,0.53
05/29/2018,30.35,-0.28,-0.91,0.09,0.29
05/25/2018,30.63,-0.48,-1.54,0.08,0.27
05/24/2018,31.11,0.07,0.23,0.19,0.63
05/23/2018,31.04,-0.01,-0.03,0.22,0.72
05/22/2018,31.05,0.33,1.07,0.12,0.39
05/21/2018,30.72,-0.01,-0.03,0.20,0.65
05/18/2018,30.73,0.01,0.03,0.11,0.37
05/17/2018,30.72,0.05,0.16,0.08,0.25
05/16/2018,30.67,0.31,1.02,0.12,0.40
05/15/2018,30.36,-0.66,-2.13,0.04,0.12
05/14/2018,31.02,-0.25,-0.80,-0.09,-0.30
05/11/2018,31.27,0.09,0.29,0.06,0.20
05/10/2018,31.18,0.59,1.93,0.17,0.53
05/09/2018,30.59,0.00,0.00,0.09,0.28
05/08/2018,30.59,-0.15,-0.49,0.14,0.46
05/07/2018,30.74,-0.10,-0.32,0.05,0.15
05/04/2018,30.84,0.12,0.39,0.06,0.20
05/03/2018,30.72,0.09,0.29,0.10,0.33
05/02/2018,30.63,0.19,0.62,0.00,-0.01
05/01/2018,30.44,-0.18,-0.59,0.06,0.19
04/30/2018,30.62,-0.29,-0.94,-0.04,-0.14
04/27/2018,30.91,0.03,0.10,0.00,-0.01
04/26/2018,30.88,0.07,0.23,0.02,0.07
04/25/2018,30.81,-0.18,-0.58,0.01,0.04
04/24/2018,30.99,0.19,0.62,-0.05,-0.17
04/23/2018,30.8,-0.65,-2.07,-0.09,-0.29
04/20/2018,31.45,-0.37,-1.16,-0.16,-0.51
04/19/2018,31.82,0.10,0.32,-0.07,-0.21
04/18/2018,31.72,0.77,2.49,-0.07,-0.21
04/17/2018,30.95,0.25,0.81,0.03,0.09
04/16/2018,30.7,-0.39,-1.25,0.13,0.42
04/13/2018,31.09,0.24,0.78,-0.03,-0.10
04/12/2018,30.85,0.14,0.46,0.02,0.07
04/11/2018,30.71,0.31,1.02,-0.08,-0.25
04/10/2018,30.4,0.56,1.88,0.13,0.43
04/09/2018,29.84,-0.54,-1.78,0.10,0.33
04/06/2018,30.38,-0.36,-1.17,0.03,0.11
04/05/2018,30.74,0.13,0.42,0.13,0.42
04/04/2018,30.61,0.26,0.86,0.20,0.66
04/03/2018,30.35,-0.31,-1.01,0.09,0.28
04/02/2018,30.66,-0.03,-0.10,0.09,0.29
03/29/2018,30.69,0.56,1.86,0.20,0.66
03/28/2018,30.13,-0.41,-1.34,0.06,0.20
03/27/2018,30.54,-0.35,-1.13,-0.04,-0.15
03/26/2018,30.89,0.34,1.11,0.12,0.38
03/23/2018,30.55,0.46,1.53,-0.04,-0.13
03/22/2018,30.09,-0.33,-1.08,0.01,0.04
03/21/2018,30.42,1.09,3.72,0.25,0.84
03/20/2018,29.33,-0.36,-1.21,0.07,0.25
03/19/2018,29.69,-0.30,-1.00,0.07,0.23
03/16/2018,29.99,-0.02,-0.07,0.11,0.38
03/15/2018,30.01,-0.51,-1.67,0.02,0.08
03/14/2018,30.52,-0.22,-0.72,0.03,0.11
03/13/2018,30.74,0.15,0.49,0.04,0.14
03/12/2018,30.59,0.16,0.53,0.13,0.43
03/09/2018,30.43,0.23,0.76,0.11,0.38
03/08/2018,30.2,-0.03,-0.10,0.15,0.49
03/07/2018,30.23,-0.40,-1.31,0.14,0.48
03/06/2018,30.63,0.69,2.30,0.13,0.42
03/05/2018,29.94,0.01,0.03,0.11,0.36
03/02/2018,29.93,0.22,0.74,0.16,0.52
03/01/2018,29.71,0.10,0.34,0.09,0.30
02/28/2018,29.61,-0.50,-1.66,-0.01,-0.05
02/27/2018,30.11,-0.78,-2.53,-0.03,-0.10
02/26/2018,30.89,0.45,1.48,0.17,0.56
02/23/2018,30.44,0.10,0.33,0.14,0.45
02/22/2018,30.34,0.03,0.10,0.10,0.34
02/21/2018,30.31,-0.16,-0.53,-0.07,-0.24
02/20/2018,30.47,-0.87,-2.78,-0.03,-0.10
02/16/2018,31.34,-0.44,-1.38,0.13,0.42
02/15/2018,31.78,0.39,1.24,0.27,0.87
02/14/2018,31.39,1.44,4.81,0.27,0.85
02/13/2018,29.95,-0.02,-0.07,0.08,0.27
02/12/2018,29.97,1.17,4.06,0.14,0.46
02/09/2018,28.8,-0.58,-1.97,-0.01,-0.02
02/08/2018,29.38,-0.26,-0.88,-0.22,-0.75
02/07/2018,29.64,-0.91,-2.98,-0.16,-0.53
02/06/2018,30.55,-0.11,-0.36,0.17,0.58
02/05/2018,30.66,-0.22,-0.71,-0.34,-1.09
02/02/2018,30.88,-1.37,-4.25,-0.15,-0.49
02/01/2018,32.25,-0.09,-0.28,0.14,0.44
01/31/2018,32.34,0.38,1.19,0.08,0.26
01/30/2018,31.96,-0.41,-1.27,-0.04,-0.12
01/29/2018,32.37,-0.73,-2.21,-0.03,-0.10
01/26/2018,33.1,0.14,0.42,-0.11,-0.33
01/25/2018,32.96,-0.93,-2.74,-0.35,-1.06
01/24/2018,33.89,0.83,2.51,0.05,0.14
01/23/2018,33.06,0.06,0.18,0.01,0.03
01/22/2018,33,-0.07,-0.21,-0.06,-0.18
01/19/2018,33.07,0.32,0.98,-0.07,-0.21
01/18/2018,32.75,-0.66,-1.98,-0.11,-0.35
01/17/2018,33.41,-0.32,-0.95,-0.03,-0.08
01/16/2018,33.73,-0.01,-0.03,0.05,0.15
01/12/2018,33.74,0.70,2.12,0.12,0.35
01/11/2018,33.04,0.24,0.73,-0.02,-0.06
01/10/2018,32.8,0.31,0.95,-0.10,-0.30
01/09/2018,32.49,-0.08,-0.25,-0.07,-0.20
01/08/2018,32.57,-0.23,-0.70,-0.10,-0.31
01/05/2018,32.8,-0.13,-0.39,0.03,0.11
01/04/2018,32.93,0.12,0.37,0.01,0.04
01/03/2018,32.81,-0.73,-2.18,-0.02,-0.07
01/02/2018,33.54,0.91,2.79,0.01,0.03
12/29/2017,32.63,0.19,0.59,-0.07,-0.22
12/28/2017,32.44,0.01,0.03,-0.01,-0.04
12/27/2017,32.43,-0.06,-0.18,0.04,0.13
12/26/2017,32.49,0.44,1.37,0.39,1.21
12/22/2017,32.05,0.16,0.50,0.13,0.39
12/21/2017,31.89,0.07,0.22,-0.06,-0.20
12/20/2017,31.82,0.46,1.47,-0.10,-0.30
12/19/2017,31.36,-0.24,-0.76,-0.01,-0.04
12/18/2017,31.6,0.58,1.87,-0.11,-0.36
12/15/2017,31.02,0.14,0.45,-0.02,-0.06
12/14/2017,30.88,-0.21,-0.68,0.08,0.25
12/13/2017,31.09,1.11,3.70,0.14,0.46
12/12/2017,29.98,-0.23,-0.76,0.02,0.06
12/11/2017,30.21,0.32,1.07,-0.10,-0.33
12/08/2017,29.89,0.29,0.98,0.02,0.06
12/07/2017,29.6,-0.18,-0.60,-0.04,-0.12
12/06/2017,29.78,-0.47,-1.55,0.02,0.08
12/05/2017,30.25,-0.35,-1.14,0.01,0.04
12/04/2017,30.6,-0.44,-1.42,0.08,0.26
12/01/2017,31.04,-0.01,-0.03,0.05,0.15
11/30/2017,31.05,0.02,0.06,0.08,0.25
11/29/2017,31.03,-0.49,-1.55,0.04,0.13
11/28/2017,31.52,0.15,0.48,0.19,0.60
11/27/2017,31.37,-0.29,-0.92,-0.09,-0.29
11/24/2017,31.66,-0.06,-0.19,-0.04,-0.11
11/22/2017,31.72,0.62,1.99,-0.01,-0.04
11/21/2017,31.1,0.45,1.47,0.01,0.03
11/20/2017,30.65,-0.40,-1.29,0.00,0.00
11/17/2017,31.05,0.53,1.74,0.15,0.50
11/16/2017,30.52,-0.03,-0.10,0.04,0.13
11/15/2017,30.55,0.07,0.23,0.03,0.08
11/14/2017,30.48,-0.15,-0.49,0.11,0.35
11/13/2017,30.63,-0.19,-0.62,0.06,0.20
11/10/2017,30.82,-0.62,-1.97,0.07,0.24
11/09/2017,31.44,-0.29,-0.91,0.10,0.34
11/08/2017,31.73,0.11,0.35,-0.04,-0.14
11/07/2017,31.62,-0.32,-1.00,0.03,0.10
11/06/2017,31.94,0.58,1.85,0.13,0.42
11/03/2017,31.36,-0.56,-1.75,0.11,0.34
11/02/2017,31.92,-0.19,-0.59,0.04,0.12
11/01/2017,32.11,0.11,0.34,0.07,0.22
10/31/2017,32,-0.28,-0.87,0.04,0.11
10/30/2017,32.28,0.28,0.88,0.04,0.13
10/27/2017,32,0.08,0.25,0.13,0.40
10/26/2017,31.92,-0.83,-2.53,0.02,0.06
10/25/2017,32.75,-0.44,-1.33,0.11,0.32
10/24/2017,33.19,-0.32,-0.95,0.14,0.41
10/23/2017,33.51,0.19,0.57,0.17,0.51
10/20/2017,33.32,-0.37,-1.10,0.10,0.29
10/19/2017,33.69,0.35,1.05,0.02,0.06
10/18/2017,33.34,-0.22,-0.66,0.08,0.24
10/17/2017,33.56,-0.07,-0.21,0.22,0.67
10/16/2017,33.63,-0.65,-1.90,-0.09,-0.26
10/13/2017,34.28,-0.08,-0.23,-0.01,-0.03
10/12/2017,34.36,0.01,0.03,0.04,0.11
10/11/2017,34.35,0.25,0.73,0.15,0.42
10/10/2017,34.1,-0.23,-0.67,-0.01,-0.02
10/09/2017,34.33,0.38,1.12,0.15,0.44
10/06/2017,33.95,0.26,0.77,0.12,0.36
10/05/2017,33.69,-0.23,-0.68,-0.07,-0.20
10/04/2017,33.92,0.37,1.10,0.09,0.25
10/03/2017,33.55,0.44,1.33,0.11,0.33
10/02/2017,33.11,0.16,0.49,0.03,0.10
09/29/2017,32.95,-0.07,-0.21,0.01,0.02
09/28/2017,33.02,0.06,0.18,0.09,0.28
09/27/2017,32.96,-0.37,-1.11,0.01,0.04
09/26/2017,33.33,-0.57,-1.68,0.08,0.24
09/25/2017,33.9,0.44,1.32,0.12,0.37
09/22/2017,33.46,0.52,1.58,0.09,0.28
09/21/2017,32.94,-0.30,-0.90,0.09,0.27
09/20/2017,33.24,-0.30,-0.89,-0.09,-0.27
09/19/2017,33.54,0.23,0.69,0.04,0.10
09/18/2017,33.31,-0.76,-2.23,0.02,0.06
09/15/2017,34.07,-0.27,-0.79,0.07,0.20
09/14/2017,34.34,-0.02,-0.06,0.17,0.50
09/13/2017,34.36,-0.93,-2.64,0.08,0.23
09/12/2017,35.29,0.40,1.15,0.09,0.26
09/11/2017,34.89,-0.77,-2.16,-0.06,-0.18
09/08/2017,35.66,-0.61,-1.68,0.10,0.27
09/07/2017,36.27,0.84,2.37,0.03,0.09
09/06/2017,35.43,-0.43,-1.20,-0.03,-0.08
09/05/2017,35.86,0.70,1.99,0.05,0.14
09/01/2017,35.16,0.14,0.40,0.09,0.24
08/31/2017,35.02,0.38,1.10,0.20,0.57
08/30/2017,34.64,-0.27,-0.77,0.07,0.21
08/29/2017,34.91,-0.13,-0.37,-0.02,-0.05
08/28/2017,35.04,1.21,3.58,0.28,0.81
08/25/2017,33.83,-0.01,-0.03,0.11,0.31
08/24/2017,33.84,0.37,1.11,0.02,0.06
08/23/2017,33.47,0.28,0.84,0.11,0.34
08/22/2017,33.19,-0.32,-0.95,-0.03,-0.09
08/21/2017,33.51,0.31,0.93,0.06,0.19
08/18/2017,33.2,-0.10,-0.30,0.08,0.24
08/17/2017,33.3,-0.07,-0.21,-0.02,-0.06
08/16/2017,33.37,0.62,1.89,0.21,0.64
08/15/2017,32.75,-0.76,-2.27,0.09,0.27
08/14/2017,33.51,-0.30,-0.89,0.04,0.11
08/11/2017,33.81,-0.09,-0.27,0.18,0.52
08/10/2017,33.9,0.59,1.77,0.06,0.17
08/09/2017,33.31,0.66,2.02,0.12,0.38
08/08/2017,32.65,0.01,0.03,0.20,0.62
08/07/2017,32.64,-0.11,-0.34,0.04,0.13
08/04/2017,32.75,-1.16,-3.42,0.13,0.40
08/03/2017,33.91,-0.04,-0.12,0.03,0.09
08/02/2017,33.95,-0.32,-0.93,-0.05,-0.15
08/01/2017,34.27,-0.31,-0.90,-0.12,-0.35
07/31/2017,34.58,0.02,0.06,0.11,0.31
07/28/2017,34.56,0.46,1.35,0.08,0.24
07/27/2017,34.1,-0.74,-2.12,0.02,0.07
07/26/2017,34.84,1.17,3.47,0.36,1.05
07/25/2017,33.67,0.11,0.33,0.08,0.24
07/24/2017,33.56,-0.63,-1.84,0.06,0.18
07/21/2017,34.19,0.19,0.56,0.07,0.19
07/20/2017,34,0.18,0.53,-0.04,-0.12
07/19/2017,33.82,-0.20,-0.59,0.06,0.19
07/18/2017,34.02,0.21,0.62,0.12,0.35
07/17/2017,33.81,0.67,2.02,0.02,0.05
07/14/2017,33.14,0.76,2.35,0.04,0.11
07/13/2017,32.38,-0.42,-1.28,0.04,0.11
07/12/2017,32.8,0.16,0.49,0.11,0.34
07/11/2017,32.64,0.26,0.80,0.09,0.29
07/10/2017,32.38,0.63,1.98,0.01,0.04
07/07/2017,31.75,-0.58,-1.79,0.14,0.43
07/06/2017,32.33,-0.84,-2.53,0.10,0.29
07/05/2017,33.17,-0.87,-2.56,0.03,0.10
07/03/2017,34.04,0.13,0.38,0.78,2.33
06/30/2017,33.91,0.17,0.50,-0.03,-0.09
06/29/2017,33.74,-0.97,-2.79,-0.08,-0.25
06/28/2017,34.71,0.37,1.08,0.00,-0.01
06/27/2017,34.34,-0.18,-0.52,-0.03,-0.08
06/26/2017,34.52,-0.31,-0.89,-0.05,-0.15
06/23/2017,34.83,0.81,2.38,-0.04,-0.12
06/22/2017,34.02,0.47,1.40,-0.01,-0.04
06/21/2017,33.55,0.46,1.39,-0.01,-0.02
06/20/2017,33.09,-0.18,-0.54,-0.04,-0.13
06/19/2017,33.27,-0.50,-1.48,-0.15,-0.46
06/16/2017,33.77,0.19,0.57,0.15,0.43
06/15/2017,33.58,-0.54,-1.58,0.04,0.13
06/14/2017,34.12,-1.29,-3.64,-0.42,-1.22
06/13/2017,35.41,0.46,1.32,0.10,0.29
06/12/2017,34.95,-0.52,-1.47,0.07,0.21
06/09/2017,35.47,-0.59,-1.64,-0.11,-0.30
06/08/2017,36.06,-0.18,-0.50,0.03,0.09
06/07/2017,36.24,-0.36,-0.98,-0.13,-0.35
06/06/2017,36.6,1.41,4.01,0.01,0.04
06/05/2017,35.19,0.02,0.06,0.04,0.11
06/02/2017,35.17,0.19,0.54,0.00,0.01
06/01/2017,34.98,-0.04,-0.11,0.02,0.05
05/31/2017,35.02,-0.25,-0.71,0.06,0.19
05/30/2017,35.27,-0.64,-1.78,0.06,0.16
05/26/2017,35.91,0.26,0.73,0.09,0.26
05/25/2017,35.65,-0.21,-0.59,-0.01,-0.04
05/24/2017,35.86,0.30,0.84,0.22,0.62
05/23/2017,35.56,-1.07,-2.92,-0.07,-0.21
05/22/2017,36.63,0.36,0.99,0.12,0.33
05/19/2017,36.27,0.43,1.20,0.12,0.34
05/18/2017,35.84,-0.99,-2.69,-0.04,-0.11
05/17/2017,36.83,0.50,1.38,0.03,0.08
05/16/2017,36.33,0.77,2.17,0.08,0.22
05/15/2017,35.56,0.20,0.57,0.00,0.01
05/12/2017,35.36,0.38,1.09,-0.03,-0.07
05/11/2017,34.98,1.19,3.52,0.05,0.15
05/10/2017,33.79,0.60,1.81,-0.01,-0.02
05/09/2017,33.19,0.16,0.48,0.00,0.01
05/08/2017,33.03,-0.31,-0.93,-0.05,-0.14
05/05/2017,33.34,0.88,2.71,0.06,0.19
05/04/2017,32.46,-1.17,-3.48,-0.04,-0.14
05/03/2017,33.63,-0.28,-0.83,-0.16,-0.47
05/02/2017,33.91,-0.08,-0.24,-0.03,-0.09
05/01/2017,33.99,-0.85,-2.44,-0.28,-0.82
04/28/2017,34.84,0.64,1.87,-0.03,-0.09
04/27/2017,34.2,-0.82,-2.34,-0.10,-0.30
04/26/2017,35.02,0.63,1.83,-0.12,-0.35
04/25/2017,34.39,-1.13,-3.18,-0.20,-0.58
04/24/2017,35.52,-0.43,-1.20,-0.11,-0.30
04/21/2017,35.95,-0.25,-0.69,-0.10,-0.27
04/20/2017,36.2,0.21,0.58,-0.08,-0.22
04/19/2017,35.99,-1.42,-3.80,-0.25,-0.68
04/18/2017,37.41,-0.28,-0.74,-0.05,-0.12
04/17/2017,37.69,-0.38,-1.00,-0.18,-0.47
04/13/2017,38.07,0.16,0.42,0.00,-0.01
04/12/2017,37.91,0.02,0.05,0.09,0.24
04/11/2017,37.89,1.16,3.16,0.01,0.03
04/10/2017,36.73,-0.22,-0.60,-0.04,-0.12
04/07/2017,36.95,0.08,0.22,-0.17,-0.47
04/06/2017,36.87,0.35,0.96,0.03,0.08
04/05/2017,36.52,-0.30,-0.81,-0.04,-0.10
04/04/2017,36.82,0.42,1.15,0.06,0.16
04/03/2017,36.4,0.40,1.11,0.03,0.07
03/31/2017,36,0.45,1.27,0.11,0.32
03/30/2017,35.55,-0.29,-0.81,-0.09,-0.25
03/29/2017,35.84,-0.04,-0.11,0.16,0.44
03/28/2017,35.88,-0.64,-1.75,-0.14,-0.38
03/27/2017,36.52,0.69,1.93,0.13,0.36
03/24/2017,35.83,0.01,0.03,0.04,0.12
03/23/2017,35.82,-0.30,-0.83,0.09,0.25
03/22/2017,36.12,0.11,0.31,-0.04,-0.10
03/21/2017,36.01,0.38,1.07,0.02,0.06
03/20/2017,35.63,0.50,1.42,0.07,0.20
03/17/2017,35.13,-0.46,-1.29,-0.06,-0.17
03/16/2017,35.59,-0.13,-0.36,-0.06,-0.17
03/15/2017,35.72,2.86,8.70,0.59,1.68
03/14/2017,32.86,-1.25,-3.66,-0.29,-0.87
03/13/2017,34.11,0.63,1.88,0.02,0.06
03/10/2017,33.48,0.96,2.95,0.13,0.39
03/09/2017,32.52,-0.57,-1.72,-0.09,-0.29
03/08/2017,33.09,-0.29,-0.87,0.00,0.01
03/07/2017,33.38,-0.27,-0.80,-0.11,-0.33
03/06/2017,33.65,-1.52,-4.32,-0.17,-0.49
03/03/2017,35.17,0.66,1.91,0.22,0.62
03/02/2017,34.51,-2.48,-6.70,-0.25,-0.72
03/01/2017,36.99,0.69,1.90,0.13,0.34
02/28/2017,36.3,0.42,1.17,-0.08,-0.23
02/27/2017,35.88,-2.42,-6.32,-0.48,-1.31
02/24/2017,38.3,-0.83,-2.12,-0.03,-0.08
02/23/2017,39.13,0.49,1.27,0.10,0.25
02/22/2017,38.64,-0.33,-0.85,0.10,0.27
02/21/2017,38.97,-0.25,-0.64,0.13,0.32
02/17/2017,39.22,-0.45,-1.13,0.09,0.24
02/16/2017,39.67,0.33,0.84,0.06,0.15
02/15/2017,39.34,-0.63,-1.58,0.14,0.36
02/14/2017,39.97,0.16,0.40,0.23,0.57
02/13/2017,39.81,-0.45,-1.12,0.08,0.21
02/10/2017,40.26,0.54,1.36,0.11,0.26
02/09/2017,39.72,-1.46,-3.55,0.10,0.26
02/08/2017,41.18,0.34,0.83,0.10,0.24
02/07/2017,40.84,0.20,0.49,0.21,0.52
02/06/2017,40.64,1.48,3.78,0.28,0.70
02/03/2017,39.16,0.06,0.15,0.01,0.03
02/02/2017,39.1,0.61,1.58,0.05,0.13
02/01/2017,38.49,0.32,0.84,0.15,0.39
01/31/2017,38.17,1.17,3.16,0.13,0.34
01/30/2017,37,-0.34,-0.91,0.03,0.09
01/27/2017,37.34,1.03,2.84,0.12,0.33
01/26/2017,36.31,-1.50,-3.97,0.08,0.21
01/25/2017,37.81,-0.28,-0.74,0.20,0.53
01/24/2017,38.09,-0.25,-0.65,-0.03,-0.07
01/23/2017,38.34,1.20,3.23,0.15,0.40
01/20/2017,37.14,0.50,1.36,0.18,0.50
01/19/2017,36.64,-0.22,-0.60,0.13,0.35
01/18/2017,36.86,-0.69,-1.84,-0.20,-0.55
01/17/2017,37.55,0.96,2.62,0.15,0.41
01/13/2017,36.59,0.65,1.81,0.19,0.51
01/12/2017,35.94,-0.20,-0.55,-0.03,-0.07
01/11/2017,36.14,-0.22,-0.61,0.22,0.60
01/10/2017,36.36,0.56,1.56,0.05,0.15
01/09/2017,35.8,0.30,0.85,0.07,0.19
01/06/2017,35.5,-1.85,-4.95,0.09,0.26
01/05/2017,37.35,2.85,8.26,0.15,0.40
01/04/2017,34.5,0.66,1.95,0.10,0.28
01/03/2017,33.84,1.72,5.35,0.05,0.15
12/30/2016,32.12,-1.63,-4.83,-0.25,-0.78
12/29/2016,33.75,2.19,6.94,0.04,0.12
12/28/2016,31.56,-0.49,-1.53,0.01,0.04
12/27/2016,32.05,0.82,2.63,0.52,1.66
12/23/2016,31.23,0.39,1.26,0.01,0.02
12/22/2016,30.84,-0.10,-0.32,-0.19,-0.61
12/21/2016,30.94,-0.24,-0.77,-0.15,-0.49
12/20/2016,31.18,-0.23,-0.73,0.00,0.01
12/19/2016,31.41,-0.13,-0.41,-0.18,-0.58
12/16/2016,31.54,-0.33,-1.04,0.00,0.00
12/15/2016,31.87,-2.04,-6.02,0.06,0.19
12/14/2016,33.91,-1.42,-4.02,-0.59,-1.71
12/13/2016,35.33,0.44,1.26,-0.02,-0.07
12/12/2016,34.89,0.42,1.22,0.02,0.04
12/09/2016,34.47,-1.30,-3.63,-0.14,-0.41
12/08/2016,35.77,-0.29,-0.80,-0.01,-0.02
12/07/2016,36.06,0.43,1.21,-0.01,-0.04
12/06/2016,35.63,-0.34,-0.95,-0.07,-0.21
12/05/2016,35.97,0.01,0.03,0.00,0.01
12/02/2016,35.96,1.46,4.23,-0.02,-0.05
12/01/2016,34.5,-0.19,-0.55,-0.06,-0.19
11/30/2016,34.69,-0.42,-1.20,-0.12,-0.33
11/29/2016,35.11,-0.09,-0.26,-0.04,-0.11
11/28/2016,35.2,1.15,3.38,-0.03,-0.08
11/25/2016,34.05,0.02,0.06,-0.03,-0.08
11/23/2016,34.03,-1.70,-4.76,-0.05,-0.15
11/22/2016,35.73,0.11,0.31,0.01,0.04
11/21/2016,35.62,0.98,2.83,-0.01,-0.02
11/18/2016,34.64,-0.57,-1.62,-0.07,-0.19
11/17/2016,35.21,-0.79,-2.19,-0.32,-0.91
11/16/2016,36,-0.53,-1.45,-0.10,-0.28
11/15/2016,36.53,1.33,3.78,0.09,0.25
11/14/2016,35.2,0.14,0.40,0.06,0.16
11/11/2016,35.06,-3.63,-9.38,-0.04,-0.11
11/10/2016,38.69,-3.76,-8.86,-0.05,-0.12
11/09/2016,42.45,1.70,4.17,0.02,0.04
11/08/2016,40.75,0.20,0.49,0.03,0.07
11/07/2016,40.55,-0.67,-1.63,0.06,0.16
11/04/2016,41.22,-0.63,-1.51,0.01,0.02
11/03/2016,41.85,0.22,0.53,-0.07,-0.16
11/02/2016,41.63,-0.25,-0.60,-0.10,-0.24
11/01/2016,41.88,1.28,3.15,-0.05,-0.13
10/31/2016,40.6,0.76,1.91,-0.03,-0.08
10/28/2016,39.84,-0.04,-0.10,-0.02,-0.06
10/27/2016,39.88,-0.53,-1.31,-0.08,-0.21
10/26/2016,40.41,-1.12,-2.70,-0.11,-0.28
10/25/2016,41.53,0.84,2.06,0.01,0.03
10/24/2016,40.69,-0.83,-2.00,-0.04,-0.11
10/21/2016,41.52,-0.20,-0.48,-0.01,-0.02
10/20/2016,41.72,-0.26,-0.62,0.05,0.13
10/19/2016,41.98,0.89,2.17,-0.03,-0.06
10/18/2016,41.09,1.62,4.10,0.06,0.14
10/17/2016,39.47,0.90,2.33,0.07,0.18
10/14/2016,38.57,-1.12,-2.82,-0.08,-0.20
10/13/2016,39.69,0.58,1.48,0.14,0.35
10/12/2016,39.11,0.83,2.17,0.09,0.22
10/11/2016,38.28,-1.26,-3.19,-0.13,-0.34
10/10/2016,39.54,0.41,1.05,-0.05,-0.13
10/07/2016,39.13,0.54,1.40,0.01,0.03
10/06/2016,38.59,-1.11,-2.80,-0.06,-0.17
10/05/2016,39.7,-0.07,-0.18,-0.12,-0.29
10/04/2016,39.77,-4.26,-9.68,-0.30,-0.74
10/03/2016,44.03,-0.46,-1.03,-0.08,-0.17
09/30/2016,44.49,-0.83,-1.83,-0.14,-0.32
09/29/2016,45.32,-0.25,-0.55,-0.03,-0.08
09/28/2016,45.57,1.08,2.43,0.23,0.51
09/27/2016,44.49,-0.68,-1.51,0.09,0.21
09/26/2016,45.17,-0.72,-1.57,-0.10,-0.22
09/23/2016,45.89,-1.53,-3.23,-0.08,-0.17
09/22/2016,47.42,-0.08,-0.17,-0.04,-0.09
09/21/2016,47.5,3.03,6.81,0.29,0.60
09/20/2016,44.47,0.18,0.41,-0.07,-0.15
09/19/2016,44.29,0.68,1.56,-0.08,-0.19
09/16/2016,43.61,-0.98,-2.20,-0.10,-0.24
09/15/2016,44.59,0.18,0.41,-0.05,-0.11
09/14/2016,44.41,0.25,0.57,-0.02,-0.06
09/13/2016,44.16,-2.38,-5.11,-0.16,-0.36
09/12/2016,46.54,1.29,2.85,0.08,0.18
09/09/2016,45.25,-3.17,-6.55,-0.19,-0.41
09/08/2016,48.42,-0.77,-1.57,-0.23,-0.47
09/07/2016,49.19,0.19,0.39,-0.05,-0.09
09/06/2016,49,2.47,5.31,-0.07,-0.14
09/02/2016,46.53,2.01,4.51,0.06,0.14
09/01/2016,44.52,1.41,3.27,-0.03,-0.06
08/31/2016,43.11,-1.12,-2.53,-0.07,-0.16
08/30/2016,44.23,-2.37,-5.09,-0.12,-0.26
08/29/2016,46.6,0.46,1.00,-0.07,-0.14
08/26/2016,46.14,0.09,0.20,-0.32,-0.68
08/25/2016,46.05,0.56,1.23,-0.12,-0.25
08/24/2016,45.49,-3.92,-7.93,-0.12,-0.27
08/23/2016,49.41,-0.77,-1.53,-0.17,-0.34
08/22/2016,50.18,-1.41,-2.73,-0.08,-0.15
08/19/2016,51.59,-1.69,-3.17,0.01,0.03
08/18/2016,53.28,0.92,1.76,-0.02,-0.04
08/17/2016,52.36,-1.20,-2.24,-0.01,-0.02
08/16/2016,53.56,0.19,0.36,0.14,0.25
08/15/2016,53.37,0.30,0.57,0.16,0.30
08/12/2016,53.07,-0.22,-0.41,0.05,0.09
08/11/2016,53.29,0.31,0.59,0.08,0.15
08/10/2016,52.98,0.81,1.55,0.11,0.21
08/09/2016,52.17,0.59,1.14,0.08,0.16
08/08/2016,51.58,1.06,2.10,0.20,0.38
08/05/2016,50.52,-1.46,-2.81,0.14,0.28
08/04/2016,51.98,0.19,0.37,0.18,0.34
08/03/2016,51.79,-0.51,-0.98,0.16,0.30
08/02/2016,52.3,0.65,1.26,0.20,0.39
08/01/2016,51.65,0.76,1.49,0.50,0.97
07/29/2016,50.89,1.35,2.73,0.14,0.28
07/28/2016,49.54,0.54,1.10,0.25,0.51
07/27/2016,49,1.78,3.77,0.31,0.65
07/26/2016,47.22,1.55,3.39,0.17,0.37
07/25/2016,45.67,-1.70,-3.59,0.07,0.15
07/22/2016,47.37,-0.14,-0.29,0.12,0.24
07/21/2016,47.51,1.45,3.15,0.02,0.04
07/20/2016,46.06,-2.91,-5.94,0.02,0.04
07/19/2016,48.97,-0.62,-1.25,0.07,0.15
07/18/2016,49.59,0.12,0.24,0.18,0.36
07/15/2016,49.47,-0.83,-1.65,0.11,0.22
07/14/2016,50.3,-0.03,-0.06,0.11,0.22
07/13/2016,50.33,1.72,3.54,0.15,0.30
07/12/2016,48.61,-1.57,-3.13,0.15,0.30
07/11/2016,50.18,1.18,2.41,0.10,0.20
07/08/2016,49,1.80,3.81,0.27,0.55
07/07/2016,47.2,-1.81,-3.69,0.08,0.17
07/06/2016,49.01,2.31,4.95,0.31,0.64
07/05/2016,46.7,0.72,1.57,0.10,0.21
07/01/2016,45.98,2.64,6.09,0.83,1.83
06/30/2016,43.34,1.19,2.82,0.21,0.48
06/29/2016,42.15,2.06,5.14,0.09,0.21
06/28/2016,40.09,0.18,0.45,0.22,0.55
06/27/2016,39.91,0.29,0.73,0.19,0.49
06/24/2016,39.62,1.01,2.62,0.00,0.01
06/23/2016,38.61,0.41,1.07,0.11,0.29
06/22/2016,38.2,0.14,0.37,0.06,0.15
06/21/2016,38.06,-0.81,-2.08,0.07,0.19
06/20/2016,38.87,38.87,0.00,0.06,0.17
06/17/2016,0,-37.79,-100.00,0.00,0.00
06/16/2016,37.79,-0.82,-2.12,0.15,0.41
06/15/2016,38.61,1.55,4.18,0.13,0.35
06/14/2016,37.06,-1.01,-2.65,0.13,0.36
06/13/2016,38.07,0.07,0.18,0.00,0.00
06/10/2016,38,-0.70,-1.81,-0.03,-0.09
06/09/2016,38.7,0.47,1.23,0.13,0.34
06/08/2016,38.23,1.50,4.08,0.07,0.20
06/07/2016,36.73,-0.24,-0.65,-0.01,-0.03
06/06/2016,36.97,0.38,1.04,-0.05,-0.15
06/03/2016,36.59,3.25,9.75,0.08,0.21
06/02/2016,33.34,0.18,0.54,-0.06,-0.17
06/01/2016,33.16,0.05,0.15,-0.05,-0.15
05/31/2016,33.11,0.41,1.25,-0.10,-0.29
05/27/2016,32.7,-1.18,-3.48,-0.01,-0.03
05/26/2016,33.88,-0.03,-0.09,-0.02,-0.05
05/25/2016,33.91,0.80,2.42,0.05,0.15
05/24/2016,33.11,-2.11,-5.99,-0.02,-0.05
05/23/2016,35.22,-0.09,-0.25,0.17,0.49
05/20/2016,35.31,0.38,1.09,0.13,0.37
05/19/2016,34.93,-0.16,-0.46,0.13,0.38
05/18/2016,35.09,-2.55,-6.77,-0.02,-0.06
05/17/2016,37.64,1.16,3.18,0.06,0.15
05/16/2016,36.48,0.82,2.30,0.13,0.36
05/13/2016,35.66,0.25,0.71,0.06,0.16
05/12/2016,35.41,0.34,0.97,0.07,0.20
05/11/2016,35.07,1.06,3.12,0.07,0.20
05/10/2016,34.01,1.04,3.15,0.09,0.27
05/09/2016,32.97,-2.28,-6.47,0.10,0.29
05/06/2016,35.25,1.49,4.41,0.10,0.29
05/05/2016,33.76,0.81,2.46,0.03,0.09
05/04/2016,32.95,-1.85,-5.32,-0.08,-0.23
05/03/2016,34.8,-1.10,-3.06,0.10,0.28
05/02/2016,35.9,-0.77,-2.10,0.07,0.19
04/29/2016,36.67,1.54,4.38,0.04,0.11
04/28/2016,35.13,1.13,3.32,0.06,0.17
04/27/2016,34,0.34,1.01,0.10,0.31
04/26/2016,33.66,1.16,3.57,0.06,0.18
04/25/2016,32.5,-0.27,-0.82,0.05,0.17
04/22/2016,32.77,-0.66,-1.97,0.05,0.15
04/21/2016,33.43,0.35,1.06,0.06,0.18
04/20/2016,33.08,-0.36,-1.08,0.08,0.23
04/19/2016,33.44,2.84,9.28,0.08,0.24
04/18/2016,30.6,0.17,0.56,0.10,0.34
04/15/2016,30.43,0.93,3.15,0.11,0.35
04/14/2016,29.5,-0.84,-2.77,0.04,0.15
04/13/2016,30.34,-0.10,-0.33,0.09,0.30
04/12/2016,30.44,0.75,2.53,0.15,0.49
04/11/2016,29.69,1.71,6.11,0.05,0.16
04/08/2016,27.98,0.88,3.25,0.02,0.05
04/07/2016,27.1,0.52,1.96,0.05,0.17
04/06/2016,26.58,0.20,0.76,0.10,0.36
04/05/2016,26.38,0.55,2.13,0.04,0.17
04/04/2016,25.83,25.83,0.00,0.09,0.35
04/01/2016,0,-26.48,-100.00,0.00,0.00
03/31/2016,26.48,26.48,0.00,0.02,0.08
03/30/2016,0,-27.28,-100.00,0.00,0.00
03/29/2016,27.28,1.10,4.20,0.28,1.05
03/28/2016,26.18,-0.12,-0.46,0.10,0.40
03/24/2016,26.3,0.14,0.54,0.12,0.44
03/23/2016,26.16,-1.50,-5.42,0.06,0.24
03/22/2016,27.66,-0.11,-0.40,0.10,0.35
03/21/2016,27.77,0.24,0.87,0.05,0.17
03/18/2016,27.53,0.21,0.77,-0.01,-0.03
03/17/2016,27.32,0.63,2.36,0.01,0.04
03/16/2016,26.69,1.60,6.38,0.32,1.22
03/15/2016,25.09,-0.27,-1.06,0.04,0.16
03/14/2016,25.36,-0.44,-1.71,-0.01,-0.06
03/11/2016,25.8,-0.21,-0.81,0.00,0.01
03/10/2016,26.01,0.99,3.96,0.11,0.43
03/09/2016,25.02,0.23,0.93,0.09,0.36
03/08/2016,24.79,-1.07,-4.14,-0.01,-0.02
03/07/2016,25.86,1.11,4.48,0.04,0.14
03/04/2016,24.75,0.46,1.89,-0.04,-0.18
03/03/2016,24.29,1.23,5.33,-0.02,-0.06
03/02/2016,23.06,0.68,3.04,-0.07,-0.30
03/01/2016,22.38,-0.92,-3.95,-0.07,-0.30
02/29/2016,23.3,0.51,2.24,-0.06,-0.26
02/26/2016,22.79,-0.49,-2.10,-0.08,-0.37
02/25/2016,23.28,0.22,0.95,0.00,-0.01
02/24/2016,23.06,0.34,1.50,0.08,0.35
02/23/2016,22.72,0.06,0.26,-0.11,-0.49
02/22/2016,22.66,-0.19,-0.83,-0.03,-0.11
02/19/2016,22.85,-0.06,-0.26,0.08,0.36
02/18/2016,22.91,1.09,5.00,-0.05,-0.24
02/17/2016,21.82,0.69,3.27,0.00,0.01
02/16/2016,21.13,-0.98,-4.43,-0.05,-0.24
02/12/2016,22.11,0.65,3.03,0.04,0.20
02/11/2016,21.46,1.38,6.87,0.04,0.20
02/10/2016,20.08,-0.20,-0.99,0.00,-0.01
02/09/2016,20.28,-0.49,-2.36,-0.07,-0.34
02/08/2016,20.77,0.59,2.92,0.03,0.13
02/05/2016,20.18,0.41,2.07,-0.03,-0.12
02/04/2016,19.77,0.70,3.67,-0.06,-0.30
02/03/2016,19.07,0.96,5.30,0.04,0.18
02/02/2016,18.11,-0.39,-2.11,-0.01,-0.04
02/01/2016,18.5,0.54,3.01,0.02,0.12
01/29/2016,17.96,0.76,4.42,0.01,0.04
01/28/2016,17.2,-0.14,-0.81,-0.07,-0.40
01/27/2016,17.34,0.29,1.70,-0.09,-0.52
01/26/2016,17.05,0.97,6.03,-0.04,-0.25
01/25/2016,16.08,0.13,0.82,-0.13,-0.77
01/22/2016,15.95,0.35,2.24,-0.15,-0.91
01/21/2016,15.6,0.14,0.91,-0.18,-1.13
01/20/2016,15.46,0.06,0.39,0.04,0.23
01/19/2016,15.4,-0.91,-5.58,-0.09,-0.60
01/15/2016,16.31,-0.49,-2.92,-0.09,-0.54
01/14/2016,16.8,-0.39,-2.27,-0.03,-0.19
01/13/2016,17.19,0.00,0.00,-0.15,-0.88
01/12/2016,17.19,-0.77,-4.29,0.00,0.02
01/11/2016,17.96,-0.72,-3.85,-0.01,-0.03
01/08/2016,18.68,-0.40,-2.10,-0.04,-0.22
01/07/2016,19.08,0.25,1.33,-0.04,-0.20
01/06/2016,18.83,0.14,0.75,-0.03,-0.17
01/05/2016,18.69,-0.13,-0.69,-0.01,-0.05
01/04/2016,18.82,0.00,0.00,0.04,0.19
12/31/15,--,--,--,-0.04,-0.23
12/30/15,--,--,--,-0.02,-0.12
12/29/15,--,--,--,0.02,0.11
12/28/15,--,--,--,-0.27,-1.43
12/24/15,--,--,--,0.03,0.14
12/23/15,--,--,--,0.00,-0.02
12/22/15,--,--,--,0.02,0.10
12/21/15,--,--,--,-0.04,-0.23
12/18/15,--,--,--,-0.07,-0.39
12/17/15,--,--,--,-0.05,-0.26
12/16/15,--,--,--,0.06,0.29
12/15/15,--,--,--,-0.04,-0.23
12/14/15,--,--,--,-0.03,-0.16
12/11/15,--,--,--,-0.04,-0.20
12/10/15,--,--,--,-0.07,-0.36
12/9/15,--,--,--,-0.05,-0.27
12/8/15,--,--,--,0.03,0.18
12/7/15,--,--,--,-0.01,-0.05
12/4/15,--,--,--,0.01,0.07
12/3/15,--,--,--,0.04,0.18
12/2/15,--,--,--,0.00,0.02
12/1/15,--,--,--,0.09,0.45
11/30/15,--,--,--,0.02,0.13
11/27/15,--,--,--,0.01,0.04
11/25/15,--,--,--,0.04,0.19
11/24/15,--,--,--,0.08,0.41
11/23/15,--,--,--,0.07,0.38
11/20/15,--,--,--,0.01,0.05
11/19/15,--,--,--,0.03,0.16
11/18/15,--,--,--,0.13,0.68
11/17/15,--,--,--,0.00,0.06
11/16/15,--,--,--,0.05,0.76
11/13/15,--,--,--,0.03,0.54
11/12/15,--,--,--,0.04,0.57
11/11/15,--,--,--,0.02,0.28
11/10/15,--,--,--,0.02,0.29
11/9/15,--,--,--,0.02,0.35
11/6/15,--,--,--,0.03,0.44
11/5/15,--,--,--,0.01,0.20
11/4/15,--,--,--,-0.02,-0.25
11/3/15,--,--,--,0.03,0.46
11/2/15,--,--,--,0.01,0.15
11/1/15,--,--,--,-0.01,-0.14
10/31/15,--,--,--,-0.01,-0.14
10/30/15,--,--,--,-0.02,-0.22
10/29/15,--,--,--,-0.03,-0.36
10/28/15,--,--,--,-0.04,-0.59
10/27/15,--,--,--,0.03,0.35
10/26/15,--,--,--,-0.02,-0.33
10/23/15,--,--,--,-0.02,-0.21
10/22/15,--,--,--,0.01,0.10
10/21/15,--,--,--,-0.04,-0.52
10/20/15,--,--,--,-0.01,-0.10
10/19/15,--,--,--,0.00,-0.07
10/16/15,--,--,--,0.02,0.28
10/15/15,--,--,--,0.03,0.39
10/14/15,--,--,--,0.05,0.57
10/13/15,--,--,--,0.01,0.12
10/12/15,--,--,--,-0.03,-0.35
10/9/15,--,--,--,0.01,0.14
10/8/15,--,--,--,-0.01,-0.17
10/7/15,--,--,--,-0.02,-0.32
10/6/15,--,--,--,0.04,0.59
10/5/15,--,--,--,0.03,0.42
10/2/15,--,--,--,0.04,0.53
10/1/15,--,--,--,0.00,0.05
9/30/15,--,--,--,-0.01,-0.15
9/29/15,--,--,--,-0.01,-0.15
9/28/15,--,--,--,-0.02,-0.28
9/25/15,--,--,--,-0.01,-0.10
9/24/15,--,--,--,0.02,0.32
9/23/15,--,--,--,-0.04,-0.57
9/22/15,--,--,--,-0.02,-0.28
9/21/15,--,--,--,-0.03,-0.51
9/18/15,--,--,--,0.01,0.08
9/17/15,--,--,--,0.05,0.77
9/16/15,--,--,--,0.01,0.21
9/15/15,--,--,--,0.00,-0.07
9/14/15,--,--,--,0.00,0.02
9/11/15,--,--,--,0.02,0.36
9/10/15,--,--,--,-0.01,-0.23
9/9/15,--,--,--,-0.03,-0.47
9/8/15,--,--,--,0.00,-0.08
9/4/15,--,--,--,0.01,0.13
9/3/15,--,--,--,-0.01,-0.21
9/2/15,--,--,--,0.01,0.19
9/1/15,--,--,--,-0.03,-0.41
8/31/15,--,--,--,0.00,-0.03
8/28/15,--,--,--,0.00,0.02
8/27/15,--,--,--,0.03,0.52
8/26/15,--,--,--,-0.01,-0.10
8/25/15,--,--,--,-0.07,-1.00
8/24/15,--,--,--,-0.04,-0.57
8/21/15,--,--,--,-0.02,-0.27
8/20/15,--,--,--,0.04,0.54
8/19/15,--,--,--,0.03,0.37
8/18/15,--,--,--,0.00,0.02
8/17/15,--,--,--,0.02,0.24
8/14/15,--,--,--,0.00,-0.02
8/13/15,--,--,--,0.01,0.08
8/12/15,--,--,--,0.06,0.80
8/11/15,--,--,--,0.05,0.69
8/10/15,--,--,--,0.05,0.72
8/7/15,--,--,--,0.02,0.29
8/6/15,--,--,--,0.03,0.50
8/5/15,--,--,--,0.04,0.60
8/4/15,--,--,--,0.00,0.00
8/3/15,--,--,--,-0.01,-0.19
7/31/15,--,--,--,0.02,0.27
7/30/15,--,--,--,0.03,0.52
7/29/15,--,--,--,0.04,0.56
7/28/15,--,--,--,0.02,0.35
7/27/15,--,--,--,0.02,0.26
7/24/15,--,--,--,0.00,-0.01
7/23/15,--,--,--,-0.01,-0.08
7/22/15,--,--,--,0.02,0.24
7/21/15,--,--,--,0.03,0.44
7/20/15,--,--,--,0.01,0.13
7/17/15,--,--,--,0.01,0.13
7/16/15,--,--,--,0.01,0.11
7/15/15,--,--,--,0.04,0.49
7/14/15,--,--,--,0.03,0.38
7/13/15,--,--,--,0.00,0.05
7/10/15,--,--,--,0.04,0.56
7/9/15,--,--,--,0.03,0.40
7/8/15,--,--,--,0.02,0.21
7/7/15,--,--,--,0.03,0.42
7/6/15,--,--,--,0.04,0.45
7/2/15,--,--,--,0.03,0.40
7/1/15,--,--,--,-0.01,-0.14
6/30/15,--,--,--,0.03,0.29
6/29/15,--,--,--,0.01,0.11
6/26/15,--,--,--,0.05,0.61
6/25/15,--,--,--,0.04,0.42
6/24/15,--,--,--,0.01,0.16
6/23/15,--,--,--,-0.02,-0.24
6/22/15,--,--,--,-0.01,-0.08
6/19/15,--,--,--,-0.02,-0.24
6/18/15,--,--,--,-0.05,-0.49
6/17/15,--,--,--,0.03,0.37
6/16/15,--,--,--,-0.01,-0.16
6/15/15,--,--,--,-0.04,-0.42
6/12/15,--,--,--,-0.05,-0.61
6/11/15,--,--,--,-0.02,-0.22
6/10/15,--,--,--,-0.04,-0.42
6/9/15,--,--,--,-0.01,-0.15
6/8/15,--,--,--,0.00,-0.05
6/5/15,--,--,--,-0.01,-0.09
6/4/15,--,--,--,-0.02,-0.24
6/3/15,--,--,--,-0.03,-0.33
6/2/15,--,--,--,0.00,0.02
6/1/15,--,--,--,0.01,0.11
5/29/15,--,--,--,-0.01,-0.16
5/28/15,--,--,--,0.03,0.33
5/27/15,--,--,--,0.00,0.05
5/26/15,--,--,--,0.00,-0.00
5/22/15,--,--,--,0.02,0.19
5/21/15,--,--,--,0.05,0.49
5/20/15,--,--,--,0.03,0.37
5/19/15,--,--,--,0.00,0.02
5/18/15,--,--,--,0.04,0.36
5/15/15,--,--,--,0.00,-0.03
5/14/15,--,--,--,0.01,0.06
5/13/15,--,--,--,0.05,0.50
5/12/15,--,--,--,0.00,0.04
5/11/15,--,--,--,-0.02,-0.19
5/8/15,--,--,--,0.00,0.03
5/7/15,--,--,--,-0.01,-0.15
5/6/15,--,--,--,-0.04,-0.48
5/5/15,--,--,--,-0.02,-0.17
5/4/15,--,--,--,-0.01,-0.10
5/1/15,--,--,--,-0.02,-0.19
4/30/15,--,--,--,0.00,-0.06
4/29/15,--,--,--,-0.01,-0.06
4/28/15,--,--,--,0.00,-0.01
4/27/15,--,--,--,-0.02,-0.24
4/24/15,--,--,--,0.00,-0.06
4/23/15,--,--,--,-0.02,-0.28
4/22/15,--,--,--,0.00,-0.05
4/21/15,--,--,--,0.01,0.10
4/20/15,--,--,--,0.00,0.02
4/17/15,--,--,--,0.03,0.35
4/16/15,--,--,--,0.06,0.69
4/15/15,--,--,--,0.08,0.90
4/14/15,--,--,--,0.01,0.15
4/13/15,--,--,--,0.02,0.20
4/10/15,--,--,--,0.02,0.27
4/9/15,--,--,--,0.02,0.18
4/8/15,--,--,--,0.04,0.41
4/7/15,--,--,--,-0.01,-0.10
4/6/15,--,--,--,0.03,0.34
4/2/15,--,--,--,0.03,0.31
4/1/15,--,--,--,0.05,0.58
3/31/15,--,--,--,-0.01,-0.07
3/30/15,--,--,--,0.00,0.05
3/27/15,--,--,--,0.02,0.27
3/26/15,--,--,--,-0.01,-0.14
3/25/15,--,--,--,0.02,0.25
3/24/15,--,--,--,0.02,0.26
3/23/15,--,--,--,0.05,0.51
3/20/15,--,--,--,0.03,0.37
3/19/15,--,--,--,0.00,-0.01
3/18/15,--,--,--,0.09,1.10
3/17/15,--,--,--,0.01,0.13
3/16/15,--,--,--,0.05,0.67
3/13/15,--,--,--,0.01,0.11
3/12/15,--,--,--,0.01,0.17
3/11/15,--,--,--,0.01,0.10
3/10/15,--,--,--,0.00,0.01
3/9/15,--,--,--,-0.01,-0.07
3/6/15,--,--,--,0.04,0.46
3/5/15,--,--,--,0.00,-0.00
3/4/15,--,--,--,0.03,0.36
3/3/15,--,--,--,0.02,0.22
3/2/15,--,--,--,0.04,0.43
2/27/15,--,--,--,0.01,0.12
2/26/15,--,--,--,0.02,0.24
2/25/15,--,--,--,0.03,0.35
2/24/15,--,--,--,0.04,0.45
2/23/15,--,--,--,0.03,0.33
2/20/15,--,--,--,-0.04,-0.41
2/19/15,--,--,--,-0.03,-0.30
2/18/15,--,--,--,-0.02,-0.16
2/17/15,--,--,--,0.01,0.08
2/13/15,--,--,--,0.03,0.30
2/12/15,--,--,--,-0.01,-0.15
2/11/15,--,--,--,-0.04,-0.42
2/10/15,--,--,--,-0.03,-0.29
2/9/15,--,--,--,-0.03,-0.33
2/6/15,--,--,--,-0.02,-0.22
2/5/15,--,--,--,0.00,-0.04
2/4/15,--,--,--,0.00,0.00
2/3/15,--,--,--,0.00,0.02
2/2/15,--,--,--,0.00,-0.01
1/30/15,--,--,--,-0.03,-0.31
1/29/15,--,--,--,-0.02,-0.25
1/28/15,--,--,--,-0.01,-0.07
1/27/15,--,--,--,0.01,0.10
1/26/15,--,--,--,0.01,0.06
1/23/15,--,--,--,-0.02,-0.16
1/22/15,--,--,--,-0.03,-0.28
1/21/15,--,--,--,0.01,0.08
1/20/15,--,--,--,0.03,0.26
1/16/15,--,--,--,0.05,0.44
1/15/15,--,--,--,-0.02,-0.23
1/14/15,--,--,--,0.02,0.16
1/13/15,--,--,--,0.01,0.06
1/12/15,--,--,--,0.00,0.00
1/9/15,--,--,--,0.04,0.38
1/8/15,--,--,--,-0.01,-0.11
1/7/15,--,--,--,0.01,0.09
1/6/15,--,--,--,0.00,0.01
1/5/15,--,--,--,0.01,0.12
1/2/15,--,--,--,0.01,0.05
1/1/15,--,--,--,-0.03,-0.28
