"Global X Fertilizers/Potash ETF",,,,,
Date,"Closing Price","Daily Change","Daily Change %",Premium/Discount,"Premium/Discount %"
03/20/2019,9.38,-0.13,-1.37,0.04,0.41
03/19/2019,9.51,0.03,0.32,0.01,0.08
03/18/2019,9.48,-0.04,-0.42,-0.03,-0.31
03/15/2019,9.52,0.10,1.06,-0.01,-0.06
03/14/2019,9.42,0.02,0.21,0.00,0.02
03/13/2019,9.4,0.06,0.64,0.01,0.07
03/12/2019,9.34,0.10,1.08,0.03,0.33
03/11/2019,9.24,0.05,0.54,0.01,0.15
03/08/2019,9.19,-0.06,-0.65,-0.03,-0.31
03/07/2019,9.25,-0.22,-2.32,-0.06,-0.65
03/06/2019,9.47,-0.04,-0.42,0.00,0.01
03/05/2019,9.51,0.00,0.00,0.02,0.19
03/04/2019,9.51,0.07,0.74,-0.04,-0.44
03/01/2019,9.44,0.00,0.00,-0.05,-0.48
02/28/2019,9.44,-0.16,-1.67,-0.07,-0.77
02/27/2019,9.6,-0.05,-0.52,-0.04,-0.44
02/26/2019,9.65,0.01,0.10,0.01,0.10
02/25/2019,9.64,0.04,0.42,-0.02,-0.19
02/22/2019,9.6,0.02,0.21,-0.01,-0.05
02/21/2019,9.58,-0.01,-0.10,-0.04,-0.44
02/20/2019,9.59,0.12,1.27,0.01,0.08
02/19/2019,9.47,0.09,0.96,-0.01,-0.15
02/15/2019,9.38,0.05,0.54,0.00,-0.04
02/14/2019,9.33,0.02,0.21,-0.01,-0.12
02/13/2019,9.31,0.05,0.54,-0.04,-0.47
02/12/2019,9.26,0.06,0.65,-0.03,-0.34
02/11/2019,9.2,-0.05,-0.54,-0.01,-0.15
02/08/2019,9.25,-0.05,-0.54,0.00,-0.03
02/07/2019,9.3,-0.18,-1.90,-0.05,-0.54
02/06/2019,9.48,-0.03,-0.32,-0.01,-0.08
02/05/2019,9.51,0.03,0.32,0.00,-0.03
02/04/2019,9.48,0.11,1.17,0.02,0.21
02/01/2019,9.37,-0.07,-0.74,-0.06,-0.62
01/31/2019,9.44,-0.01,-0.11,-0.03,-0.28
01/30/2019,9.45,0.08,0.85,0.02,0.23
01/29/2019,9.37,-0.03,-0.32,-0.03,-0.32
01/28/2019,9.4,-0.01,-0.11,-0.01,-0.12
01/25/2019,9.41,0.15,1.62,0.00,0.03
01/24/2019,9.26,-0.02,-0.22,-0.02,-0.17
01/23/2019,9.28,0.00,0.00,-0.01,-0.06
01/22/2019,9.28,-0.21,-2.21,-0.04,-0.39
01/18/2019,9.49,0.09,0.96,0.01,0.11
01/17/2019,9.4,0.10,1.08,0.03,0.30
01/16/2019,9.3,0.00,0.00,-0.02,-0.25
01/15/2019,9.3,-0.04,-0.43,-0.03,-0.34
01/14/2019,9.34,-0.03,-0.32,0.00,0.04
01/11/2019,9.37,-0.08,-0.85,-0.01,-0.13
01/10/2019,9.45,0.08,0.85,0.00,0.04
01/09/2019,9.37,0.09,0.97,0.02,0.23
01/08/2019,9.28,0.09,0.98,-0.01,-0.06
01/07/2019,9.19,0.11,1.21,0.01,0.09
01/04/2019,9.08,0.36,4.13,0.06,0.62
01/03/2019,8.72,-0.14,-1.58,-0.02,-0.19
01/02/2019,8.86,0.00,0.00,0.02,0.23
12/31/2018,8.86,0.03,0.34,-0.03,-0.30
12/28/2018,8.83,-0.17,-1.89,0.02,0.21
12/27/2018,9,0.12,1.35,0.07,0.83
12/26/2018,8.88,0.24,2.78,0.03,0.33
12/24/2018,8.64,-0.11,-1.26,-0.07,-0.81
12/21/2018,8.75,-0.08,-0.91,-0.08,-0.92
12/20/2018,8.83,-0.13,-1.45,-0.01,-0.11
12/19/2018,8.96,-0.11,-1.21,-0.09,-0.98
12/18/2018,9.07,-0.01,-0.11,-0.03,-0.30
12/17/2018,9.08,-0.12,-1.30,-0.06,-0.68
12/14/2018,9.2,-0.10,-1.08,-0.04,-0.42
12/13/2018,9.3,-0.02,-0.21,-0.02,-0.17
12/12/2018,9.32,-0.03,-0.32,-0.01,-0.16
12/11/2018,9.35,0.01,0.11,0.02,0.20
12/10/2018,9.34,-0.13,-1.37,0.01,0.13
12/07/2018,9.47,-0.19,-1.97,-0.04,-0.47
12/06/2018,9.66,-0.01,-0.10,0.05,0.52
12/05/2018,9.67,0.00,0.00,0.00,0.00
12/04/2018,9.67,-0.23,-2.32,-0.12,-1.18
12/03/2018,9.9,0.21,2.17,-0.05,-0.52
11/30/2018,9.69,-0.07,-0.72,-0.01,-0.06
11/29/2018,9.76,-0.02,-0.20,0.00,-0.01
11/28/2018,9.78,0.13,1.35,0.10,1.06
11/27/2018,9.65,-0.02,-0.21,0.02,0.22
11/26/2018,9.67,0.07,0.73,-0.01,-0.09
11/23/2018,9.6,-0.10,-1.03,-0.03,-0.28
11/21/2018,9.7,0.08,0.83,-0.01,-0.06
11/20/2018,9.62,-0.27,-2.73,-0.06,-0.60
11/19/2018,9.89,-0.23,-2.27,-0.05,-0.55
11/16/2018,10.12,0.02,0.20,0.02,0.18
11/15/2018,10.1,0.13,1.30,0.03,0.26
11/14/2018,9.97,-0.15,-1.48,-0.02,-0.22
11/13/2018,10.12,-0.03,-0.30,-0.04,-0.43
11/12/2018,10.15,-0.15,-1.46,-0.08,-0.79
11/09/2018,10.3,-0.18,-1.72,-0.07,-0.66
11/08/2018,10.48,-0.11,-1.04,-0.05,-0.46
11/07/2018,10.59,0.25,2.42,0.05,0.51
11/06/2018,10.34,0.23,2.27,0.00,0.02
11/05/2018,10.11,-0.03,-0.30,-0.02,-0.24
11/02/2018,10.14,0.06,0.60,-0.03,-0.25
11/01/2018,10.08,0.29,2.96,0.01,0.12
10/31/2018,9.79,0.17,1.77,-0.02,-0.22
10/30/2018,9.62,0.21,2.23,0.02,0.24
10/29/2018,9.41,-0.06,-0.63,-0.11,-1.12
10/26/2018,9.47,-0.07,-0.73,-0.01,-0.10
10/25/2018,9.54,0.04,0.42,0.00,0.02
10/24/2018,9.5,-0.39,-3.94,-0.07,-0.74
10/23/2018,9.89,-0.27,-2.66,0.05,0.50
10/22/2018,10.16,-0.07,-0.68,-0.01,-0.12
10/19/2018,10.23,0.02,0.20,-0.04,-0.40
10/18/2018,10.21,-0.23,-2.20,-0.08,-0.74
10/17/2018,10.44,-0.11,-1.04,-0.02,-0.15
10/16/2018,10.55,0.22,2.13,0.02,0.16
10/15/2018,10.33,-0.01,-0.10,-0.03,-0.32
10/12/2018,10.34,0.15,1.47,-0.01,-0.14
10/11/2018,10.19,-0.13,-1.26,-0.05,-0.48
10/10/2018,10.32,-0.31,-2.92,-0.09,-0.89
10/09/2018,10.63,-0.08,-0.75,0.00,-0.02
10/08/2018,10.71,-0.01,-0.09,0.00,-0.01
10/05/2018,10.72,-0.08,-0.74,-0.05,-0.44
10/04/2018,10.8,-0.07,-0.64,-0.06,-0.58
10/03/2018,10.87,0.01,0.09,-0.06,-0.52
10/02/2018,10.86,0.03,0.28,-0.03,-0.23
10/01/2018,10.83,-0.02,-0.18,-0.01,-0.11
09/28/2018,10.85,0.05,0.46,-0.02,-0.21
09/27/2018,10.8,-0.07,-0.64,-0.06,-0.54
09/26/2018,10.87,-0.06,-0.55,-0.03,-0.30
09/25/2018,10.93,0.04,0.37,-0.01,-0.13
09/24/2018,10.89,-0.03,-0.27,-0.02,-0.18
09/21/2018,10.92,-0.07,-0.64,-0.04,-0.36
09/20/2018,10.99,0.12,1.10,0.03,0.28
09/19/2018,10.87,0.02,0.18,-0.02,-0.18
09/18/2018,10.85,0.04,0.37,-0.02,-0.21
09/17/2018,10.81,0.13,1.22,-0.04,-0.41
09/14/2018,10.68,-0.02,-0.19,-0.03,-0.33
09/13/2018,10.7,0.04,0.38,0.01,0.10
09/12/2018,10.66,0.07,0.66,-0.01,-0.13
09/11/2018,10.59,0.10,0.95,0.00,0.01
09/10/2018,10.49,0.06,0.58,-0.05,-0.47
09/07/2018,10.43,-0.10,-0.95,-0.07,-0.64
09/06/2018,10.53,-0.12,-1.13,-0.01,-0.10
09/05/2018,10.65,-0.07,-0.65,-0.01,-0.11
09/04/2018,10.72,-0.07,-0.65,-0.03,-0.32
08/31/2018,10.79,-0.05,-0.46,-0.04,-0.40
08/30/2018,10.84,-0.07,-0.64,-0.04,-0.40
08/29/2018,10.91,0.12,1.11,0.00,-0.02
08/28/2018,10.79,0.01,0.09,-0.05,-0.49
08/27/2018,10.78,0.16,1.51,0.01,0.11
08/24/2018,10.62,0.11,1.05,0.00,0.05
08/23/2018,10.51,-0.04,-0.38,-0.02,-0.18
08/22/2018,10.55,-0.01,-0.09,0.00,-0.02
08/21/2018,10.56,0.09,0.86,0.02,0.17
08/20/2018,10.47,0.09,0.87,0.00,0.01
08/17/2018,10.38,0.03,0.29,0.01,0.05
08/16/2018,10.35,0.10,0.98,-0.02,-0.24
08/15/2018,10.25,-0.17,-1.63,-0.03,-0.31
08/14/2018,10.42,0.06,0.58,0.00,0.02
08/13/2018,10.36,-0.22,-2.08,-0.04,-0.40
08/10/2018,10.58,-0.24,-2.22,-0.07,-0.62
08/09/2018,10.82,0.03,0.28,-0.05,-0.43
08/08/2018,10.79,-0.01,-0.09,-0.05,-0.46
08/07/2018,10.8,0.01,0.09,-0.02,-0.17
08/06/2018,10.79,-0.05,-0.46,-0.03,-0.25
08/03/2018,10.84,0.08,0.74,-0.01,-0.10
08/02/2018,10.76,0.16,1.51,-0.01,-0.08
08/01/2018,10.6,-0.04,-0.38,-0.04,-0.41
07/31/2018,10.64,0.13,1.24,-0.02,-0.23
07/30/2018,10.51,-0.02,-0.19,-0.04,-0.40
07/27/2018,10.53,0.03,0.29,-0.04,-0.37
07/26/2018,10.5,0.03,0.29,-0.04,-0.37
07/25/2018,10.47,0.05,0.48,0.00,-0.03
07/24/2018,10.42,0.05,0.48,-0.06,-0.58
07/23/2018,10.37,-0.10,-0.96,-0.03,-0.30
07/20/2018,10.47,0.04,0.38,-0.02,-0.16
07/19/2018,10.43,0.00,0.00,-0.02,-0.20
07/18/2018,10.43,-0.01,-0.10,-0.04,-0.36
07/17/2018,10.44,0.06,0.58,-0.01,-0.06
07/16/2018,10.38,0.04,0.39,0.00,-0.04
07/13/2018,10.34,-0.04,-0.39,0.00,-0.03
07/12/2018,10.38,0.09,0.87,0.01,0.08
07/11/2018,10.29,-0.15,-1.44,-0.05,-0.50
07/10/2018,10.44,0.00,0.00,-0.04,-0.39
07/09/2018,10.44,0.12,1.16,-0.02,-0.16
07/06/2018,10.32,0.08,0.78,-0.04,-0.38
07/05/2018,10.24,-0.02,-0.19,-0.04,-0.42
07/03/2018,10.26,0.00,0.00,-0.03,-0.30
07/02/2018,10.26,-0.11,-1.06,-0.01,-0.12
06/29/2018,10.37,0.08,0.78,-0.01,-0.10
06/28/2018,10.29,0.00,0.00,-0.01,-0.13
06/27/2018,10.29,-0.07,-0.68,-0.08,-0.79
06/26/2018,10.36,0.00,0.00,-0.03,-0.28
06/25/2018,10.36,-0.13,-1.24,-0.06,-0.58
06/22/2018,10.49,0.09,0.87,-0.01,-0.13
06/21/2018,10.4,-0.05,-0.48,-0.03,-0.32
06/20/2018,10.45,0.02,0.19,-0.02,-0.20
06/19/2018,10.43,-0.19,-1.79,-0.04,-0.34
06/18/2018,10.62,-0.06,-0.56,-0.05,-0.43
06/15/2018,10.68,-0.04,-0.37,-0.03,-0.28
06/14/2018,10.72,-0.02,-0.19,-0.07,-0.65
06/13/2018,10.74,-0.02,-0.19,-0.04,-0.41
06/12/2018,10.76,-0.02,-0.19,-0.06,-0.51
06/11/2018,10.78,0.04,0.37,-0.04,-0.34
06/08/2018,10.74,0.05,0.47,-0.03,-0.24
06/07/2018,10.69,-0.03,-0.28,-0.07,-0.68
06/06/2018,10.72,0.26,2.49,-0.02,-0.21
06/05/2018,10.46,0.00,0.00,-0.08,-0.72
06/04/2018,10.46,0.00,0.00,-0.07,-0.67
06/01/2018,10.46,0.02,0.19,0.00,-0.04
05/31/2018,10.44,0.00,0.00,-0.02,-0.23
05/30/2018,10.44,0.12,1.16,0.00,-0.04
05/29/2018,10.32,-0.14,-1.34,-0.08,-0.81
05/25/2018,10.46,-0.05,-0.48,-0.04,-0.37
05/24/2018,10.51,-0.02,-0.19,-0.02,-0.20
05/23/2018,10.53,-0.13,-1.22,-0.03,-0.32
05/22/2018,10.66,-0.06,-0.56,-0.01,-0.12
05/21/2018,10.72,0.10,0.94,-0.03,-0.31
05/18/2018,10.62,-0.07,-0.65,-0.06,-0.56
05/17/2018,10.69,-0.02,-0.19,-0.03,-0.31
05/16/2018,10.71,0.08,0.75,-0.03,-0.30
05/15/2018,10.63,0.03,0.28,-0.07,-0.65
05/14/2018,10.6,0.18,1.73,-0.05,-0.51
05/11/2018,10.42,0.00,0.00,-0.07,-0.67
05/10/2018,10.42,0.13,1.26,-0.03,-0.32
05/09/2018,10.29,0.02,0.19,-0.06,-0.62
05/08/2018,10.27,-0.02,-0.19,-0.04,-0.34
05/07/2018,10.29,-0.08,-0.77,-0.05,-0.50
05/04/2018,10.37,0.07,0.68,0.01,0.13
05/03/2018,10.3,0.02,0.19,0.00,-0.04
05/02/2018,10.28,0.07,0.69,-0.05,-0.51
05/01/2018,10.21,-0.05,-0.49,-0.05,-0.46
04/30/2018,10.26,-0.09,-0.87,-0.06,-0.62
04/27/2018,10.35,0.02,0.19,-0.01,-0.08
04/26/2018,10.33,0.10,0.98,0.00,0.03
04/25/2018,10.23,0.05,0.49,-0.03,-0.29
04/24/2018,10.18,-0.03,-0.29,-0.08,-0.77
04/23/2018,10.21,-0.05,-0.49,-0.05,-0.53
04/20/2018,10.26,-0.12,-1.16,-0.06,-0.62
04/19/2018,10.38,0.00,0.00,-0.06,-0.59
04/18/2018,10.38,0.06,0.58,-0.04,-0.42
04/17/2018,10.32,0.11,1.08,-0.01,-0.10
04/16/2018,10.21,0.03,0.29,-0.03,-0.34
04/13/2018,10.18,0.00,0.00,-0.04,-0.35
04/12/2018,10.18,0.00,0.00,-0.02,-0.22
04/11/2018,10.18,-0.03,-0.29,-0.01,-0.13
04/10/2018,10.21,0.11,1.09,-0.01,-0.11
04/09/2018,10.1,0.07,0.70,-0.02,-0.22
04/06/2018,10.03,-0.16,-1.57,-0.05,-0.54
04/05/2018,10.19,0.14,1.39,0.04,0.37
04/04/2018,10.05,-0.01,-0.10,0.05,0.50
04/03/2018,10.06,0.13,1.31,0.00,0.05
04/02/2018,9.93,-0.21,-2.07,-0.11,-1.06
03/29/2018,10.14,0.17,1.71,0.02,0.19
03/28/2018,9.97,-0.08,-0.80,-0.01,-0.12
03/27/2018,10.05,-0.06,-0.59,-0.09,-0.88
03/26/2018,10.11,0.14,1.40,0.01,0.13
03/23/2018,9.97,-0.08,-0.80,-0.09,-0.90
03/22/2018,10.05,-0.25,-2.43,-0.07,-0.66
03/21/2018,10.3,0.12,1.18,0.04,0.37
03/20/2018,10.18,-0.02,-0.20,-0.02,-0.18
03/19/2018,10.2,-0.12,-1.16,-0.04,-0.43
03/16/2018,10.32,-0.04,-0.39,-0.02,-0.17
03/15/2018,10.36,-0.12,-1.15,-0.05,-0.48
03/14/2018,10.48,-0.05,-0.47,-0.02,-0.22
03/13/2018,10.53,-0.09,-0.85,-0.06,-0.53
03/12/2018,10.62,-0.05,-0.47,-0.02,-0.15
03/09/2018,10.67,0.17,1.62,0.01,0.10
03/08/2018,10.5,-0.01,-0.10,-0.01,-0.07
03/07/2018,10.51,0.00,0.00,0.00,0.03
03/06/2018,10.51,0.10,0.96,0.02,0.19
03/05/2018,10.41,0.19,1.86,0.01,0.11
03/02/2018,10.22,0.01,0.10,-0.01,-0.05
03/01/2018,10.21,-0.05,-0.49,0.00,-0.03
02/28/2018,10.26,-0.17,-1.63,-0.04,-0.39
02/27/2018,10.43,-0.11,-1.04,-0.03,-0.29
02/26/2018,10.54,0.01,0.09,0.01,0.06
02/23/2018,10.53,0.18,1.74,0.00,-0.04
02/22/2018,10.35,0.05,0.49,-0.03,-0.27
02/21/2018,10.3,0.08,0.78,-0.06,-0.60
02/20/2018,10.22,0.03,0.29,-0.04,-0.34
02/16/2018,10.19,-0.01,-0.10,-0.01,-0.13
02/15/2018,10.2,0.09,0.89,0.03,0.28
02/14/2018,10.11,0.19,1.92,0.03,0.30
02/13/2018,9.92,-0.02,-0.20,-0.03,-0.28
02/12/2018,9.94,0.12,1.22,0.00,-0.01
02/09/2018,9.82,0.05,0.51,-0.03,-0.34
02/08/2018,9.77,-0.29,-2.88,-0.12,-1.24
02/07/2018,10.06,-0.03,-0.30,-0.06,-0.58
02/06/2018,10.09,0.04,0.40,0.07,0.72
02/05/2018,10.05,-0.31,-2.99,-0.15,-1.44
02/02/2018,10.36,-0.26,-2.45,-0.10,-0.95
02/01/2018,10.62,-0.06,-0.56,-0.04,-0.40
01/31/2018,10.68,-0.01,-0.09,-0.05,-0.46
01/30/2018,10.69,-0.24,-2.20,-0.07,-0.66
01/29/2018,10.93,-0.09,-0.82,-0.01,-0.07
01/26/2018,11.02,0.14,1.29,0.00,0.03
01/25/2018,10.88,-0.03,-0.27,-0.04,-0.36
01/24/2018,10.91,0.08,0.74,0.00,0.01
01/23/2018,10.83,-0.03,-0.28,-0.02,-0.15
01/22/2018,10.86,0.05,0.46,0.01,0.10
01/19/2018,10.81,0.03,0.28,0.02,0.23
01/18/2018,10.78,0.04,0.37,-0.01,-0.05
01/17/2018,10.74,-0.03,-0.28,0.01,0.11
01/16/2018,10.77,-0.12,-1.10,-0.01,-0.05
01/12/2018,10.89,0.02,0.18,0.05,0.43
01/11/2018,10.87,0.14,1.30,0.02,0.18
01/10/2018,10.73,-0.09,-0.83,0.01,0.11
01/09/2018,10.82,-0.05,-0.46,0.05,0.49
01/08/2018,10.87,-0.02,-0.18,0.06,0.58
01/05/2018,10.89,0.03,0.28,0.02,0.21
01/04/2018,10.86,0.08,0.74,0.03,0.31
01/03/2018,10.78,0.09,0.84,0.03,0.31
01/02/2018,10.69,0.17,1.62,-0.01,-0.11
12/29/2017,10.52,0.08,0.77,-0.01,-0.05
12/28/2017,10.44,-0.06,-0.57,-0.03,-0.25
12/27/2017,10.5,0.12,1.16,-0.01,-0.07
12/26/2017,10.38,0.00,0.00,-0.04,-0.35
12/22/2017,10.38,0.06,0.58,0.00,0.04
12/21/2017,10.32,0.08,0.78,-0.03,-0.26
12/20/2017,10.24,0.01,0.10,-0.02,-0.23
12/19/2017,10.23,-0.03,-0.29,0.00,-0.05
12/18/2017,10.26,0.11,1.08,0.00,0.04
12/15/2017,10.15,-0.01,-0.10,-0.03,-0.33
12/14/2017,10.16,-0.03,-0.29,-0.03,-0.25
12/13/2017,10.19,0.06,0.59,-0.02,-0.18
12/12/2017,10.13,0.04,0.40,0.00,0.00
12/11/2017,10.09,0.08,0.80,0.01,0.11
12/08/2017,10.01,0.04,0.40,0.02,0.24
12/07/2017,9.97,0.01,0.10,0.02,0.21
12/06/2017,9.96,-0.10,-0.99,0.03,0.26
12/05/2017,10.06,-0.04,-0.40,0.02,0.19
12/04/2017,10.1,-0.04,-0.39,0.02,0.20
12/01/2017,10.14,-0.02,-0.20,0.02,0.21
11/30/2017,10.16,0.08,0.79,0.00,0.05
11/29/2017,10.08,-0.04,-0.40,0.00,0.03
11/28/2017,10.12,0.11,1.10,0.05,0.45
11/27/2017,10.01,-0.15,-1.48,-0.02,-0.19
11/24/2017,10.16,0.00,0.00,0.02,0.25
11/22/2017,10.16,0.01,0.10,0.03,0.33
11/21/2017,10.15,0.14,1.40,0.03,0.28
11/20/2017,10.01,-0.06,-0.60,0.02,0.21
11/17/2017,10.07,-0.02,-0.20,0.03,0.32
11/16/2017,10.09,0.18,1.82,0.06,0.57
11/15/2017,9.91,-0.20,-1.98,-0.01,-0.07
11/14/2017,10.11,-0.02,-0.20,0.06,0.56
11/13/2017,10.13,-0.03,-0.30,0.02,0.16
11/10/2017,10.16,0.00,0.00,0.03,0.30
11/09/2017,10.16,-0.15,-1.45,0.01,0.14
11/08/2017,10.31,0.04,0.39,0.05,0.52
11/07/2017,10.27,-0.10,-0.96,-0.02,-0.15
11/06/2017,10.37,0.05,0.48,0.07,0.68
11/03/2017,10.32,-0.04,-0.39,0.03,0.33
11/02/2017,10.36,-0.03,-0.29,0.04,0.38
11/01/2017,10.39,0.09,0.87,0.05,0.47
10/31/2017,10.3,0.08,0.78,0.02,0.21
10/30/2017,10.22,0.03,0.29,0.02,0.16
10/27/2017,10.19,-0.02,-0.20,0.04,0.43
10/26/2017,10.21,0.00,0.00,0.01,0.06
10/25/2017,10.21,-0.03,-0.29,-0.02,-0.19
10/24/2017,10.24,0.07,0.69,-0.02,-0.19
10/23/2017,10.17,-0.06,-0.59,-0.03,-0.32
10/20/2017,10.23,0.07,0.69,-0.02,-0.21
10/19/2017,10.16,-0.01,-0.10,-0.01,-0.06
10/18/2017,10.17,0.00,0.00,-0.03,-0.30
10/17/2017,10.17,-0.10,-0.97,-0.01,-0.14
10/16/2017,10.27,0.01,0.10,-0.06,-0.58
10/13/2017,10.26,0.11,1.08,-0.01,-0.13
10/12/2017,10.15,0.02,0.20,-0.02,-0.21
10/11/2017,10.13,0.00,0.00,0.01,0.05
10/10/2017,10.13,0.09,0.90,0.03,0.31
10/09/2017,10.04,-0.05,-0.50,-0.04,-0.40
10/06/2017,10.09,-0.09,-0.88,-0.05,-0.49
10/05/2017,10.18,-0.03,-0.29,0.01,0.11
10/04/2017,10.21,0.03,0.29,0.01,0.11
10/03/2017,10.18,0.02,0.20,0.00,-0.03
10/02/2017,10.16,0.01,0.10,0.00,0.03
09/29/2017,10.15,-0.02,-0.20,-0.02,-0.23
09/28/2017,10.17,0.06,0.59,0.03,0.31
09/27/2017,10.11,0.03,0.30,-0.01,-0.06
09/26/2017,10.08,-0.06,-0.59,-0.01,-0.13
09/25/2017,10.14,-0.05,-0.49,-0.01,-0.10
09/22/2017,10.19,-0.08,-0.78,-0.01,-0.05
09/21/2017,10.27,0.09,0.88,-0.03,-0.31
09/20/2017,10.18,-0.13,-1.26,-0.09,-0.89
09/19/2017,10.31,0.13,1.28,-0.01,-0.08
09/18/2017,10.18,0.21,2.11,-0.07,-0.70
09/15/2017,9.97,0.12,1.22,-0.04,-0.43
09/14/2017,9.85,0.01,0.10,-0.03,-0.34
09/13/2017,9.84,-0.04,-0.40,0.00,-0.05
09/12/2017,9.88,0.06,0.61,0.00,0.04
09/11/2017,9.82,0.11,1.13,-0.01,-0.10
09/08/2017,9.71,0.00,0.00,-0.06,-0.62
09/07/2017,9.71,0.04,0.41,-0.04,-0.36
09/06/2017,9.67,0.19,2.00,-0.02,-0.21
09/05/2017,9.48,-0.08,-0.84,-0.05,-0.52
09/01/2017,9.56,0.15,1.59,-0.01,-0.16
08/31/2017,9.41,0.03,0.32,-0.04,-0.46
08/30/2017,9.38,-0.01,-0.11,0.00,-0.04
08/29/2017,9.39,-0.06,-0.63,-0.02,-0.24
08/28/2017,9.45,-0.02,-0.21,-0.03,-0.26
08/25/2017,9.47,0.08,0.85,0.00,0.01
08/24/2017,9.39,-0.02,-0.21,-0.02,-0.21
08/23/2017,9.41,0.02,0.21,0.00,0.02
08/22/2017,9.39,0.02,0.21,-0.02,-0.24
08/21/2017,9.37,-0.01,-0.11,-0.02,-0.22
08/18/2017,9.38,0.00,0.00,0.00,-0.03
08/17/2017,9.38,-0.12,-1.26,-0.07,-0.70
08/16/2017,9.5,0.07,0.74,0.01,0.06
08/15/2017,9.43,-0.07,-0.74,-0.01,-0.08
08/14/2017,9.5,0.04,0.42,-0.02,-0.25
08/11/2017,9.46,-0.02,-0.21,0.00,-0.05
08/10/2017,9.48,-0.18,-1.86,-0.03,-0.31
08/09/2017,9.66,-0.05,-0.51,0.00,-0.02
08/08/2017,9.71,-0.09,-0.92,-0.01,-0.13
08/07/2017,9.8,0.09,0.93,0.00,-0.03
08/04/2017,9.71,0.04,0.41,-0.02,-0.17
08/03/2017,9.67,0.03,0.31,0.00,-0.00
08/02/2017,9.64,-0.02,-0.21,-0.01,-0.08
08/01/2017,9.66,0.00,0.00,-0.01,-0.10
07/31/2017,9.66,0.03,0.31,-0.02,-0.20
07/28/2017,9.63,0.03,0.31,-0.02,-0.16
07/27/2017,9.6,-0.07,-0.72,-0.03,-0.30
07/26/2017,9.67,-0.01,-0.10,0.06,0.59
07/25/2017,9.68,0.03,0.31,0.00,-0.04
07/24/2017,9.65,-0.03,-0.31,-0.02,-0.16
07/21/2017,9.68,-0.04,-0.41,-0.02,-0.23
07/20/2017,9.72,0.00,0.00,-0.01,-0.14
07/19/2017,9.72,0.12,1.25,-0.01,-0.15
07/18/2017,9.6,-0.03,-0.31,-0.02,-0.23
07/17/2017,9.63,0.00,0.00,-0.02,-0.23
07/14/2017,9.63,0.02,0.21,0.00,-0.04
07/13/2017,9.61,0.11,1.16,0.01,0.06
07/12/2017,9.5,0.09,0.96,0.04,0.38
07/11/2017,9.41,0.06,0.64,0.00,0.04
07/10/2017,9.35,0.13,1.41,0.02,0.18
07/07/2017,9.22,-0.02,-0.22,-0.03,-0.32
07/06/2017,9.24,-0.07,-0.75,-0.03,-0.34
07/05/2017,9.31,0.32,3.56,0.00,-0.03
07/03/2017,8.99,-0.27,-2.92,-0.35,-3.78
06/30/2017,9.26,0.04,0.43,-0.01,-0.13
06/29/2017,9.22,-0.04,-0.43,-0.06,-0.67
06/28/2017,9.26,-0.01,-0.11,0.00,0.02
06/27/2017,9.27,-0.02,-0.22,-0.01,-0.11
06/26/2017,9.29,0.00,0.00,-0.02,-0.27
06/23/2017,9.29,0.07,0.76,-0.02,-0.19
06/22/2017,9.22,0.02,0.22,-0.02,-0.19
06/21/2017,9.2,-0.03,-0.33,-0.03,-0.34
06/20/2017,9.23,-0.15,-1.60,-0.05,-0.58
06/19/2017,9.38,0.07,0.75,-0.03,-0.34
06/16/2017,9.31,0.05,0.54,-0.01,-0.13
06/15/2017,9.26,-0.18,-1.91,-0.02,-0.22
06/14/2017,9.44,-0.10,-1.05,-0.03,-0.33
06/13/2017,9.54,0.12,1.27,0.03,0.29
06/12/2017,9.42,0.05,0.53,0.00,-0.00
06/09/2017,9.37,0.12,1.30,-0.01,-0.09
06/08/2017,9.25,0.04,0.43,0.00,0.01
06/07/2017,9.21,-0.11,-1.18,-0.02,-0.20
06/06/2017,9.32,-0.05,-0.53,0.00,0.01
06/05/2017,9.37,0.03,0.32,0.02,0.16
06/02/2017,9.34,0.04,0.43,0.03,0.28
06/01/2017,9.3,0.04,0.43,0.02,0.25
05/31/2017,9.26,-0.10,-1.07,0.00,0.01
05/30/2017,9.36,-0.02,-0.21,0.04,0.41
05/26/2017,9.38,-0.02,-0.21,-0.01,-0.07
05/25/2017,9.4,0.01,0.11,-0.02,-0.17
05/24/2017,9.39,0.01,0.11,0.00,-0.04
05/23/2017,9.38,0.01,0.11,-0.02,-0.18
05/22/2017,9.37,-0.02,-0.21,-0.04,-0.38
05/19/2017,9.39,0.20,2.18,0.00,-0.03
05/18/2017,9.19,-0.01,-0.11,-0.03,-0.34
05/17/2017,9.2,-0.04,-0.43,-0.04,-0.40
05/16/2017,9.24,-0.01,-0.11,-0.05,-0.56
05/15/2017,9.25,0.14,1.54,0.01,0.08
05/12/2017,9.11,-0.03,-0.33,0.01,0.14
05/11/2017,9.14,-0.03,-0.33,-0.01,-0.16
05/10/2017,9.17,0.02,0.22,-0.01,-0.13
05/09/2017,9.15,0.00,0.00,-0.06,-0.61
05/08/2017,9.15,-0.06,-0.65,-0.05,-0.55
05/05/2017,9.21,0.18,1.99,0.01,0.11
05/04/2017,9.03,0.01,0.11,-0.04,-0.48
05/03/2017,9.02,-0.16,-1.74,-0.06,-0.64
05/02/2017,9.18,-0.07,-0.76,-0.01,-0.14
05/01/2017,9.25,-0.02,-0.22,-0.03,-0.29
04/28/2017,9.27,-0.01,-0.11,-0.01,-0.10
04/27/2017,9.28,0.05,0.54,-0.03,-0.32
04/26/2017,9.23,-0.07,-0.75,-0.03,-0.37
04/25/2017,9.3,0.14,1.53,0.00,-0.04
04/24/2017,9.16,0.13,1.44,-0.01,-0.09
04/21/2017,9.03,-0.01,-0.11,0.00,-0.02
04/20/2017,9.04,0.02,0.22,-0.04,-0.41
04/19/2017,9.02,-0.07,-0.77,-0.03,-0.37
04/18/2017,9.09,-0.11,-1.20,-0.01,-0.15
04/17/2017,9.2,0.00,0.00,-0.01,-0.13
04/13/2017,9.2,-0.03,-0.33,-0.03,-0.38
04/12/2017,9.23,0.00,0.00,-0.02,-0.24
04/11/2017,9.23,-0.02,-0.22,-0.02,-0.18
04/10/2017,9.25,0.02,0.22,-0.01,-0.09
04/07/2017,9.23,-0.06,-0.65,-0.03,-0.29
04/06/2017,9.29,0.08,0.87,0.01,0.08
04/05/2017,9.21,0.01,0.11,-0.03,-0.32
04/04/2017,9.2,-0.01,-0.11,-0.01,-0.11
04/03/2017,9.21,-0.08,-0.86,-0.01,-0.09
03/31/2017,9.29,-0.03,-0.32,-0.01,-0.08
03/30/2017,9.32,0.02,0.22,0.00,0.02
03/29/2017,9.3,0.02,0.22,-0.02,-0.19
03/28/2017,9.28,0.07,0.76,-0.02,-0.18
03/27/2017,9.21,0.00,0.00,0.00,0.04
03/24/2017,9.21,0.00,0.00,0.00,-0.02
03/23/2017,9.21,0.02,0.22,-0.02,-0.26
03/22/2017,9.19,-0.01,-0.11,0.00,0.05
03/21/2017,9.2,-0.06,-0.65,-0.02,-0.25
03/20/2017,9.26,-0.01,-0.11,-0.03,-0.33
03/17/2017,9.27,0.02,0.22,0.00,0.03
03/16/2017,9.25,0.03,0.33,0.01,0.15
03/15/2017,9.22,0.09,0.99,0.07,0.76
03/14/2017,9.13,-0.05,-0.54,-0.02,-0.21
03/13/2017,9.18,0.02,0.22,-0.02,-0.23
03/10/2017,9.16,0.02,0.22,-0.01,-0.10
03/09/2017,9.14,0.05,0.55,-0.01,-0.15
03/08/2017,9.09,-0.09,-0.98,-0.03,-0.29
03/07/2017,9.18,0.00,0.00,-0.01,-0.06
03/06/2017,9.18,-0.06,-0.65,-0.02,-0.24
03/03/2017,9.24,-0.01,-0.11,0.01,0.14
03/02/2017,9.25,-0.07,-0.75,-0.04,-0.39
03/01/2017,9.32,0.11,1.19,0.03,0.34
02/28/2017,9.21,0.00,0.00,-0.01,-0.09
02/27/2017,9.21,-0.04,-0.43,-0.01,-0.12
02/24/2017,9.25,-0.13,-1.39,-0.01,-0.10
02/23/2017,9.38,-0.10,-1.05,-0.03,-0.33
02/22/2017,9.48,-0.01,-0.11,-0.01,-0.06
02/21/2017,9.49,-0.06,-0.63,-0.03,-0.29
02/17/2017,9.55,-0.04,-0.42,0.00,0.05
02/16/2017,9.59,-0.04,-0.42,-0.01,-0.08
02/15/2017,9.63,-0.05,-0.52,0.01,0.14
02/14/2017,9.68,-0.04,-0.41,0.03,0.32
02/13/2017,9.72,0.13,1.36,0.06,0.62
02/10/2017,9.59,0.10,1.05,0.05,0.53
02/09/2017,9.49,-0.06,-0.63,0.02,0.17
02/08/2017,9.55,0.01,0.10,0.02,0.16
02/07/2017,9.54,0.00,0.00,0.00,-0.02
02/06/2017,9.54,-0.12,-1.24,-0.01,-0.06
02/03/2017,9.66,0.02,0.21,0.05,0.48
02/02/2017,9.64,-0.05,-0.52,0.03,0.28
02/01/2017,9.69,0.07,0.73,0.09,0.94
01/31/2017,9.62,0.03,0.31,0.05,0.57
01/30/2017,9.59,-0.08,-0.83,0.04,0.38
01/27/2017,9.67,-0.02,-0.21,0.03,0.33
01/26/2017,9.69,-0.17,-1.72,0.05,0.52
01/25/2017,9.86,0.09,0.92,0.09,0.90
01/24/2017,9.77,0.29,3.06,0.06,0.62
01/23/2017,9.48,0.05,0.53,0.00,-0.04
01/20/2017,9.43,0.15,1.62,0.02,0.23
01/19/2017,9.28,-0.05,-0.54,0.00,0.01
01/18/2017,9.33,-0.04,-0.43,-0.02,-0.26
01/17/2017,9.37,-0.02,-0.21,0.00,0.04
01/13/2017,9.39,0.00,0.00,0.01,0.06
01/12/2017,9.39,0.00,0.00,0.00,-0.00
01/11/2017,9.39,0.16,1.73,0.05,0.57
01/10/2017,9.23,-0.01,-0.11,-0.02,-0.25
01/09/2017,9.24,0.04,0.43,0.03,0.34
01/06/2017,9.2,-0.05,-0.54,0.01,0.14
01/05/2017,9.25,0.09,0.98,0.03,0.31
01/04/2017,9.16,0.14,1.55,0.03,0.36
01/03/2017,9.02,0.07,0.78,0.03,0.31
12/30/2016,8.95,-0.02,-0.22,-0.01,-0.07
12/29/2016,8.97,0.08,0.90,0.02,0.24
12/28/2016,8.89,-0.31,-3.37,0.01,0.14
12/27/2016,9.2,0.09,0.99,0.06,0.66
12/23/2016,9.11,0.02,0.22,0.00,-0.00
12/22/2016,9.09,0.06,0.66,-0.01,-0.14
12/21/2016,9.03,0.05,0.56,-0.01,-0.06
12/20/2016,8.98,0.03,0.34,0.00,-0.05
12/19/2016,8.95,-0.03,-0.33,0.01,0.16
12/16/2016,8.98,0.02,0.22,0.00,-0.03
12/15/2016,8.96,-0.04,-0.44,0.02,0.17
12/14/2016,9,-0.16,-1.75,-0.07,-0.76
12/13/2016,9.16,-0.12,-1.29,0.03,0.38
12/12/2016,9.28,-0.04,-0.43,0.06,0.66
12/09/2016,9.32,0.04,0.43,0.04,0.45
12/08/2016,9.28,0.12,1.31,0.05,0.52
12/07/2016,9.16,0.13,1.44,0.05,0.54
12/06/2016,9.03,0.05,0.56,0.04,0.46
12/05/2016,8.98,0.14,1.58,0.07,0.78
12/02/2016,8.84,0.02,0.23,0.04,0.47
12/01/2016,8.82,0.05,0.57,0.02,0.18
11/30/2016,8.77,0.09,1.04,0.05,0.59
11/29/2016,8.68,-0.01,-0.12,0.06,0.66
11/28/2016,8.69,-0.02,-0.23,0.02,0.26
11/25/2016,8.71,-0.02,-0.23,0.02,0.19
11/23/2016,8.73,-0.02,-0.23,0.04,0.44
11/22/2016,8.75,0.02,0.23,0.03,0.37
11/21/2016,8.73,0.12,1.39,0.01,0.11
11/18/2016,8.61,0.08,0.94,0.03,0.30
11/17/2016,8.53,0.01,0.12,-0.01,-0.09
11/16/2016,8.52,-0.09,-1.05,0.00,-0.06
11/15/2016,8.61,0.04,0.47,0.03,0.32
11/14/2016,8.57,-0.07,-0.81,0.01,0.08
11/11/2016,8.64,-0.04,-0.46,0.02,0.24
11/10/2016,8.68,0.10,1.17,0.02,0.25
11/09/2016,8.58,0.05,0.59,0.06,0.74
11/08/2016,8.53,0.13,1.55,0.04,0.50
11/07/2016,8.4,0.11,1.33,0.04,0.45
11/04/2016,8.29,-0.03,-0.36,0.03,0.34
11/03/2016,8.32,-0.15,-1.77,0.02,0.19
11/02/2016,8.47,-0.08,-0.94,0.02,0.24
11/01/2016,8.55,-0.06,-0.70,-0.01,-0.09
10/31/2016,8.61,-0.02,-0.23,0.05,0.62
10/28/2016,8.63,-0.03,-0.35,0.00,0.03
10/27/2016,8.66,0.01,0.12,0.04,0.49
10/26/2016,8.65,0.02,0.23,0.01,0.08
10/25/2016,8.63,0.00,0.00,0.03,0.32
10/24/2016,8.63,0.00,0.00,0.03,0.33
10/21/2016,8.63,-0.03,-0.35,0.04,0.44
10/20/2016,8.66,0.09,1.05,0.05,0.55
10/19/2016,8.57,0.09,1.06,0.00,0.02
10/18/2016,8.48,0.11,1.31,0.01,0.14
10/17/2016,8.37,-0.03,-0.36,0.00,-0.01
10/14/2016,8.4,-0.04,-0.47,-0.02,-0.23
10/13/2016,8.44,-0.03,-0.35,0.03,0.33
10/12/2016,8.47,-0.01,-0.12,-0.02,-0.23
10/11/2016,8.48,-0.11,-1.28,-0.05,-0.60
10/10/2016,8.59,0.02,0.23,-0.03,-0.35
10/07/2016,8.57,-0.14,-1.61,-0.03,-0.36
10/06/2016,8.71,0.01,0.11,0.04,0.42
10/05/2016,8.7,0.08,0.93,0.05,0.52
10/04/2016,8.62,-0.02,-0.23,-0.02,-0.20
10/03/2016,8.64,0.01,0.12,0.01,0.07
09/30/2016,8.63,0.09,1.05,0.03,0.36
09/29/2016,8.54,-0.15,-1.73,-0.09,-1.02
09/28/2016,8.69,0.15,1.76,0.05,0.62
09/27/2016,8.54,0.02,0.23,0.05,0.54
09/26/2016,8.52,-0.04,-0.47,-0.04,-0.52
09/23/2016,8.56,-0.12,-1.38,-0.07,-0.76
09/22/2016,8.68,0.06,0.70,-0.01,-0.14
09/21/2016,8.62,0.09,1.06,0.03,0.31
09/20/2016,8.53,-0.06,-0.70,0.00,0.04
09/19/2016,8.59,0.05,0.59,0.02,0.23
09/16/2016,8.54,0.01,0.12,0.01,0.08
09/15/2016,8.53,-0.01,-0.12,0.00,-0.01
09/14/2016,8.54,-0.05,-0.58,0.00,0.00
09/13/2016,8.59,-0.24,-2.72,-0.01,-0.11
09/12/2016,8.83,0.04,0.46,0.10,1.18
09/09/2016,8.79,-0.23,-2.55,-0.04,-0.47
09/08/2016,9.02,-0.03,-0.33,0.00,0.03
09/07/2016,9.05,0.00,0.00,-0.01,-0.06
09/06/2016,9.05,0.03,0.33,0.01,0.10
09/02/2016,9.02,0.04,0.45,0.01,0.06
09/01/2016,8.98,0.02,0.22,0.03,0.39
08/31/2016,8.96,-0.14,-1.54,-0.04,-0.44
08/30/2016,9.1,0.27,3.06,0.03,0.34
08/29/2016,8.83,0.04,0.46,-0.02,-0.17
08/26/2016,8.79,-0.12,-1.35,-0.13,-1.47
08/25/2016,8.91,-0.04,-0.45,-0.03,-0.30
08/24/2016,8.95,-0.08,-0.89,-0.03,-0.34
08/23/2016,9.03,0.08,0.89,-0.02,-0.20
08/22/2016,8.95,0.12,1.36,-0.04,-0.44
08/19/2016,8.83,-0.01,-0.11,-0.02,-0.24
08/18/2016,8.84,0.02,0.23,0.00,-0.01
08/17/2016,8.82,-0.04,-0.45,0.03,0.31
08/16/2016,8.86,0.00,0.00,0.02,0.22
08/15/2016,8.86,0.07,0.80,0.00,-0.04
08/12/2016,8.79,-0.08,-0.90,0.02,0.25
08/11/2016,8.87,0.06,0.68,0.06,0.68
08/10/2016,8.81,0.05,0.57,0.01,0.08
08/09/2016,8.76,0.11,1.27,0.00,-0.02
08/08/2016,8.65,0.17,2.00,-0.01,-0.11
08/05/2016,8.48,0.03,0.36,0.00,0.02
08/04/2016,8.45,-0.09,-1.05,0.01,0.11
08/03/2016,8.54,0.07,0.83,0.04,0.52
08/02/2016,8.47,0.02,0.24,-0.04,-0.47
08/01/2016,8.45,-0.10,-1.17,-0.05,-0.57
07/29/2016,8.55,-0.03,-0.35,0.03,0.30
07/28/2016,8.58,-0.07,-0.81,0.04,0.47
07/27/2016,8.65,-0.01,-0.12,-0.02,-0.19
07/26/2016,8.66,0.07,0.81,-0.03,-0.33
07/25/2016,8.59,0.00,0.00,-0.02,-0.26
07/22/2016,8.59,-0.04,-0.46,-0.01,-0.12
07/21/2016,8.63,-0.01,-0.12,-0.04,-0.50
07/20/2016,8.64,0.04,0.47,-0.01,-0.16
07/19/2016,8.6,-0.13,-1.49,-0.02,-0.27
07/18/2016,8.73,0.04,0.46,0.00,-0.03
07/15/2016,8.69,0.01,0.12,0.02,0.20
07/14/2016,8.68,0.13,1.52,0.01,0.17
07/13/2016,8.55,0.07,0.83,-0.01,-0.08
07/12/2016,8.48,0.16,1.92,0.00,0.03
07/11/2016,8.32,0.08,0.97,-0.03,-0.34
07/08/2016,8.24,0.13,1.60,0.00,-0.05
07/07/2016,8.11,0.00,0.00,-0.05,-0.60
07/06/2016,8.11,-0.03,-0.37,0.00,0.05
07/05/2016,8.14,-0.16,-1.93,-0.07,-0.91
07/01/2016,8.3,0.07,0.85,-0.04,-0.51
06/30/2016,8.23,0.05,0.61,-0.03,-0.35
06/29/2016,8.18,0.05,0.62,-0.03,-0.34
06/28/2016,8.13,0.15,1.88,0.05,0.66
06/27/2016,7.98,-0.37,-4.43,-0.01,-0.07
06/24/2016,8.35,-0.44,-5.01,-0.04,-0.45
06/23/2016,8.79,0.24,2.81,0.02,0.23
06/22/2016,8.55,-0.04,-0.47,-0.05,-0.57
06/21/2016,8.59,0.00,0.00,-0.02,-0.29
06/20/2016,8.59,8.59,0.00,-0.05,-0.56
06/17/2016,0,-8.38,-100.00,0.00,0.00
06/16/2016,8.38,-0.08,-0.95,0.04,0.50
06/15/2016,8.46,0.01,0.12,0.00,-0.04
06/14/2016,8.45,-0.15,-1.74,0.00,-0.01
06/13/2016,8.6,-0.05,-0.58,-0.02,-0.21
06/10/2016,8.65,-0.16,-1.82,-0.08,-0.87
06/09/2016,8.81,-0.15,-1.67,-0.03,-0.31
06/08/2016,8.96,-0.07,-0.78,-0.05,-0.56
06/07/2016,9.03,0.16,1.80,-0.05,-0.51
06/06/2016,8.87,0.19,2.19,-0.05,-0.55
06/03/2016,8.68,0.08,0.93,-0.02,-0.18
06/02/2016,8.6,0.03,0.35,-0.01,-0.06
06/01/2016,8.57,0.00,0.00,0.01,0.07
05/31/2016,8.57,-0.03,-0.35,-0.03,-0.38
05/27/2016,8.6,-0.03,-0.35,-0.04,-0.46
05/26/2016,8.63,0.01,0.12,-0.02,-0.23
05/25/2016,8.62,0.10,1.17,-0.01,-0.15
05/24/2016,8.52,0.00,0.00,-0.01,-0.09
05/23/2016,8.52,0.06,0.71,-0.04,-0.42
05/20/2016,8.46,0.07,0.83,-0.04,-0.51
05/19/2016,8.39,0.01,0.12,-0.03,-0.33
05/18/2016,8.38,-0.17,-1.99,-0.08,-0.92
05/17/2016,8.55,-0.04,-0.47,-0.07,-0.80
05/16/2016,8.59,0.13,1.54,0.01,0.16
05/13/2016,8.46,-0.09,-1.05,-0.05,-0.64
05/12/2016,8.55,-0.05,-0.58,-0.03,-0.30
05/11/2016,8.6,0.00,0.00,-0.02,-0.25
05/10/2016,8.6,0.14,1.65,-0.03,-0.31
05/09/2016,8.46,-0.10,-1.17,-0.03,-0.35
05/06/2016,8.56,0.02,0.23,-0.03,-0.38
05/05/2016,8.54,-0.16,-1.84,-0.05,-0.59
05/04/2016,8.7,-0.10,-1.14,-0.05,-0.53
05/03/2016,8.8,-0.19,-2.11,-0.05,-0.57
05/02/2016,8.99,-0.01,-0.11,-0.02,-0.19
04/29/2016,9,-0.02,-0.22,-0.04,-0.44
04/28/2016,9.02,-0.03,-0.33,-0.05,-0.50
04/27/2016,9.05,0.03,0.33,0.01,0.07
04/26/2016,9.02,-0.02,-0.22,-0.03,-0.34
04/25/2016,9.04,-0.06,-0.66,-0.05,-0.50
04/22/2016,9.1,-0.05,-0.55,-0.04,-0.47
04/21/2016,9.15,-0.02,-0.22,-0.06,-0.70
04/20/2016,9.17,0.11,1.21,-0.03,-0.31
04/19/2016,9.06,0.18,2.03,-0.04,-0.48
04/18/2016,8.88,0.11,1.25,-0.02,-0.22
04/15/2016,8.77,0.04,0.46,-0.05,-0.53
04/14/2016,8.73,-0.04,-0.46,-0.03,-0.39
04/13/2016,8.77,0.07,0.80,-0.04,-0.40
04/12/2016,8.7,0.09,1.05,0.01,0.08
04/11/2016,8.61,0.12,1.41,-0.02,-0.28
04/08/2016,8.49,0.05,0.59,-0.04,-0.52
04/07/2016,8.44,-0.17,-1.97,-0.07,-0.84
04/06/2016,8.61,0.07,0.82,0.02,0.28
04/05/2016,8.54,-0.19,-2.18,-0.05,-0.57
04/04/2016,8.73,8.73,0.00,-0.02,-0.23
04/01/2016,0,-8.85,-100.00,0.00,0.00
03/31/2016,8.85,8.85,0.00,-0.06,-0.66
03/30/2016,0,-8.86,-100.00,0.00,0.00
03/29/2016,8.86,0.10,1.14,0.06,0.65
03/28/2016,8.76,0.01,0.11,-0.04,-0.40
03/24/2016,8.75,-0.09,-1.02,-0.03,-0.32
03/23/2016,8.84,-0.12,-1.34,-0.04,-0.43
03/22/2016,8.96,-0.05,-0.55,-0.04,-0.42
03/21/2016,9.01,-0.04,-0.44,-0.04,-0.39
03/18/2016,9.05,0.05,0.56,0.00,-0.02
03/17/2016,9,0.02,0.22,-0.02,-0.27
03/16/2016,8.98,0.11,1.24,0.06,0.66
03/15/2016,8.87,-0.04,-0.45,-0.02,-0.23
03/14/2016,8.91,0.00,0.00,-0.03,-0.37
03/11/2016,8.91,0.19,2.18,0.00,-0.01
03/10/2016,8.72,-0.10,-1.13,-0.04,-0.47
03/09/2016,8.82,0.09,1.03,-0.03,-0.37
03/08/2016,8.73,-0.05,-0.57,-0.05,-0.54
03/07/2016,8.78,0.12,1.39,-0.03,-0.37
03/04/2016,8.66,0.06,0.70,-0.02,-0.21
03/03/2016,8.6,0.16,1.90,-0.02,-0.28
03/02/2016,8.44,0.08,0.96,-0.03,-0.39
03/01/2016,8.36,0.16,1.95,0.00,0.03
02/29/2016,8.2,0.00,0.00,-0.03,-0.39
02/26/2016,8.2,0.03,0.37,-0.04,-0.45
02/25/2016,8.17,0.06,0.74,0.01,0.13
02/24/2016,8.11,0.00,0.00,0.02,0.22
02/23/2016,8.11,-0.09,-1.10,-0.02,-0.26
02/22/2016,8.2,0.08,0.99,-0.03,-0.31
02/19/2016,8.12,-0.06,-0.73,0.00,-0.05
02/18/2016,8.18,0.09,1.11,-0.06,-0.69
02/17/2016,8.09,0.26,3.32,-0.01,-0.08
02/16/2016,7.83,0.11,1.42,0.00,0.05
02/12/2016,7.72,0.04,0.52,0.01,0.16
02/11/2016,7.68,-0.07,-0.90,-0.04,-0.55
02/10/2016,7.75,-0.02,-0.26,-0.03,-0.36
02/09/2016,7.77,-0.05,-0.64,-0.04,-0.48
02/08/2016,7.82,-0.18,-2.25,-0.04,-0.49
02/05/2016,8,-0.08,-0.99,-0.07,-0.81
02/04/2016,8.08,0.14,1.76,-0.02,-0.25
02/03/2016,7.94,0.20,2.58,0.04,0.52
02/02/2016,7.74,-0.26,-3.25,-0.04,-0.47
02/01/2016,8,-0.02,-0.25,0.00,-0.02
01/29/2016,8.02,0.17,2.17,0.01,0.14
01/28/2016,7.85,0.09,1.16,-0.02,-0.21
01/27/2016,7.76,-0.06,-0.77,-0.05,-0.67
01/26/2016,7.82,0.09,1.16,0.00,0.00
01/25/2016,7.73,-0.21,-2.64,-0.08,-0.97
01/22/2016,7.94,0.13,1.66,-0.02,-0.21
01/21/2016,7.81,0.02,0.26,-0.03,-0.33
01/20/2016,7.79,-0.18,-2.26,0.00,0.05
01/19/2016,7.97,-0.01,-0.13,-0.06,-0.69
01/15/2016,7.98,-0.21,-2.56,-0.09,-1.07
01/14/2016,8.19,0.06,0.74,0.05,0.59
01/13/2016,8.13,-0.06,-0.73,-0.07,-0.83
01/12/2016,8.19,0.03,0.37,0.00,0.03
01/11/2016,8.16,-0.14,-1.69,-0.01,-0.15
01/08/2016,8.3,-0.06,-0.72,-0.06,-0.77
01/07/2016,8.36,-0.25,-2.90,-0.06,-0.73
01/06/2016,8.61,-0.24,-2.71,-0.04,-0.46
01/05/2016,8.85,-0.07,-0.78,-0.01,-0.06
01/04/2016,8.92,0.00,0.00,-0.01,-0.09
12/31/15,--,--,--,-0.05,-0.56
12/30/15,--,--,--,-0.04,-0.46
12/29/15,--,--,--,-0.01,-0.09
12/28/15,--,--,--,-0.02,-0.22
12/24/15,--,--,--,-0.05,-0.53
12/23/15,--,--,--,0.02,0.19
12/22/15,--,--,--,0.01,0.15
12/21/15,--,--,--,0.02,0.22
12/18/15,--,--,--,-0.03,-0.29
12/17/15,--,--,--,-0.03,-0.35
12/16/15,--,--,--,0.03,0.27
12/15/15,--,--,--,0.00,0.00
12/14/15,--,--,--,0.00,-0.03
12/11/15,--,--,--,-0.06,-0.61
12/10/15,--,--,--,-0.02,-0.21
12/9/15,--,--,--,-0.02,-0.23
12/8/15,--,--,--,0.00,-0.01
12/7/15,--,--,--,-0.03,-0.34
12/4/15,--,--,--,-0.01,-0.11
12/3/15,--,--,--,-0.05,-0.55
12/2/15,--,--,--,-0.06,-0.57
12/1/15,--,--,--,0.00,0.03
11/30/15,--,--,--,-0.04,-0.38
11/27/15,--,--,--,-0.03,-0.27
11/25/15,--,--,--,0.01,0.08
11/24/15,--,--,--,0.03,0.31
11/23/15,--,--,--,-0.04,-0.38
11/20/15,--,--,--,-0.03,-0.29
11/19/15,--,--,--,-0.02,-0.19
11/18/15,--,--,--,-0.03,-0.35
11/17/15,--,--,--,0.01,0.12
11/16/15,--,--,--,0.05,0.46
11/13/15,--,--,--,-0.04,-0.41
11/12/15,--,--,--,-0.06,-0.66
11/11/15,--,--,--,-0.03,-0.31
11/10/15,--,--,--,-0.02,-0.15
11/9/15,--,--,--,-0.05,-0.46
11/6/15,--,--,--,-0.01,-0.14
11/5/15,--,--,--,0.01,0.05
11/4/15,--,--,--,-0.07,-0.65
11/3/15,--,--,--,-0.01,-0.13
11/2/15,--,--,--,0.00,0.01
11/1/15,--,--,--,-0.05,-0.50
10/31/15,--,--,--,-0.05,-0.50
10/30/15,--,--,--,-0.06,-0.55
10/29/15,--,--,--,-0.03,-0.33
10/28/15,--,--,--,-0.07,-0.70
10/27/15,--,--,--,-0.02,-0.24
10/26/15,--,--,--,-0.02,-0.24
10/23/15,--,--,--,-0.02,-0.17
10/22/15,--,--,--,-0.01,-0.06
10/21/15,--,--,--,-0.08,-0.80
10/20/15,--,--,--,-0.06,-0.63
10/19/15,--,--,--,-0.01,-0.10
10/16/15,--,--,--,0.00,-0.02
10/15/15,--,--,--,0.00,-0.03
10/14/15,--,--,--,-0.03,-0.26
10/13/15,--,--,--,-0.05,-0.54
10/12/15,--,--,--,-0.06,-0.63
10/9/15,--,--,--,-0.01,-0.11
10/8/15,--,--,--,0.05,0.53
10/7/15,--,--,--,-0.01,-0.10
10/6/15,--,--,--,-0.02,-0.18
10/5/15,--,--,--,0.04,0.37
10/2/15,--,--,--,0.04,0.39
10/1/15,--,--,--,-0.03,-0.35
9/30/15,--,--,--,-0.04,-0.42
9/29/15,--,--,--,-0.04,-0.44
9/28/15,--,--,--,-0.09,-0.92
9/25/15,--,--,--,-0.03,-0.33
9/24/15,--,--,--,-0.01,-0.15
9/23/15,--,--,--,-0.02,-0.18
9/22/15,--,--,--,-0.04,-0.42
9/21/15,--,--,--,-0.02,-0.19
9/18/15,--,--,--,-0.12,-1.11
9/17/15,--,--,--,0.01,0.05
9/16/15,--,--,--,-0.02,-0.21
9/15/15,--,--,--,0.01,0.13
9/14/15,--,--,--,-0.01,-0.13
9/11/15,--,--,--,0.01,0.14
9/10/15,--,--,--,0.01,0.07
9/9/15,--,--,--,-0.10,-0.98
9/8/15,--,--,--,-0.01,-0.05
9/4/15,--,--,--,-0.07,-0.70
9/3/15,--,--,--,-0.06,-0.55
9/2/15,--,--,--,0.01,0.11
9/1/15,--,--,--,-0.09,-0.83
8/31/15,--,--,--,-0.02,-0.18
8/28/15,--,--,--,-0.02,-0.18
8/27/15,--,--,--,-0.03,-0.30
8/26/15,--,--,--,0.05,0.48
8/25/15,--,--,--,-0.07,-0.65
8/24/15,--,--,--,-0.02,-0.18
8/21/15,--,--,--,-0.07,-0.70
8/20/15,--,--,--,-0.07,-0.60
8/19/15,--,--,--,0.00,-0.03
8/18/15,--,--,--,-0.01,-0.08
8/17/15,--,--,--,0.01,0.10
8/14/15,--,--,--,0.00,-0.01
8/13/15,--,--,--,-0.03,-0.30
8/12/15,--,--,--,0.01,0.12
8/11/15,--,--,--,-0.04,-0.32
8/10/15,--,--,--,0.02,0.14
8/7/15,--,--,--,-0.04,-0.34
8/6/15,--,--,--,-0.06,-0.55
8/5/15,--,--,--,-0.04,-0.37
8/4/15,--,--,--,-0.07,-0.60
8/3/15,--,--,--,-0.05,-0.47
7/31/15,--,--,--,-0.04,-0.35
7/30/15,--,--,--,0.01,0.05
7/29/15,--,--,--,0.01,0.12
7/28/15,--,--,--,0.00,0.02
7/27/15,--,--,--,-0.03,-0.28
7/24/15,--,--,--,-0.07,-0.64
7/23/15,--,--,--,-0.05,-0.45
7/22/15,--,--,--,-0.03,-0.31
7/21/15,--,--,--,-0.06,-0.53
7/20/15,--,--,--,-0.06,-0.52
7/17/15,--,--,--,-0.02,-0.17
7/16/15,--,--,--,-0.02,-0.19
7/15/15,--,--,--,-0.06,-0.55
7/14/15,--,--,--,-0.01,-0.11
7/13/15,--,--,--,0.01,0.11
7/10/15,--,--,--,0.07,0.64
7/9/15,--,--,--,-0.02,-0.14
7/8/15,--,--,--,0.00,0.03
7/7/15,--,--,--,0.21,1.89
7/6/15,--,--,--,0.04,0.37
7/2/15,--,--,--,-0.04,-0.30
7/1/15,--,--,--,-0.02,-0.21
6/30/15,--,--,--,0.01,0.06
6/29/15,--,--,--,0.16,1.39
6/26/15,--,--,--,0.06,0.54
6/25/15,--,--,--,0.08,0.71
6/24/15,--,--,--,-0.06,-0.56
6/23/15,--,--,--,-0.05,-0.40
6/22/15,--,--,--,-0.06,-0.50
6/19/15,--,--,--,-0.03,-0.30
6/18/15,--,--,--,-0.04,-0.31
6/17/15,--,--,--,-0.02,-0.16
6/16/15,--,--,--,-0.04,-0.34
6/15/15,--,--,--,-0.04,-0.32
6/12/15,--,--,--,-0.06,-0.54
6/11/15,--,--,--,-0.03,-0.29
6/10/15,--,--,--,-0.02,-0.14
6/9/15,--,--,--,-0.05,-0.41
6/8/15,--,--,--,-0.03,-0.27
6/5/15,--,--,--,-0.05,-0.48
6/4/15,--,--,--,-0.11,-0.98
6/3/15,--,--,--,-0.05,-0.40
6/2/15,--,--,--,-0.02,-0.20
6/1/15,--,--,--,-0.02,-0.19
5/29/15,--,--,--,-0.06,-0.49
5/28/15,--,--,--,0.00,-0.02
5/27/15,--,--,--,-0.01,-0.12
5/26/15,--,--,--,-0.07,-0.55
5/22/15,--,--,--,-0.03,-0.24
5/21/15,--,--,--,-0.03,-0.25
5/20/15,--,--,--,-0.02,-0.13
5/19/15,--,--,--,-0.03,-0.23
5/18/15,--,--,--,-0.03,-0.25
5/15/15,--,--,--,-0.02,-0.19
5/14/15,--,--,--,-0.01,-0.12
5/13/15,--,--,--,-0.05,-0.46
5/12/15,--,--,--,-0.01,-0.10
5/11/15,--,--,--,-0.08,-0.66
5/8/15,--,--,--,0.00,-0.00
5/7/15,--,--,--,-0.04,-0.36
5/6/15,--,--,--,-0.10,-0.84
5/5/15,--,--,--,-0.05,-0.41
5/4/15,--,--,--,-0.02,-0.14
5/1/15,--,--,--,0.08,0.64
4/30/15,--,--,--,-0.04,-0.37
4/29/15,--,--,--,-0.04,-0.30
4/28/15,--,--,--,-0.03,-0.24
4/27/15,--,--,--,-0.05,-0.42
4/24/15,--,--,--,-0.03,-0.27
4/23/15,--,--,--,0.01,0.05
4/22/15,--,--,--,-0.03,-0.22
4/21/15,--,--,--,-0.07,-0.58
4/20/15,--,--,--,-0.06,-0.50
4/17/15,--,--,--,-0.07,-0.58
4/16/15,--,--,--,-0.03,-0.27
4/15/15,--,--,--,0.03,0.21
4/14/15,--,--,--,-0.05,-0.43
4/13/15,--,--,--,-0.07,-0.59
4/10/15,--,--,--,-0.03,-0.27
4/9/15,--,--,--,-0.01,-0.05
4/8/15,--,--,--,-0.03,-0.22
4/7/15,--,--,--,-0.07,-0.57
4/6/15,--,--,--,-0.02,-0.20
4/2/15,--,--,--,-0.02,-0.20
4/1/15,--,--,--,-0.04,-0.35
3/31/15,--,--,--,-0.05,-0.45
3/30/15,--,--,--,-0.02,-0.21
3/27/15,--,--,--,-0.04,-0.37
3/26/15,--,--,--,-0.06,-0.55
3/25/15,--,--,--,-0.11,-0.93
3/24/15,--,--,--,-0.05,-0.41
3/23/15,--,--,--,-0.02,-0.19
3/20/15,--,--,--,-0.01,-0.13
3/19/15,--,--,--,-0.07,-0.62
3/18/15,--,--,--,0.09,0.77
3/17/15,--,--,--,-0.01,-0.12
3/16/15,--,--,--,-0.02,-0.20
3/13/15,--,--,--,-0.05,-0.47
3/12/15,--,--,--,-0.04,-0.34
3/11/15,--,--,--,-0.05,-0.41
3/10/15,--,--,--,-0.08,-0.70
3/9/15,--,--,--,-0.03,-0.28
3/6/15,--,--,--,-0.09,-0.79
3/5/15,--,--,--,-0.04,-0.37
3/4/15,--,--,--,-0.02,-0.20
3/3/15,--,--,--,-0.05,-0.38
3/2/15,--,--,--,-0.03,-0.21
2/27/15,--,--,--,-0.04,-0.35
2/26/15,--,--,--,-0.05,-0.42
2/25/15,--,--,--,-0.04,-0.36
2/24/15,--,--,--,-0.03,-0.26
2/23/15,--,--,--,-0.07,-0.55
2/20/15,--,--,--,0.01,0.08
2/19/15,--,--,--,-0.06,-0.47
2/18/15,--,--,--,-0.03,-0.24
2/17/15,--,--,--,-0.01,-0.06
2/13/15,--,--,--,-0.04,-0.35
2/12/15,--,--,--,0.02,0.21
2/11/15,--,--,--,-0.03,-0.30
2/10/15,--,--,--,-0.03,-0.28
2/9/15,--,--,--,-0.05,-0.47
2/6/15,--,--,--,-0.09,-0.81
2/5/15,--,--,--,-0.01,-0.12
2/4/15,--,--,--,-0.07,-0.62
2/3/15,--,--,--,0.03,0.30
2/2/15,--,--,--,0.00,-0.00
1/30/15,--,--,--,-0.07,-0.63
1/29/15,--,--,--,-0.02,-0.15
1/28/15,--,--,--,-0.13,-1.16
1/27/15,--,--,--,-0.04,-0.39
1/26/15,--,--,--,-0.03,-0.29
1/23/15,--,--,--,-0.07,-0.67
1/22/15,--,--,--,0.00,-0.00
1/21/15,--,--,--,-0.03,-0.24
1/20/15,--,--,--,-0.03,-0.25
1/16/15,--,--,--,0.03,0.27
1/15/15,--,--,--,-0.05,-0.45
1/14/15,--,--,--,-0.04,-0.33
1/13/15,--,--,--,-0.08,-0.77
1/12/15,--,--,--,-0.08,-0.74
1/9/15,--,--,--,-0.04,-0.41
1/8/15,--,--,--,-0.03,-0.28
1/7/15,--,--,--,0.00,-0.03
1/6/15,--,--,--,-0.10,-0.99
1/5/15,--,--,--,-0.09,-0.82
1/2/15,--,--,--,-0.10,-0.94
1/1/15,--,--,--,-0.10,-0.94
