"Global X Uranium ETF",,,,,
Date,"Closing Price","Daily Change","Daily Change %",Premium/Discount,"Premium/Discount %"
03/20/2019,12.69,0.05,0.40,-0.06,-0.50
03/19/2019,12.64,0.06,0.48,-0.10,-0.82
03/18/2019,12.58,0.00,0.00,-0.06,-0.47
03/15/2019,12.58,0.15,1.21,-0.08,-0.61
03/14/2019,12.43,0.08,0.65,-0.09,-0.71
03/13/2019,12.35,0.10,0.82,-0.07,-0.52
03/12/2019,12.25,0.02,0.16,-0.09,-0.72
03/11/2019,12.23,0.16,1.33,-0.02,-0.19
03/08/2019,12.07,-0.01,-0.08,-0.07,-0.56
03/07/2019,12.08,-0.11,-0.90,-0.15,-1.21
03/06/2019,12.19,-0.01,-0.08,-0.10,-0.79
03/05/2019,12.2,0.03,0.25,-0.08,-0.68
03/04/2019,12.17,-0.13,-1.06,-0.09,-0.75
03/01/2019,12.3,-0.07,-0.57,-0.12,-0.97
02/28/2019,12.37,-0.22,-1.75,-0.11,-0.85
02/27/2019,12.59,0.00,0.00,-0.10,-0.75
02/26/2019,12.59,-0.13,-1.02,-0.11,-0.89
02/25/2019,12.72,-0.04,-0.31,-0.06,-0.48
02/22/2019,12.76,0.03,0.24,-0.08,-0.59
02/21/2019,12.73,-0.07,-0.55,-0.08,-0.65
02/20/2019,12.8,0.10,0.79,-0.03,-0.21
02/19/2019,12.7,-0.07,-0.55,-0.03,-0.26
02/15/2019,12.77,0.16,1.27,0.02,0.16
02/14/2019,12.61,0.00,0.00,-0.11,-0.87
02/13/2019,12.61,-0.10,-0.79,-0.15,-1.17
02/12/2019,12.71,-0.08,-0.63,-0.03,-0.25
02/11/2019,12.79,0.01,0.08,0.00,-0.01
02/08/2019,12.78,-0.12,-0.93,-0.02,-0.18
02/07/2019,12.9,-0.11,-0.85,-0.07,-0.55
02/06/2019,13.01,-0.22,-1.66,-0.04,-0.30
02/05/2019,13.23,0.32,2.48,0.04,0.29
02/04/2019,12.91,0.30,2.38,-0.04,-0.31
02/01/2019,12.61,-0.07,-0.55,-0.12,-0.98
01/31/2019,12.68,0.08,0.63,-0.11,-0.87
01/30/2019,12.6,-0.11,-0.87,-0.02,-0.19
01/29/2019,12.71,0.15,1.19,-0.06,-0.45
01/28/2019,12.56,-0.09,-0.71,-0.10,-0.81
01/25/2019,12.65,0.36,2.93,-0.06,-0.44
01/24/2019,12.29,0.09,0.74,-0.11,-0.87
01/23/2019,12.2,0.04,0.33,-0.06,-0.45
01/22/2019,12.16,-0.23,-1.86,-0.09,-0.71
01/18/2019,12.39,0.11,0.90,-0.07,-0.57
01/17/2019,12.28,-0.13,-1.05,-0.07,-0.58
01/16/2019,12.41,0.09,0.73,-0.07,-0.58
01/15/2019,12.32,0.03,0.24,-0.16,-1.28
01/14/2019,12.29,0.03,0.24,-0.09,-0.70
01/11/2019,12.26,-0.18,-1.45,-0.13,-1.05
01/10/2019,12.44,0.05,0.40,-0.06,-0.48
01/09/2019,12.39,0.23,1.89,-0.08,-0.65
01/08/2019,12.16,0.04,0.33,-0.06,-0.46
01/07/2019,12.12,0.16,1.34,-0.06,-0.46
01/04/2019,11.96,0.37,3.19,0.01,0.12
01/03/2019,11.59,-0.06,-0.52,-0.12,-0.99
01/02/2019,11.65,-0.03,-0.26,-0.09,-0.76
12/31/2018,11.68,0.10,0.86,-0.14,-1.16
12/28/2018,11.58,0.08,0.70,-0.11,-0.91
12/27/2018,11.5,-0.04,-0.35,-0.12,-1.06
12/26/2018,11.54,0.23,2.03,0.19,1.68
12/24/2018,11.31,-0.11,-0.96,-0.19,-1.63
12/21/2018,11.42,-0.23,-1.97,-0.22,-1.91
12/20/2018,11.65,-0.03,-0.26,-0.12,-1.02
12/19/2018,11.68,-0.32,-2.67,-0.22,-1.84
12/18/2018,12,0.02,0.17,-0.10,-0.84
12/17/2018,11.98,-0.38,-3.07,-0.19,-1.55
12/14/2018,12.36,-0.10,-0.80,-0.07,-0.58
12/13/2018,12.46,0.06,0.48,-0.10,-0.83
12/12/2018,12.4,0.25,2.06,-0.09,-0.76
12/11/2018,12.15,-0.07,-0.57,-0.03,-0.25
12/10/2018,12.22,-0.01,-0.08,-0.05,-0.39
12/07/2018,12.23,-0.12,-0.97,-0.15,-1.21
12/06/2018,12.35,-0.17,-1.36,-0.02,-0.19
12/05/2018,12.52,0.00,0.00,0.00,0.00
12/04/2018,12.52,-0.28,-2.19,-0.19,-1.52
12/03/2018,12.8,0.28,2.24,-0.07,-0.56
11/30/2018,12.52,-0.03,-0.24,-0.06,-0.51
11/29/2018,12.55,-0.12,-0.95,-0.06,-0.49
11/28/2018,12.67,0.46,3.77,0.05,0.43
11/27/2018,12.21,-0.06,-0.49,-0.07,-0.57
11/26/2018,12.27,0.12,0.99,-0.09,-0.74
11/23/2018,12.15,-0.39,-3.11,-0.19,-1.56
11/21/2018,12.54,0.18,1.46,-0.03,-0.25
11/20/2018,12.36,-0.32,-2.52,-0.23,-1.79
11/19/2018,12.68,0.02,0.16,-0.07,-0.57
11/16/2018,12.66,0.09,0.72,0.02,0.17
11/15/2018,12.57,0.37,3.03,-0.01,-0.07
11/14/2018,12.2,-0.25,-2.01,-0.06,-0.46
11/13/2018,12.45,0.01,0.08,0.01,0.06
11/12/2018,12.44,-0.20,-1.58,-0.11,-0.89
11/09/2018,12.64,-0.30,-2.32,-0.14,-1.06
11/08/2018,12.94,-0.26,-1.97,-0.06,-0.47
11/07/2018,13.2,0.22,1.69,0.11,0.83
11/06/2018,12.98,0.13,1.01,-0.04,-0.34
11/05/2018,12.85,0.42,3.38,-0.16,-1.22
11/02/2018,12.43,0.22,1.80,-0.10,-0.78
11/01/2018,12.21,0.21,1.75,-0.02,-0.15
10/31/2018,12,0.20,1.69,-0.08,-0.64
10/30/2018,11.8,0.21,1.81,-0.01,-0.05
10/29/2018,11.59,-0.16,-1.36,-0.06,-0.54
10/26/2018,11.75,-0.27,-2.25,0.02,0.17
10/25/2018,12.02,0.14,1.18,0.11,0.96
10/24/2018,11.88,-0.44,-3.57,-0.19,-1.54
10/23/2018,12.32,-0.19,-1.52,0.05,0.39
10/22/2018,12.51,-0.09,-0.71,-0.03,-0.22
10/19/2018,12.6,0.04,0.32,-0.01,-0.06
10/18/2018,12.56,-0.38,-2.94,-0.11,-0.89
10/17/2018,12.94,-0.15,-1.15,-0.02,-0.15
10/16/2018,13.09,0.27,2.11,0.09,0.67
10/15/2018,12.82,0.02,0.16,-0.09,-0.67
10/12/2018,12.8,0.02,0.16,-0.08,-0.59
10/11/2018,12.78,-0.24,-1.84,-0.02,-0.14
10/10/2018,13.02,-0.37,-2.76,-0.09,-0.67
10/09/2018,13.39,-0.01,-0.07,-0.12,-0.89
10/08/2018,13.4,-0.09,-0.67,-0.14,-1.06
10/05/2018,13.49,-0.10,-0.74,-0.14,-1.00
10/04/2018,13.59,0.06,0.44,-0.16,-1.19
10/03/2018,13.53,0.10,0.74,-0.17,-1.21
10/02/2018,13.43,0.01,0.07,-0.13,-0.94
10/01/2018,13.42,0.13,0.98,-0.06,-0.48
09/28/2018,13.29,0.02,0.15,-0.15,-1.08
09/27/2018,13.27,0.46,3.59,-0.10,-0.73
09/26/2018,12.81,-0.15,-1.16,-0.22,-1.67
09/25/2018,12.96,0.12,0.93,-0.12,-0.88
09/24/2018,12.84,-0.10,-0.77,-0.17,-1.32
09/21/2018,12.94,0.04,0.31,-0.16,-1.25
09/20/2018,12.9,0.17,1.34,-0.08,-0.60
09/19/2018,12.73,-0.02,-0.16,-0.07,-0.52
09/18/2018,12.75,0.17,1.35,-0.09,-0.72
09/17/2018,12.58,-0.02,-0.16,-0.17,-1.30
09/14/2018,12.6,-0.02,-0.16,-0.10,-0.81
09/13/2018,12.62,0.07,0.56,-0.08,-0.65
09/12/2018,12.55,0.31,2.53,-0.01,-0.06
09/11/2018,12.24,0.02,0.16,-0.12,-0.94
09/10/2018,12.22,0.06,0.49,-0.14,-1.10
09/07/2018,12.16,0.01,0.08,-0.15,-1.19
09/06/2018,12.15,-0.15,-1.22,-0.10,-0.84
09/05/2018,12.3,-0.19,-1.52,-0.10,-0.82
09/04/2018,12.49,-0.21,-1.65,-0.12,-0.92
08/31/2018,12.7,-0.01,-0.08,-0.10,-0.80
08/30/2018,12.71,-0.11,-0.86,-0.08,-0.59
08/29/2018,12.82,0.14,1.10,0.03,0.25
08/28/2018,12.68,-0.03,-0.24,-0.09,-0.70
08/27/2018,12.71,0.06,0.47,-0.03,-0.26
08/24/2018,12.65,0.09,0.72,-0.05,-0.41
08/23/2018,12.56,-0.06,-0.48,-0.16,-1.27
08/22/2018,12.62,0.15,1.20,-0.07,-0.57
08/21/2018,12.47,-0.09,-0.72,-0.11,-0.85
08/20/2018,12.56,0.06,0.48,-0.08,-0.67
08/17/2018,12.5,0.07,0.56,-0.08,-0.61
08/16/2018,12.43,0.11,0.89,-0.15,-1.18
08/15/2018,12.32,-0.36,-2.84,-0.21,-1.69
08/14/2018,12.68,0.21,1.68,-0.10,-0.75
08/13/2018,12.47,-0.28,-2.20,-0.12,-0.97
08/10/2018,12.75,-0.16,-1.24,-0.17,-1.29
08/09/2018,12.91,-0.04,-0.31,-0.17,-1.27
08/08/2018,12.95,-0.07,-0.54,-0.10,-0.75
08/07/2018,13.02,-0.09,-0.69,-0.08,-0.59
08/06/2018,13.11,-0.14,-1.06,-0.05,-0.40
08/03/2018,13.25,0.21,1.61,-0.05,-0.34
08/02/2018,13.04,-0.11,-0.84,-0.06,-0.43
08/01/2018,13.15,-0.01,-0.08,0.04,0.29
07/31/2018,13.16,0.09,0.69,0.05,0.35
07/30/2018,13.07,-0.03,-0.23,0.04,0.31
07/27/2018,13.1,-0.27,-2.02,0.05,0.42
07/26/2018,13.37,0.62,4.86,0.21,1.60
07/25/2018,12.75,0.08,0.63,0.00,0.00
07/24/2018,12.67,0.06,0.48,-0.03,-0.20
07/23/2018,12.61,-0.12,-0.94,-0.09,-0.74
07/20/2018,12.73,0.37,2.99,-0.10,-0.81
07/19/2018,12.36,-0.42,-3.29,-0.18,-1.42
07/18/2018,12.78,0.00,0.00,0.10,0.82
07/17/2018,12.78,0.05,0.39,0.01,0.11
07/16/2018,12.73,-0.16,-1.24,-0.06,-0.45
07/13/2018,12.89,0.06,0.47,-0.04,-0.29
07/12/2018,12.83,-0.03,-0.23,-0.03,-0.25
07/11/2018,12.86,-0.19,-1.46,-0.06,-0.43
07/10/2018,13.05,-0.04,-0.31,-0.01,-0.11
07/09/2018,13.09,-0.02,-0.15,0.03,0.22
07/06/2018,13.11,0.18,1.39,0.01,0.08
07/05/2018,12.93,0.05,0.39,-0.04,-0.33
07/03/2018,12.88,0.13,1.02,-0.09,-0.71
07/02/2018,12.75,-0.13,-1.01,-0.06,-0.49
06/29/2018,12.88,0.26,2.06,-0.06,-0.43
06/28/2018,12.62,-0.01,-0.08,-0.12,-0.97
06/27/2018,12.63,-0.18,-1.41,-0.20,-1.52
06/26/2018,12.81,-0.05,-0.39,-0.13,-1.00
06/25/2018,12.86,-0.33,-2.50,-0.24,-1.80
06/22/2018,13.19,0.08,0.61,-0.10,-0.75
06/21/2018,13.11,-0.21,-1.58,-0.01,-0.07
06/20/2018,13.32,0.01,0.08,-0.04,-0.26
06/19/2018,13.31,-0.24,-1.77,0.10,0.78
06/18/2018,13.55,-0.11,-0.81,0.01,0.04
06/15/2018,13.66,-0.35,-2.50,-0.04,-0.26
06/14/2018,14.01,-0.07,-0.50,0.06,0.40
06/13/2018,14.08,-0.15,-1.05,-0.03,-0.21
06/12/2018,14.23,-0.11,-0.77,0.10,0.68
06/11/2018,14.34,0.07,0.49,0.11,0.77
06/08/2018,14.27,0.01,0.07,0.17,1.20
06/07/2018,14.26,-0.44,-2.99,0.05,0.38
06/06/2018,14.7,1.33,9.95,0.17,1.20
06/05/2018,13.37,0.00,0.00,-0.78,-5.49
06/04/2018,13.37,0.00,0.00,-0.37,-2.72
06/01/2018,13.37,-0.15,-1.11,0.09,0.70
05/31/2018,13.52,0.00,0.00,0.38,2.93
05/30/2018,13.52,0.46,3.52,0.14,1.03
05/29/2018,13.06,-0.12,-0.91,-0.20,-1.48
05/25/2018,13.18,-0.13,-0.98,-0.16,-1.16
05/24/2018,13.31,-0.14,-1.04,-0.13,-0.97
05/23/2018,13.45,-0.02,-0.15,0.00,0.00
05/22/2018,13.47,-0.51,-3.65,-0.08,-0.60
05/21/2018,13.98,0.13,0.94,0.07,0.51
05/18/2018,13.85,0.03,0.22,-0.02,-0.12
05/17/2018,13.82,-0.01,-0.07,0.08,0.60
05/16/2018,13.83,0.05,0.36,0.11,0.81
05/15/2018,13.78,-0.27,-1.92,0.05,0.33
05/14/2018,14.05,0.30,2.18,0.07,0.50
05/11/2018,13.75,-0.02,-0.15,-0.06,-0.46
05/10/2018,13.77,0.10,0.73,0.03,0.19
05/09/2018,13.67,0.32,2.40,0.06,0.46
05/08/2018,13.35,-0.44,-3.19,-0.16,-1.22
05/07/2018,13.79,-0.03,-0.22,0.12,0.90
05/04/2018,13.82,-0.11,-0.79,0.12,0.84
05/03/2018,13.93,-0.11,-0.78,0.19,1.36
05/02/2018,14.04,0.44,3.24,0.09,0.65
05/01/2018,13.6,0.28,2.10,0.05,0.36
04/30/2018,13.32,0.04,0.30,0.01,0.06
04/27/2018,13.28,0.28,2.15,0.05,0.34
04/26/2018,13,-0.05,-0.38,-0.13,-0.96
04/25/2018,13.05,-0.05,-0.38,-0.07,-0.57
04/24/2018,13.1,-0.18,-1.36,-0.15,-1.12
04/23/2018,13.28,-0.43,-3.14,-0.19,-1.43
04/20/2018,13.71,-0.15,-1.08,-0.12,-0.86
04/19/2018,13.86,-0.10,-0.72,-0.01,-0.06
04/18/2018,13.96,-0.02,-0.14,0.08,0.58
04/17/2018,13.98,0.19,1.38,0.21,1.55
04/16/2018,13.79,0.62,4.71,0.23,1.67
04/13/2018,13.17,-0.07,-0.53,0.08,0.62
04/12/2018,13.24,-0.09,-0.68,0.10,0.80
04/11/2018,13.33,-0.02,-0.15,0.13,0.99
04/10/2018,13.35,0.25,1.91,0.16,1.20
04/09/2018,13.1,0.35,2.75,0.19,1.45
04/06/2018,12.75,-0.24,-1.85,0.09,0.73
04/05/2018,12.99,0.36,2.85,0.13,0.98
04/04/2018,12.63,0.01,0.08,0.18,1.45
04/03/2018,12.62,0.48,3.95,0.18,1.42
04/02/2018,12.14,0.04,0.33,0.06,0.52
03/29/2018,12.1,0.26,2.20,0.00,0.02
03/28/2018,11.84,-0.25,-2.07,-0.13,-1.06
03/27/2018,12.09,-0.09,-0.74,-0.13,-1.04
03/26/2018,12.18,0.08,0.66,0.02,0.13
03/23/2018,12.1,-0.34,-2.73,-0.19,-1.54
03/22/2018,12.44,-0.22,-1.74,-0.08,-0.62
03/21/2018,12.66,0.31,2.51,-0.06,-0.49
03/20/2018,12.35,-0.07,-0.56,-0.15,-1.16
03/19/2018,12.42,-0.43,-3.35,-0.14,-1.11
03/16/2018,12.85,-0.08,-0.62,-0.01,-0.04
03/15/2018,12.93,-0.05,-0.39,0.10,0.75
03/14/2018,12.98,0.01,0.08,0.10,0.77
03/13/2018,12.97,-0.07,-0.54,-0.02,-0.14
03/12/2018,13.04,-0.14,-1.06,-0.01,-0.09
03/09/2018,13.18,0.13,1.00,0.07,0.50
03/08/2018,13.05,-0.31,-2.32,0.06,0.49
03/07/2018,13.36,-0.02,-0.15,0.17,1.31
03/06/2018,13.38,0.19,1.44,0.11,0.80
03/05/2018,13.19,0.01,0.08,0.14,1.04
03/02/2018,13.18,0.24,1.85,0.08,0.58
03/01/2018,12.94,0.20,1.57,0.09,0.68
02/28/2018,12.74,-0.17,-1.32,-0.08,-0.62
02/27/2018,12.91,-0.37,-2.79,-0.14,-1.10
02/26/2018,13.28,-0.16,-1.19,0.01,0.05
02/23/2018,13.44,0.12,0.90,0.10,0.72
02/22/2018,13.32,0.07,0.53,0.08,0.60
02/21/2018,13.25,-0.10,-0.75,0.00,0.01
02/20/2018,13.35,-0.09,-0.67,0.06,0.45
02/16/2018,13.44,-0.29,-2.11,0.04,0.29
02/15/2018,13.73,0.02,0.15,0.19,1.39
02/14/2018,13.71,0.35,2.62,0.22,1.66
02/13/2018,13.36,0.45,3.49,0.18,1.33
02/12/2018,12.91,0.18,1.41,-0.01,-0.06
02/09/2018,12.73,-0.23,-1.77,-0.05,-0.38
02/08/2018,12.96,-0.35,-2.63,-0.07,-0.51
02/07/2018,13.31,-0.07,-0.52,0.00,-0.00
02/06/2018,13.38,0.15,1.13,0.15,1.15
02/05/2018,13.23,-0.30,-2.22,-0.09,-0.65
02/02/2018,13.53,-0.55,-3.91,-0.09,-0.69
02/01/2018,14.08,0.00,0.00,0.05,0.38
01/31/2018,14.08,0.25,1.81,0.02,0.13
01/30/2018,13.83,-0.21,-1.50,-0.03,-0.25
01/29/2018,14.04,-0.26,-1.82,-0.04,-0.28
01/26/2018,14.3,-0.16,-1.11,0.03,0.18
01/25/2018,14.46,-0.37,-2.49,0.00,-0.02
01/24/2018,14.83,0.16,1.09,0.11,0.74
01/23/2018,14.67,0.04,0.27,0.10,0.67
01/22/2018,14.63,0.06,0.41,0.12,0.81
01/19/2018,14.57,-0.05,-0.34,0.08,0.55
01/18/2018,14.62,-0.30,-2.01,0.15,1.01
01/17/2018,14.92,0.39,2.68,0.29,1.99
01/16/2018,14.53,-0.76,-4.97,-0.04,-0.26
01/12/2018,15.29,0.08,0.53,0.18,1.20
01/11/2018,15.21,0.01,0.07,0.14,0.90
01/10/2018,15.2,0.12,0.80,-0.02,-0.12
01/09/2018,15.08,-0.57,-3.64,0.12,0.84
01/08/2018,15.65,-0.19,-1.20,0.16,1.02
01/05/2018,15.84,0.02,0.13,0.13,0.84
01/04/2018,15.82,0.14,0.89,0.17,1.07
01/03/2018,15.68,0.00,0.00,0.19,1.20
01/02/2018,15.68,0.65,4.32,0.14,0.90
12/29/2017,15.03,0.11,0.74,0.16,1.09
12/28/2017,14.92,-0.17,-1.13,0.12,0.80
12/27/2017,15.09,-0.17,-1.11,0.14,0.94
12/26/2017,15.26,-0.09,-0.59,0.11,0.73
12/22/2017,15.35,-0.37,-2.35,0.26,1.73
12/21/2017,15.72,-0.09,-0.57,0.14,0.88
12/20/2017,15.81,-0.14,-0.88,0.15,0.95
12/19/2017,15.95,-0.02,-0.13,0.08,0.52
12/18/2017,15.97,-0.06,-0.37,0.09,0.60
12/15/2017,16.03,-0.16,-0.99,0.13,0.79
12/14/2017,16.19,0.26,1.63,0.18,1.13
12/13/2017,15.93,-0.04,-0.25,0.19,1.19
12/12/2017,15.97,-0.27,-1.66,0.15,0.97
12/11/2017,16.24,0.59,3.77,0.16,0.97
12/08/2017,15.65,0.26,1.69,0.22,1.46
12/07/2017,15.39,0.16,1.05,0.14,0.90
12/06/2017,15.23,-0.55,-3.49,0.06,0.38
12/05/2017,15.78,-0.32,-1.99,0.07,0.47
12/04/2017,16.1,1.84,12.90,0.63,4.06
12/01/2017,14.26,-0.03,-0.21,0.12,0.82
11/30/2017,14.29,-0.03,-0.21,0.05,0.33
11/29/2017,14.32,-0.15,-1.04,0.01,0.07
11/28/2017,14.47,0.16,1.12,0.16,1.12
11/27/2017,14.31,-0.87,-5.73,0.12,0.82
11/24/2017,15.18,-0.24,-1.56,0.23,1.55
11/22/2017,15.42,0.74,5.04,0.20,1.34
11/21/2017,14.68,0.57,4.04,0.10,0.71
11/20/2017,14.11,0.00,0.00,0.13,0.93
11/17/2017,14.11,0.51,3.75,0.12,0.87
11/16/2017,13.6,0.41,3.11,0.14,1.05
11/15/2017,13.19,-0.22,-1.64,0.05,0.38
11/14/2017,13.41,-0.30,-2.19,0.02,0.15
11/13/2017,13.71,-0.34,-2.42,-0.10,-0.69
11/10/2017,14.05,-0.04,-0.28,0.14,1.00
11/09/2017,14.09,1.47,11.65,0.27,1.98
11/08/2017,12.62,0.20,1.61,0.11,0.89
11/07/2017,12.42,0.14,1.14,0.10,0.85
11/06/2017,12.28,0.16,1.32,0.05,0.37
11/03/2017,12.12,-0.06,-0.49,0.04,0.32
11/02/2017,12.18,0.11,0.91,0.05,0.39
11/01/2017,12.07,0.14,1.17,-0.05,-0.39
10/31/2017,11.93,0.06,0.51,0.05,0.41
10/30/2017,11.87,-0.18,-1.49,0.00,0.04
10/27/2017,12.05,-0.32,-2.59,0.10,0.85
10/26/2017,12.37,0.00,0.00,0.00,0.03
10/25/2017,12.37,-0.12,-0.96,-0.09,-0.73
10/24/2017,12.49,-0.09,-0.72,0.01,0.09
10/23/2017,12.58,-0.02,-0.16,0.05,0.41
10/20/2017,12.6,-0.05,-0.40,0.00,-0.00
10/19/2017,12.65,-0.07,-0.55,-0.04,-0.32
10/18/2017,12.72,0.09,0.71,0.02,0.19
10/17/2017,12.63,0.01,0.08,0.00,0.01
10/16/2017,12.62,-0.12,-0.94,-0.07,-0.52
10/13/2017,12.74,0.02,0.16,-0.10,-0.75
10/12/2017,12.72,-0.03,-0.24,-0.05,-0.41
10/11/2017,12.75,-0.07,-0.55,0.05,0.40
10/10/2017,12.82,0.05,0.39,-0.05,-0.36
10/09/2017,12.77,-0.09,-0.70,-0.09,-0.71
10/06/2017,12.86,-0.07,-0.54,-0.05,-0.42
10/05/2017,12.93,0.00,0.00,-0.01,-0.06
10/04/2017,12.93,0.17,1.33,0.00,0.03
10/03/2017,12.76,-0.53,-3.99,-0.04,-0.30
10/02/2017,13.29,-0.03,-0.23,0.08,0.61
09/29/2017,13.32,-0.09,-0.67,0.08,0.62
09/28/2017,13.41,0.05,0.37,0.01,0.05
09/27/2017,13.36,-0.13,-0.96,0.00,0.02
09/26/2017,13.49,-0.11,-0.81,0.12,0.87
09/25/2017,13.6,-0.10,-0.73,0.11,0.78
09/22/2017,13.7,0.05,0.37,-0.01,-0.05
09/21/2017,13.65,-0.08,-0.58,0.09,0.64
09/20/2017,13.73,-0.06,-0.44,-0.02,-0.12
09/19/2017,13.79,-0.16,-1.15,0.07,0.54
09/18/2017,13.95,-0.07,-0.50,0.02,0.13
09/15/2017,14.02,0.06,0.43,0.10,0.74
09/14/2017,13.96,-0.11,-0.78,0.08,0.59
09/13/2017,14.07,0.10,0.72,0.07,0.47
09/12/2017,13.97,0.13,0.94,0.03,0.20
09/11/2017,13.84,0.06,0.44,0.04,0.28
09/08/2017,13.78,-0.20,-1.43,0.02,0.16
09/07/2017,13.98,0.12,0.87,0.05,0.35
09/06/2017,13.86,0.10,0.73,0.01,0.10
09/05/2017,13.76,-0.24,-1.71,0.01,0.09
09/01/2017,14,0.12,0.86,0.16,1.15
08/31/2017,13.88,0.36,2.66,0.11,0.82
08/30/2017,13.52,-0.04,-0.29,-0.08,-0.59
08/29/2017,13.56,0.17,1.27,-0.04,-0.31
08/28/2017,13.39,-0.04,-0.30,-0.02,-0.19
08/25/2017,13.43,0.03,0.22,0.02,0.19
08/24/2017,13.4,0.13,0.98,0.01,0.04
08/23/2017,13.27,-0.01,-0.08,0.01,0.04
08/22/2017,13.28,-0.12,-0.90,0.07,0.50
08/21/2017,13.4,-0.07,-0.52,0.13,1.00
08/18/2017,13.47,0.06,0.45,0.16,1.17
08/17/2017,13.41,0.02,0.15,0.10,0.73
08/16/2017,13.39,0.21,1.59,0.06,0.44
08/15/2017,13.18,-0.13,-0.98,0.00,0.00
08/14/2017,13.31,-0.01,-0.08,0.00,0.01
08/11/2017,13.32,0.05,0.38,-0.05,-0.36
08/10/2017,13.27,-0.50,-3.63,-0.09,-0.67
08/09/2017,13.77,-0.14,-1.01,0.05,0.39
08/08/2017,13.91,-0.07,-0.50,0.10,0.72
08/07/2017,13.98,-0.18,-1.27,0.04,0.28
08/04/2017,14.16,0.00,0.00,0.12,0.83
08/03/2017,14.16,-0.16,-1.12,0.12,0.84
08/02/2017,14.32,-0.22,-1.51,0.13,0.89
08/01/2017,14.54,0.06,0.41,0.16,1.11
07/31/2017,14.48,0.05,0.35,0.16,1.10
07/28/2017,14.43,0.17,1.19,0.04,0.25
07/27/2017,14.26,-0.06,-0.42,0.00,0.03
07/26/2017,14.32,-0.07,-0.49,0.13,0.92
07/25/2017,14.39,0.17,1.20,0.10,0.68
07/24/2017,14.22,-0.09,-0.63,0.10,0.70
07/21/2017,14.31,-0.23,-1.58,0.05,0.37
07/20/2017,14.54,-0.12,-0.82,0.06,0.38
07/19/2017,14.66,0.39,2.73,0.21,1.46
07/18/2017,14.27,-0.05,-0.35,0.06,0.45
07/17/2017,14.32,0.52,3.77,0.08,0.55
07/14/2017,13.8,0.14,1.02,0.17,1.28
07/13/2017,13.66,0.12,0.89,0.14,1.01
07/12/2017,13.54,-0.03,-0.22,0.17,1.26
07/11/2017,13.57,0.05,0.37,0.15,1.12
07/10/2017,13.52,0.16,1.20,0.09,0.64
07/07/2017,13.36,-0.09,-0.67,0.09,0.68
07/06/2017,13.45,-0.12,-0.88,0.10,0.77
07/05/2017,13.57,0.17,1.27,0.14,1.05
07/03/2017,13.4,0.24,1.82,0.18,1.37
06/30/2017,13.16,0.07,0.53,0.03,0.19
06/29/2017,13.09,-0.07,-0.53,0.05,0.36
06/28/2017,13.16,0.07,0.53,0.13,0.98
06/27/2017,13.09,-0.20,-1.50,0.02,0.14
06/26/2017,13.29,0.25,1.92,0.10,0.74
06/23/2017,13.04,0.57,4.57,0.09,0.68
06/22/2017,12.47,0.13,1.05,-0.04,-0.30
06/21/2017,12.34,-0.09,-0.72,-0.08,-0.66
06/20/2017,12.43,-0.18,-1.43,-0.02,-0.15
06/19/2017,12.61,-0.07,-0.55,0.01,0.10
06/16/2017,12.68,-0.09,-0.70,0.06,0.48
06/15/2017,12.77,-0.19,-1.47,0.00,0.02
06/14/2017,12.96,-0.09,-0.69,-0.02,-0.15
06/13/2017,13.05,0.17,1.32,-0.06,-0.44
06/12/2017,12.88,-0.03,-0.23,-0.05,-0.36
06/09/2017,12.91,0.00,0.00,-0.16,-1.25
06/08/2017,12.91,0.28,2.22,-0.04,-0.33
06/07/2017,12.63,0.13,1.04,-0.09,-0.73
06/06/2017,12.5,-0.13,-1.03,-0.16,-1.27
06/05/2017,12.63,-0.09,-0.71,-0.11,-0.84
06/02/2017,12.72,-0.09,-0.70,-0.10,-0.82
06/01/2017,12.81,-0.05,-0.39,-0.14,-1.06
05/31/2017,12.86,-0.14,-1.08,-0.18,-1.37
05/30/2017,13,-0.16,-1.22,-0.04,-0.29
05/26/2017,13.16,0.13,1.00,-0.17,-1.25
05/25/2017,13.03,-0.15,-1.14,-0.18,-1.34
05/24/2017,13.18,-0.39,-2.87,-0.19,-1.43
05/23/2017,13.57,0.02,0.15,-0.14,-0.99
05/22/2017,13.55,0.07,0.52,-0.12,-0.90
05/19/2017,13.48,0.34,2.59,-0.11,-0.78
05/18/2017,13.14,-0.08,-0.61,-0.09,-0.71
05/17/2017,13.22,-0.54,-3.92,-0.14,-1.01
05/16/2017,13.76,0.03,0.22,-0.01,-0.09
05/15/2017,13.73,0.02,0.15,0.03,0.20
05/12/2017,13.71,0.16,1.18,0.09,0.62
05/11/2017,13.55,0.21,1.57,0.00,0.00
05/10/2017,13.34,0.16,1.21,-0.08,-0.61
05/09/2017,13.18,0.11,0.84,-0.09,-0.71
05/08/2017,13.07,0.32,2.51,-0.12,-0.87
05/05/2017,12.75,0.16,1.27,-0.07,-0.54
05/04/2017,12.59,-0.56,-4.26,-0.28,-2.18
05/03/2017,13.15,-0.14,-1.05,-0.13,-0.99
05/02/2017,13.29,0.11,0.83,-0.12,-0.93
05/01/2017,13.18,0.00,0.00,-0.21,-1.54
04/28/2017,13.18,-0.64,-4.63,-0.09,-0.67
04/27/2017,13.82,-0.50,-3.49,-0.10,-0.74
04/26/2017,14.32,-0.34,-2.32,-0.10,-0.71
04/25/2017,14.66,0.05,0.34,0.10,0.71
04/24/2017,14.61,-0.04,-0.27,-0.02,-0.14
04/21/2017,14.65,-0.13,-0.88,0.01,0.04
04/20/2017,14.78,0.05,0.34,0.03,0.19
04/19/2017,14.73,-0.43,-2.84,-0.07,-0.47
04/18/2017,15.16,-0.22,-1.43,0.02,0.16
04/17/2017,15.38,0.02,0.13,0.09,0.61
04/13/2017,15.36,-0.30,-1.92,0.06,0.36
04/12/2017,15.66,-0.41,-2.55,-0.01,-0.07
04/11/2017,16.07,0.26,1.64,0.17,1.08
04/10/2017,15.81,0.61,4.01,0.15,0.98
04/07/2017,15.2,0.11,0.73,0.01,0.04
04/06/2017,15.09,0.16,1.07,-0.01,-0.06
04/05/2017,14.93,-0.23,-1.52,-0.06,-0.40
04/04/2017,15.16,0.11,0.73,-0.02,-0.16
04/03/2017,15.05,-0.29,-1.89,-0.08,-0.53
03/31/2017,15.34,-0.21,-1.35,0.00,-0.02
03/30/2017,15.55,-0.09,-0.58,0.02,0.10
03/29/2017,15.64,0.16,1.03,0.10,0.63
03/28/2017,15.48,0.23,1.51,0.02,0.12
03/27/2017,15.25,0.12,0.79,-0.07,-0.43
03/24/2017,15.13,-0.10,-0.66,-0.13,-0.85
03/23/2017,15.23,0.07,0.46,-0.14,-0.93
03/22/2017,15.16,-0.27,-1.75,-0.10,-0.64
03/21/2017,15.43,-0.73,-4.52,-0.13,-0.84
03/20/2017,16.16,-0.28,-1.70,0.06,0.38
03/17/2017,16.44,-0.12,-0.72,0.04,0.23
03/16/2017,16.56,0.34,2.10,0.13,0.78
03/15/2017,16.22,0.48,3.05,0.34,2.11
03/14/2017,15.74,0.01,0.06,0.06,0.37
03/13/2017,15.73,0.09,0.58,0.15,0.98
03/10/2017,15.64,0.01,0.06,0.04,0.24
03/09/2017,15.63,-0.41,-2.56,0.10,0.63
03/08/2017,16.04,0.14,0.88,0.10,0.63
03/07/2017,15.9,0.42,2.71,0.02,0.11
03/06/2017,15.48,-0.49,-3.07,-0.11,-0.69
03/03/2017,15.97,-0.43,-2.62,0.00,0.03
03/02/2017,16.4,-0.37,-2.21,0.02,0.13
03/01/2017,16.77,0.07,0.42,0.16,0.97
02/28/2017,16.7,-0.28,-1.65,0.07,0.43
02/27/2017,16.98,0.26,1.56,0.15,0.91
02/24/2017,16.72,-0.19,-1.12,0.12,0.70
02/23/2017,16.91,-0.27,-1.57,0.01,0.06
02/22/2017,17.18,-0.44,-2.50,0.01,0.04
02/21/2017,17.62,-0.37,-2.06,0.11,0.63
02/17/2017,17.99,-0.19,-1.05,0.09,0.50
02/16/2017,18.18,-0.27,-1.46,0.20,1.11
02/15/2017,18.45,-0.73,-3.81,-0.08,-0.45
02/14/2017,19.18,0.55,2.95,0.27,1.44
02/13/2017,18.63,0.81,4.55,0.24,1.29
02/10/2017,17.82,0.44,2.53,0.22,1.22
02/09/2017,17.38,0.16,0.93,0.15,0.89
02/08/2017,17.22,0.49,2.93,0.18,1.04
02/07/2017,16.73,0.43,2.64,0.25,1.52
02/06/2017,16.3,-0.07,-0.43,0.18,1.14
02/03/2017,16.37,0.14,0.86,0.18,1.13
02/02/2017,16.23,-0.38,-2.29,0.01,0.05
02/01/2017,16.61,-0.79,-4.54,0.20,1.24
01/31/2017,17.4,0.20,1.16,0.15,0.87
01/30/2017,17.2,-0.46,-2.60,0.12,0.71
01/27/2017,17.66,0.18,1.03,0.17,0.95
01/26/2017,17.48,-0.33,-1.85,0.10,0.59
01/25/2017,17.81,-0.17,-0.95,0.21,1.19
01/24/2017,17.98,1.17,6.96,0.33,1.86
01/23/2017,16.81,0.81,5.06,0.41,2.53
01/20/2017,16,0.07,0.44,0.08,0.49
01/19/2017,15.93,0.57,3.71,0.13,0.85
01/18/2017,15.36,-1.28,-7.69,0.05,0.33
01/17/2017,16.64,-0.29,-1.71,0.17,1.04
01/13/2017,16.93,0.50,3.04,0.22,1.29
01/12/2017,16.43,0.13,0.80,0.09,0.55
01/11/2017,16.3,0.71,4.55,0.40,2.54
01/10/2017,15.59,1.23,8.57,0.32,2.10
01/09/2017,14.36,0.02,0.14,0.09,0.62
01/06/2017,14.34,0.22,1.56,0.15,1.02
01/05/2017,14.12,0.42,3.07,0.13,0.93
01/04/2017,13.7,0.36,2.70,0.19,1.38
01/03/2017,13.34,0.48,3.73,0.19,1.47
12/30/2016,12.86,0.04,0.31,0.11,0.86
12/29/2016,12.82,0.14,1.10,0.28,2.21
12/28/2016,12.68,-1.02,-7.45,0.24,1.91
12/27/2016,13.7,0.11,0.81,0.26,1.93
12/23/2016,13.59,-0.09,-0.66,0.15,1.15
12/22/2016,13.68,-0.05,-0.36,0.15,1.15
12/21/2016,13.73,-0.18,-1.29,0.17,1.29
12/20/2016,13.91,0.10,0.72,0.23,1.72
12/19/2016,13.81,-0.19,-1.36,0.20,1.48
12/16/2016,14,0.21,1.52,0.10,0.71
12/15/2016,13.79,0.08,0.58,0.19,1.38
12/14/2016,13.71,-0.25,-1.79,0.07,0.52
12/13/2016,13.96,0.14,1.01,0.12,0.85
12/12/2016,13.82,-0.11,-0.79,0.14,1.01
12/09/2016,13.93,0.50,3.72,0.12,0.85
12/08/2016,13.43,0.20,1.51,0.18,1.33
12/07/2016,13.23,0.37,2.88,0.15,1.13
12/06/2016,12.86,0.13,1.02,0.11,0.88
12/05/2016,12.73,0.07,0.55,0.15,1.16
12/02/2016,12.66,0.15,1.20,0.18,1.44
12/01/2016,12.51,0.05,0.40,0.10,0.83
11/30/2016,12.46,-0.06,-0.48,0.18,1.43
11/29/2016,12.52,-0.05,-0.40,0.22,1.77
11/28/2016,12.57,0.18,1.45,0.21,1.68
11/25/2016,12.39,0.01,0.08,0.18,1.50
11/23/2016,12.38,-0.12,-0.96,0.15,1.25
11/22/2016,12.5,0.02,0.16,0.13,1.03
11/21/2016,12.48,0.10,0.81,0.17,1.36
11/18/2016,12.38,-0.19,-1.51,0.16,1.32
11/17/2016,12.57,0.24,1.95,0.09,0.74
11/16/2016,12.33,-0.08,-0.64,0.14,1.11
11/15/2016,12.41,0.27,2.22,0.23,1.85
11/14/2016,12.14,-0.09,-0.74,0.13,1.06
11/11/2016,12.23,-0.07,-0.57,0.06,0.49
11/10/2016,12.3,0.41,3.45,0.09,0.77
11/09/2016,11.89,-0.07,-0.59,0.11,0.94
11/08/2016,11.96,0.14,1.18,0.06,0.50
11/07/2016,11.82,0.02,0.17,0.06,0.49
11/04/2016,11.8,-0.02,-0.17,0.06,0.48
11/03/2016,11.82,-0.11,-0.92,-0.01,-0.07
11/02/2016,11.93,0.10,0.85,0.02,0.15
11/01/2016,11.83,-0.30,-2.47,0.03,0.28
10/31/2016,12.13,-0.15,-1.22,0.05,0.44
10/28/2016,12.28,-0.04,-0.32,0.04,0.36
10/27/2016,12.32,0.03,0.24,0.01,0.12
10/26/2016,12.29,0.04,0.33,0.00,-0.02
10/25/2016,12.25,-0.04,-0.33,0.02,0.14
10/24/2016,12.29,-0.14,-1.13,0.02,0.16
10/21/2016,12.43,-0.12,-0.96,0.05,0.44
10/20/2016,12.55,-0.13,-1.03,0.04,0.31
10/19/2016,12.68,0.03,0.24,0.02,0.18
10/18/2016,12.65,0.05,0.40,0.07,0.59
10/17/2016,12.6,-0.04,-0.32,0.05,0.43
10/14/2016,12.64,0.08,0.64,-0.01,-0.08
10/13/2016,12.56,0.04,0.32,0.07,0.52
10/12/2016,12.52,-0.02,-0.16,0.01,0.11
10/11/2016,12.54,-0.20,-1.57,-0.03,-0.22
10/10/2016,12.74,0.03,0.24,-0.05,-0.38
10/07/2016,12.71,0.17,1.36,0.00,-0.03
10/06/2016,12.54,-0.08,-0.63,0.01,0.08
10/05/2016,12.62,-0.02,-0.16,0.02,0.14
10/04/2016,12.64,-0.20,-1.56,-0.04,-0.30
10/03/2016,12.84,-0.22,-1.68,0.04,0.28
09/30/2016,13.06,0.06,0.46,0.03,0.25
09/29/2016,13,-0.03,-0.23,-0.10,-0.80
09/28/2016,13.03,0.06,0.46,0.12,0.91
09/27/2016,12.97,-0.19,-1.44,0.01,0.11
09/26/2016,13.16,-0.20,-1.50,-0.09,-0.66
09/23/2016,13.36,-0.19,-1.40,-0.02,-0.13
09/22/2016,13.55,-0.03,-0.22,-0.04,-0.29
09/21/2016,13.58,0.22,1.65,0.16,1.21
09/20/2016,13.36,0.08,0.60,-0.01,-0.09
09/19/2016,13.28,0.20,1.53,0.00,-0.00
09/16/2016,13.08,-0.17,-1.28,0.02,0.16
09/15/2016,13.25,-0.09,-0.67,0.02,0.15
09/14/2016,13.34,-0.07,-0.52,0.03,0.24
09/13/2016,13.41,-0.29,-2.12,-0.01,-0.10
09/12/2016,13.7,0.06,0.44,0.07,0.50
09/09/2016,13.64,-0.24,-1.73,-0.14,-0.99
09/08/2016,13.88,-0.07,-0.50,-0.07,-0.54
09/07/2016,13.95,-0.14,-0.99,-0.03,-0.25
09/06/2016,14.09,0.12,0.86,0.04,0.27
09/02/2016,13.97,0.19,1.38,0.05,0.35
09/01/2016,13.78,0.06,0.44,0.00,0.02
08/31/2016,13.72,-0.25,-1.79,-0.04,-0.29
08/30/2016,13.97,-0.01,-0.07,0.04,0.25
08/29/2016,13.98,0.08,0.58,0.03,0.18
08/26/2016,13.9,-0.06,-0.43,-0.10,-0.72
08/25/2016,13.96,-0.09,-0.64,0.03,0.25
08/24/2016,14.05,-0.09,-0.64,0.09,0.64
08/23/2016,14.14,0.03,0.21,0.02,0.16
08/22/2016,14.11,-0.17,-1.19,0.06,0.40
08/19/2016,14.28,-0.18,-1.24,0.09,0.63
08/18/2016,14.46,0.14,0.98,0.13,0.93
08/17/2016,14.32,-0.07,-0.49,0.07,0.52
08/16/2016,14.39,0.05,0.35,0.08,0.55
08/15/2016,14.34,-0.03,-0.21,0.07,0.48
08/12/2016,14.37,-0.10,-0.69,0.06,0.40
08/11/2016,14.47,0.52,3.73,0.18,1.28
08/10/2016,13.95,0.05,0.36,0.08,0.59
08/09/2016,13.9,-0.05,-0.36,0.19,1.38
08/08/2016,13.95,0.13,0.94,0.12,0.88
08/05/2016,13.82,0.07,0.51,0.14,1.04
08/04/2016,13.75,0.06,0.44,0.14,1.02
08/03/2016,13.69,0.04,0.29,0.08,0.57
08/02/2016,13.65,-0.07,-0.51,-0.03,-0.26
08/01/2016,13.72,-0.13,-0.94,-0.07,-0.48
07/29/2016,13.85,0.06,0.44,-0.01,-0.05
07/28/2016,13.79,-0.37,-2.61,0.10,0.74
07/27/2016,14.16,0.07,0.50,0.10,0.70
07/26/2016,14.09,0.12,0.86,0.05,0.32
07/25/2016,13.97,-0.26,-1.83,0.05,0.34
07/22/2016,14.23,-0.08,-0.56,0.08,0.54
07/21/2016,14.31,-0.04,-0.28,-0.02,-0.15
07/20/2016,14.35,0.01,0.07,0.04,0.26
07/19/2016,14.34,-0.14,-0.97,0.02,0.17
07/18/2016,14.48,-0.02,-0.14,0.08,0.58
07/15/2016,14.5,-0.16,-1.09,0.03,0.22
07/14/2016,14.66,0.12,0.83,0.11,0.79
07/13/2016,14.54,0.04,0.28,0.08,0.57
07/12/2016,14.5,0.53,3.79,0.15,1.05
07/11/2016,13.97,-0.09,-0.64,0.01,0.11
07/08/2016,14.06,0.16,1.15,0.11,0.78
07/07/2016,13.9,-0.08,-0.57,-0.06,-0.42
07/06/2016,13.98,-0.03,-0.21,0.09,0.64
07/05/2016,14.01,-0.32,-2.23,-0.05,-0.38
07/01/2016,14.33,0.13,0.92,0.08,0.60
06/30/2016,14.2,0.25,1.79,0.11,0.76
06/29/2016,13.95,0.28,2.05,0.05,0.39
06/28/2016,13.67,0.29,2.17,0.02,0.18
06/27/2016,13.38,-0.48,-3.46,-0.10,-0.75
06/24/2016,13.86,-0.68,-4.68,-0.02,-0.17
06/23/2016,14.54,0.19,1.32,0.03,0.19
06/22/2016,14.35,-0.20,-1.37,-0.02,-0.11
06/21/2016,14.55,-0.10,-0.68,-0.01,-0.04
06/20/2016,14.65,14.65,0.00,0.01,0.08
06/17/2016,0,-14.38,-100.00,0.00,0.00
06/16/2016,14.38,-0.16,-1.10,0.11,0.77
06/15/2016,14.54,0.07,0.48,0.01,0.05
06/14/2016,14.47,-0.41,-2.76,0.01,0.08
06/13/2016,14.88,-0.16,-1.06,-0.06,-0.40
06/10/2016,15.04,-0.37,-2.40,-0.03,-0.19
06/09/2016,15.41,0.05,0.33,0.06,0.38
06/08/2016,15.36,0.08,0.52,0.02,0.14
06/07/2016,15.28,0.30,2.00,0.15,1.02
06/06/2016,14.98,0.52,3.60,0.03,0.21
06/03/2016,14.46,0.29,2.05,-0.02,-0.15
06/02/2016,14.17,0.40,2.90,0.03,0.24
06/01/2016,13.77,-0.03,-0.22,-0.08,-0.56
05/31/2016,13.8,0.04,0.29,-0.16,-1.14
05/27/2016,13.76,0.01,0.07,-0.07,-0.50
05/26/2016,13.75,0.02,0.15,-0.06,-0.47
05/25/2016,13.73,0.00,0.00,-0.07,-0.50
05/24/2016,13.73,-0.07,-0.51,-0.11,-0.78
05/23/2016,13.8,0.02,0.15,-0.09,-0.65
05/20/2016,13.78,0.05,0.36,-0.11,-0.81
05/19/2016,13.73,-0.20,-1.44,-0.11,-0.81
05/18/2016,13.93,-0.38,-2.66,-0.11,-0.81
05/17/2016,14.31,-0.01,-0.07,-0.11,-0.75
05/16/2016,14.32,0.28,1.99,-0.05,-0.36
05/13/2016,14.04,0.03,0.21,-0.17,-1.18
05/12/2016,14.01,-0.08,-0.57,-0.12,-0.88
05/11/2016,14.09,-0.09,-0.63,-0.14,-0.97
05/10/2016,14.18,0.02,0.14,-0.07,-0.49
05/09/2016,14.16,-0.28,-1.94,-0.15,-1.04
05/06/2016,14.44,0.15,1.05,-0.12,-0.85
05/05/2016,14.29,0.02,0.14,-0.22,-1.51
05/04/2016,14.27,-0.27,-1.86,-0.25,-1.70
05/03/2016,14.54,-0.48,-3.20,-0.15,-1.02
05/02/2016,15.02,-0.13,-0.86,-0.22,-1.41
04/29/2016,15.15,-0.31,-2.01,-0.25,-1.62
04/28/2016,15.46,0.07,0.45,-0.03,-0.19
04/27/2016,15.39,0.13,0.85,-0.08,-0.54
04/26/2016,15.26,-0.10,-0.65,-0.09,-0.58
04/25/2016,15.36,-0.21,-1.35,-0.06,-0.37
04/22/2016,15.57,0.06,0.39,-0.02,-0.13
04/21/2016,15.51,-0.23,-1.46,-0.11,-0.67
04/20/2016,15.74,-0.17,-1.07,-0.02,-0.13
04/19/2016,15.91,0.26,1.66,0.05,0.33
04/18/2016,15.65,-0.15,-0.95,0.15,0.97
04/15/2016,15.8,-0.16,-1.00,-0.09,-0.57
04/14/2016,15.96,0.14,0.88,-0.16,-1.00
04/13/2016,15.82,0.14,0.89,-0.04,-0.26
04/12/2016,15.68,0.74,4.95,0.10,0.62
04/11/2016,14.94,0.42,2.89,-0.10,-0.64
04/08/2016,14.52,0.36,2.54,-0.10,-0.67
04/07/2016,14.16,-0.29,-2.01,-0.14,-0.97
04/06/2016,14.45,0.34,2.41,-0.03,-0.20
04/05/2016,14.11,-0.30,-2.08,-0.12,-0.82
04/04/2016,14.41,14.41,0.00,-0.15,-1.06
04/01/2016,0,-14.56,-100.00,0.00,0.00
03/31/2016,14.56,14.56,0.00,-0.18,-1.22
03/30/2016,0,-14.14,-100.00,0.00,0.00
03/29/2016,14.14,0.16,1.14,0.01,0.09
03/28/2016,13.98,0.10,0.72,-0.07,-0.47
03/24/2016,13.88,-0.06,-0.43,-0.14,-1.03
03/23/2016,13.94,-0.29,-2.04,-0.12,-0.86
03/22/2016,14.23,-0.22,-1.52,-0.12,-0.84
03/21/2016,14.45,-0.01,-0.07,-0.02,-0.17
03/18/2016,14.46,0.14,0.98,-0.14,-0.94
03/17/2016,14.32,0.60,4.37,-0.11,-0.74
03/16/2016,13.72,0.42,3.16,0.11,0.84
03/15/2016,13.3,-0.01,-0.08,-0.13,-1.00
03/14/2016,13.31,-0.22,-1.63,-0.16,-1.15
03/11/2016,13.53,0.28,2.11,-0.08,-0.57
03/10/2016,13.25,-0.11,-0.82,-0.14,-1.06
03/09/2016,13.36,-0.05,-0.37,-0.12,-0.87
03/08/2016,13.41,-0.24,-1.76,-0.17,-1.25
03/07/2016,13.65,0.26,1.94,-0.16,-1.16
03/04/2016,13.39,0.09,0.68,-0.09,-0.65
03/03/2016,13.3,0.42,3.26,-0.07,-0.51
03/02/2016,12.88,0.11,0.86,-0.09,-0.72
03/01/2016,12.77,0.18,1.43,-0.07,-0.52
02/29/2016,12.59,0.07,0.56,-0.18,-1.38
02/26/2016,12.52,0.06,0.48,-0.12,-0.94
02/25/2016,12.46,-0.10,-0.80,-0.12,-0.92
02/24/2016,12.56,-0.03,-0.24,-0.09,-0.70
02/23/2016,12.59,-0.34,-2.63,-0.16,-1.22
02/22/2016,12.93,0.35,2.78,-0.09,-0.68
02/19/2016,12.58,-0.06,-0.47,-0.09,-0.73
02/18/2016,12.64,0.00,0.00,-0.15,-1.17
02/17/2016,12.64,0.36,2.93,-0.12,-0.95
02/16/2016,12.28,0.24,1.99,-0.17,-1.37
02/12/2016,12.04,0.43,3.70,-0.06,-0.50
02/11/2016,11.61,-0.21,-1.78,-0.24,-2.05
02/10/2016,11.82,-0.08,-0.67,-0.17,-1.42
02/09/2016,11.9,-0.37,-3.02,-0.27,-2.19
02/08/2016,12.27,-0.49,-3.84,-0.15,-1.23
02/05/2016,12.76,-0.17,-1.31,-0.16,-1.22
02/04/2016,12.93,0.05,0.39,-0.16,-1.20
02/03/2016,12.88,0.32,2.55,-0.08,-0.63
02/02/2016,12.56,-0.26,-2.03,-0.16,-1.25
02/01/2016,12.82,0.05,0.39,-0.07,-0.58
01/29/2016,12.77,0.21,1.67,-0.10,-0.78
01/28/2016,12.56,0.31,2.53,-0.13,-1.00
01/27/2016,12.25,-0.04,-0.33,-0.14,-1.13
01/26/2016,12.29,0.28,2.33,-0.08,-0.66
01/25/2016,12.01,-0.22,-1.80,-0.16,-1.31
01/22/2016,12.23,0.29,2.43,-0.12,-0.96
01/21/2016,11.94,0.22,1.88,-0.01,-0.08
01/20/2016,11.72,-0.17,-1.43,-0.04,-0.37
01/19/2016,11.89,0.01,0.08,-0.11,-0.90
01/15/2016,11.88,-0.49,-3.96,-0.23,-1.92
01/14/2016,12.37,-0.08,-0.64,-0.15,-1.17
01/13/2016,12.45,-0.37,-2.89,-0.22,-1.76
01/12/2016,12.82,-0.13,-1.00,-0.07,-0.53
01/11/2016,12.95,-0.21,-1.60,-0.10,-0.77
01/08/2016,13.16,0.18,1.39,-0.12,-0.88
01/07/2016,12.98,-0.39,-2.92,-0.11,-0.82
01/06/2016,13.37,-0.47,-3.40,-0.14,-1.05
01/05/2016,13.84,-0.05,-0.36,-0.03,-0.25
01/04/2016,13.89,0.00,0.00,-0.06,-0.42
12/31/15,--,--,--,-0.09,-0.65
12/30/15,--,--,--,-0.08,-0.58
12/29/15,--,--,--,0.07,0.49
12/28/15,--,--,--,-0.06,-0.46
12/24/15,--,--,--,-0.03,-0.23
12/23/15,--,--,--,0.06,0.46
12/22/15,--,--,--,0.02,0.15
12/21/15,--,--,--,-0.06,-0.41
12/18/15,--,--,--,-0.17,-1.25
12/17/15,--,--,--,-0.14,-1.01
12/16/15,--,--,--,-0.10,-0.71
12/15/15,--,--,--,-0.09,-0.71
12/14/15,--,--,--,-0.13,-1.01
12/11/15,--,--,--,-0.23,-1.74
12/10/15,--,--,--,-0.13,-0.99
12/9/15,--,--,--,-0.13,-0.99
12/8/15,--,--,--,-0.14,-1.06
12/7/15,--,--,--,-0.18,-1.32
12/4/15,--,--,--,-0.11,-0.80
12/3/15,--,--,--,-0.18,-1.33
12/2/15,--,--,--,-0.12,-0.88
12/1/15,--,--,--,-0.10,-0.74
11/30/15,--,--,--,-0.13,-0.90
11/27/15,--,--,--,-0.04,-0.29
11/25/15,--,--,--,-0.11,-0.84
11/24/15,--,--,--,-0.06,-0.41
11/23/15,--,--,--,-0.12,-0.88
11/20/15,--,--,--,-0.10,-0.76
11/19/15,--,--,--,-0.11,-0.81
11/18/15,--,--,--,-0.08,-0.55
11/17/15,--,--,--,-0.05,-0.78
11/16/15,--,--,--,-0.04,-0.52
11/13/15,--,--,--,-0.04,-0.58
11/12/15,--,--,--,-0.05,-0.69
11/11/15,--,--,--,-0.06,-0.88
11/10/15,--,--,--,-0.07,-0.95
11/9/15,--,--,--,-0.06,-0.83
11/6/15,--,--,--,-0.08,-1.10
11/5/15,--,--,--,-0.06,-0.83
11/4/15,--,--,--,-0.04,-0.56
11/3/15,--,--,--,-0.01,-0.20
11/2/15,--,--,--,-0.03,-0.36
10/30/15,--,--,--,-0.05,-0.68
10/29/15,--,--,--,-0.03,-0.46
10/28/15,--,--,--,-0.06,-0.76
10/27/15,--,--,--,-0.08,-1.08
10/26/15,--,--,--,0.03,0.38
10/23/15,--,--,--,-0.06,-0.80
10/22/15,--,--,--,0.03,0.42
10/21/15,--,--,--,-0.03,-0.35
10/20/15,--,--,--,-0.01,-0.13
10/19/15,--,--,--,0.01,0.17
10/16/15,--,--,--,0.04,0.56
10/15/15,--,--,--,0.03,0.32
10/14/15,--,--,--,0.01,0.18
10/13/15,--,--,--,-0.05,-0.58
10/12/15,--,--,--,-0.05,-0.60
10/9/15,--,--,--,0.07,0.86
10/8/15,--,--,--,0.12,1.53
10/7/15,--,--,--,0.08,0.98
10/6/15,--,--,--,-0.04,-0.46
10/5/15,--,--,--,-0.02,-0.29
10/2/15,--,--,--,-0.02,-0.22
10/1/15,--,--,--,-0.05,-0.69
9/30/15,--,--,--,0.00,0.07
9/29/15,--,--,--,-0.03,-0.40
9/28/15,--,--,--,-0.06,-0.91
9/25/15,--,--,--,0.00,0.00
9/24/15,--,--,--,-0.03,-0.40
9/23/15,--,--,--,-0.06,-0.83
9/22/15,--,--,--,-0.06,-0.76
9/21/15,--,--,--,-0.02,-0.30
9/18/15,--,--,--,-0.13,-1.65
9/17/15,--,--,--,-0.03,-0.38
9/16/15,--,--,--,-0.02,-0.32
9/15/15,--,--,--,-0.02,-0.20
9/14/15,--,--,--,-0.08,-1.12
9/11/15,--,--,--,0.00,-0.06
9/10/15,--,--,--,0.00,-0.05
9/9/15,--,--,--,-0.06,-0.79
9/8/15,--,--,--,0.04,0.57
9/4/15,--,--,--,-0.01,-0.07
9/3/15,--,--,--,0.00,0.00
9/2/15,--,--,--,0.04,0.47
9/1/15,--,--,--,0.01,0.08
8/31/15,--,--,--,0.01,0.16
8/28/15,--,--,--,-0.07,-0.95
8/27/15,--,--,--,-0.02,-0.29
8/26/15,--,--,--,-0.03,-0.44
8/25/15,--,--,--,-0.08,-1.11
8/24/15,--,--,--,-0.14,-1.86
8/21/15,--,--,--,-0.08,-1.05
8/20/15,--,--,--,-0.02,-0.28
8/19/15,--,--,--,0.01,0.17
8/18/15,--,--,--,0.05,0.60
8/17/15,--,--,--,-0.01,-0.08
8/14/15,--,--,--,0.02,0.24
8/13/15,--,--,--,-0.02,-0.20
8/12/15,--,--,--,-0.05,-0.53
8/11/15,--,--,--,0.01,0.15
8/10/15,--,--,--,-0.03,-0.36
8/7/15,--,--,--,-0.08,-1.02
8/6/15,--,--,--,-0.03,-0.39
8/5/15,--,--,--,0.00,-0.01
8/4/15,--,--,--,-0.10,-1.27
8/3/15,--,--,--,-0.08,-0.95
7/31/15,--,--,--,-0.04,-0.53
7/30/15,--,--,--,-0.06,-0.80
7/29/15,--,--,--,-0.11,-1.31
7/28/15,--,--,--,0.00,0.06
7/27/15,--,--,--,-0.07,-0.86
7/24/15,--,--,--,-0.05,-0.63
7/23/15,--,--,--,-0.09,-1.08
7/22/15,--,--,--,-0.03,-0.40
7/21/15,--,--,--,-0.05,-0.64
7/20/15,--,--,--,-0.08,-0.93
7/17/15,--,--,--,-0.07,-0.80
7/16/15,--,--,--,-0.05,-0.53
7/15/15,--,--,--,-0.05,-0.61
7/14/15,--,--,--,-0.10,-1.08
7/13/15,--,--,--,-0.01,-0.07
7/10/15,--,--,--,-0.06,-0.64
7/9/15,--,--,--,-0.08,-0.91
7/8/15,--,--,--,-0.11,-1.28
7/7/15,--,--,--,-0.09,-1.06
7/6/15,--,--,--,-0.12,-1.35
7/2/15,--,--,--,-0.07,-0.75
7/1/15,--,--,--,-0.06,-0.64
6/30/15,--,--,--,-0.05,-0.50
6/29/15,--,--,--,-0.08,-0.90
6/26/15,--,--,--,-0.02,-0.25
6/25/15,--,--,--,-0.05,-0.56
6/24/15,--,--,--,-0.05,-0.51
6/23/15,--,--,--,-0.07,-0.73
6/22/15,--,--,--,-0.10,-0.97
6/19/15,--,--,--,0.05,0.55
6/18/15,--,--,--,0.07,0.70
6/17/15,--,--,--,0.14,1.36
6/16/15,--,--,--,0.04,0.44
6/15/15,--,--,--,0.05,0.47
6/12/15,--,--,--,0.01,0.12
6/11/15,--,--,--,0.08,0.71
6/10/15,--,--,--,0.05,0.46
6/9/15,--,--,--,0.04,0.39
6/8/15,--,--,--,0.03,0.25
6/5/15,--,--,--,0.02,0.18
6/4/15,--,--,--,0.02,0.14
6/3/15,--,--,--,0.01,0.08
6/2/15,--,--,--,0.02,0.22
6/1/15,--,--,--,0.03,0.25
5/29/15,--,--,--,0.02,0.17
5/28/15,--,--,--,-0.01,-0.11
5/27/15,--,--,--,0.00,-0.00
5/26/15,--,--,--,-0.11,-1.04
5/22/15,--,--,--,0.04,0.32
5/21/15,--,--,--,0.05,0.46
5/20/15,--,--,--,0.07,0.62
5/19/15,--,--,--,0.08,0.75
5/18/15,--,--,--,0.13,1.09
5/15/15,--,--,--,0.10,0.84
5/14/15,--,--,--,0.11,0.90
5/13/15,--,--,--,0.04,0.36
5/12/15,--,--,--,0.10,0.86
5/11/15,--,--,--,0.09,0.76
5/8/15,--,--,--,0.14,1.25
5/7/15,--,--,--,0.05,0.40
5/6/15,--,--,--,-0.01,-0.08
5/5/15,--,--,--,0.02,0.18
5/4/15,--,--,--,0.06,0.52
5/1/15,--,--,--,0.10,0.91
4/30/15,--,--,--,0.08,0.71
4/29/15,--,--,--,0.08,0.69
4/28/15,--,--,--,0.13,1.05
4/27/15,--,--,--,0.09,0.76
4/24/15,--,--,--,0.01,0.09
4/23/15,--,--,--,0.09,0.76
4/22/15,--,--,--,0.11,0.99
4/21/15,--,--,--,0.02,0.20
4/20/15,--,--,--,0.07,0.67
4/17/15,--,--,--,0.03,0.29
4/16/15,--,--,--,0.08,0.76
4/15/15,--,--,--,0.12,1.18
4/14/15,--,--,--,-0.01,-0.14
4/13/15,--,--,--,0.03,0.33
4/10/15,--,--,--,0.01,0.09
4/9/15,--,--,--,0.05,0.50
4/8/15,--,--,--,0.03,0.27
4/7/15,--,--,--,0.01,0.07
4/6/15,--,--,--,0.04,0.35
4/2/15,--,--,--,0.06,0.63
4/1/15,--,--,--,0.07,0.69
3/31/15,--,--,--,0.04,0.40
3/30/15,--,--,--,0.04,0.40
3/27/15,--,--,--,-0.04,-0.41
3/26/15,--,--,--,-0.04,-0.36
3/25/15,--,--,--,0.06,0.56
3/24/15,--,--,--,0.07,0.64
3/23/15,--,--,--,0.08,0.79
3/20/15,--,--,--,0.11,1.05
3/19/15,--,--,--,0.15,1.42
3/18/15,--,--,--,0.35,3.43
3/17/15,--,--,--,0.06,0.57
3/16/15,--,--,--,-0.09,-0.87
3/13/15,--,--,--,0.00,0.03
3/12/15,--,--,--,-0.03,-0.26
3/11/15,--,--,--,-0.08,-0.75
3/10/15,--,--,--,-0.13,-1.29
3/9/15,--,--,--,-0.03,-0.30
3/6/15,--,--,--,0.00,-0.02
3/5/15,--,--,--,0.01,0.11
3/4/15,--,--,--,-0.01,-0.13
3/3/15,--,--,--,0.03,0.24
3/2/15,--,--,--,0.07,0.65
2/27/15,--,--,--,0.01,0.07
2/26/15,--,--,--,0.01,0.07
2/25/15,--,--,--,0.04,0.36
2/24/15,--,--,--,0.18,1.64
2/23/15,--,--,--,0.04,0.39
2/20/15,--,--,--,0.04,0.34
2/19/15,--,--,--,0.14,1.23
2/18/15,--,--,--,0.10,0.93
2/17/15,--,--,--,0.17,1.50
2/13/15,--,--,--,0.00,0.02
2/12/15,--,--,--,0.04,0.37
2/11/15,--,--,--,0.03,0.32
2/10/15,--,--,--,-0.01,-0.09
2/9/15,--,--,--,-0.04,-0.32
2/6/15,--,--,--,0.06,0.55
2/5/15,--,--,--,-0.03,-0.30
2/4/15,--,--,--,0.00,-0.04
2/3/15,--,--,--,0.08,0.73
2/2/15,--,--,--,-0.09,-0.84
1/30/15,--,--,--,-0.08,-0.79
1/29/15,--,--,--,-0.18,-1.77
1/28/15,--,--,--,-0.10,-0.97
1/27/15,--,--,--,-0.05,-0.51
1/26/15,--,--,--,-0.14,-1.33
1/23/15,--,--,--,-0.09,-0.93
1/22/15,--,--,--,-0.14,-1.31
1/21/15,--,--,--,-0.04,-0.41
1/20/15,--,--,--,-0.13,-1.20
1/16/15,--,--,--,0.02,0.22
1/15/15,--,--,--,-0.12,-1.14
1/14/15,--,--,--,-0.13,-1.24
1/13/15,--,--,--,-0.05,-0.45
1/12/15,--,--,--,0.02,0.21
1/9/15,--,--,--,0.07,0.63
1/8/15,--,--,--,0.04,0.38
1/7/15,--,--,--,0.12,1.13
1/6/15,--,--,--,0.03,0.23
1/5/15,--,--,--,-0.03,-0.28
1/2/15,--,--,--,0.00,-0.04
1/1/15,--,--,--,-0.05,-0.46
